point_id,vthn,vthp,u0n,u0p,rdswn,rdswp,vsatn,vsatp,eta0n,eta0p,ws0,ws1,ws2,ws3
p000000,0.4512648305109604,-0.4371232877505891,0.05447222792451256,0.01964222763349697,95.09358841666251,125.06632680402315,87504.44732201265,75147.44317869641,0.08611902410710817,0.07237550013566066,0.9297506302192986,1.0376459501931772,0.9530319805939191,1.02285909173834
p000001,0.4416960313164332,-0.4532675514368949,0.054724914205196845,0.020404897023237323,97.57610908549518,116.85102835365008,75478.12811154114,77062.76040855735,0.08043524468960005,0.07660798113098786,1.017899435254323,0.9826323696193678,1.0415687192824925,1.0547795127571304
p000002,0.4649176994994061,-0.4586546676624051,0.046727852190048734,0.018425943840254033,104.78000927547589,113.35504216102532,78677.7309537232,74876.70657586752,0.0800843080245501,0.0779702010164763,1.088283844172778,0.9342640679167451,1.0713255540580897,0.9948407842262024
p000003,0.45667128430832954,-0.4725006926942673,0.047759465422216825,0.01891063529661248,108.53063414393735,108.96779365498017,86118.97928599932,76162.81046463808,0.07501443447319939,0.07850220364431539,1.0371247722231445,1.0550425731897928,0.925323047388488,1.086631415025111
p000004,0.4288751727190815,-0.44641858129778245,0.05207672215999144,0.018133164379206663,97.82591893703801,114.04744445207079,81628.12558151649,75439.64776993841,0.07378942315750253,0.08789107190544516,0.9015723134196081,0.9008414964158374,1.0885479940738818,1.064391765089301
p000005,0.4206297622857061,-0.47532511469164346,0.045986391342465655,0.0207865039080629,91.57719414651001,124.15476689493943,73421.27547397523,86011.61677130454,0.08229190662172703,0.07528309275647427,1.0738836304791741,1.0747705751756211,0.9202321542776732,1.0906466519882607
p000006,0.4213878077668802,-0.4232222860558358,0.047359720325786,0.02076627523936582,94.63586226215554,112.08739725960683,85948.72722374792,86077.07228885492,0.08597611965714602,0.08635416417437207,0.9394991845301803,1.018426660805373,1.0827542532567387,0.9215850792099862
p000007,0.46812422049213187,-0.43730854524382734,0.05345248671975372,0.01818899910651512,107.54347614911727,122.48052288265656,75740.43277100986,87484.79697778857,0.0742163560993427,0.0815767729008719,0.9369761175948902,0.9917068958553927,1.0460596227919086,1.0478662646431864
p000008,0.4736271953963182,-0.42787136856370245,0.04908658978028038,0.01880149311864698,100.57080509450454,128.01324363712268,87896.27598694063,86794.7664916199,0.08277948353215947,0.07472720243122993,1.0558060639899538,0.9372164390857958,1.0958492461173266,0.9310480835478807
p000009,0.46113088651321543,-0.45951877739644703,0.04550711730634588,0.020092225027548007,94.30688602336927,120.88687407697961,76243.39035324246,75871.08660228677,0.0777503776715476,0.08160960817962691,0.9585705189689077,0.9000299303574105,0.9264519179212589,1.0399229736609898
p000010,0.4540444433755069,-0.445262487485229,0.04737869162646847,0.018332848775408413,105.74139629776036,121.14472570783518,79112.57177022696,83688.40421402943,0.07548598298302227,0.07706107235056837,1.066898081309466,1.0980220808569094,1.0324536632477501,0.9884622483738883
p000011,0.473232424093703,-0.43391134824729866,0.05301177379434202,0.019130334161729566,105.83447483771815,116.28629336043042,87760.9333557709,72638.98288984381,0.08109695335892841,0.07942133790694351,0.980245390866018,0.9505882583911015,0.9286924783693966,1.0253284893467645
p000012,0.4457378098221248,-0.4359150235857956,0.04608142740860022,0.019018886208324128,100.75969591064674,128.96916030165517,82272.58300827107,84638.78018812819,0.08579987020450926,0.07369176005954109,1.0060757674169805,0.9900938192838972,0.9695756537277154,0.9446384011908873
p000013,0.450369975725075,-0.4340934330331116,0.053082025219420834,0.01965783902866842,102.06972799660751,109.35921718691797,72763.61519249671,85827.9693431095,0.08505962345766829,0.07482114139059123,0.9824837531255064,0.9662477929617043,1.0981016814617566,0.9828364545623294
p000014,0.4258915021019474,-0.4298169005520524,0.04816464121721414,0.019412399622300285,99.43601862218529,123.64500754437195,73588.8345239615,74235.51483267505,0.08636013839782057,0.08647763798098745,1.058290939332227,1.0796556259643169,0.9745674723343435,1.029143593311738
p000015,0.42792153684236295,-0.47714511023425005,0.05421779283834248,0.020563508130432343,98.04342828235269,113.19830233631106,80985.01525667377,79777.18676079558,0.07848714286478277,0.07685709880027705,0.9639936227934456,0.9815771936953717,1.0154306890387488,1.021618732310723
p000016,0.47674935245046757,-0.44581627164719484,0.046233018664728794,0.02019534276942586,109.31106631417734,109.00832995046163,87776.50181039987,86663.1202562771,0.07918856260903656,0.07525001670998177,1.094879537368234,0.9930059052047676,1.055170189845112,0.9216318595768634
p000017,0.4428726900598775,-0.4352500826314506,0.04722505765736591,0.01991241612729655,100.6318544419969,127.30887342008364,83511.47993242816,84911.69316689685,0.07343984876549181,0.08620200022287704,1.080573450728747,1.0541935177168966,1.086358713999735,0.9250482907726134
p000018,0.4660471620793257,-0.47550367160792506,0.0451853740621986,0.02110828799844563,96.20535360271639,125.61571421186781,87952.39423821724,84254.51210770497,0.08454439860212404,0.08585879334913957,1.0964529786623103,1.032720695443232,1.0612142051958302,0.9031419874766454
p000019,0.47137355387929986,-0.45640444557404863,0.04511601375637614,0.018075756325022993,90.18367087446703,129.68397319477307,85893.35473753141,72815.64950966055,0.0872942831879937,0.08098260147105475,1.0747660793456244,0.9187836310892398,1.0123204116125364,0.9405045707942067
p000020,0.4331160412547103,-0.4731550965139812,0.05406135952400422,0.020083384712130663,106.08302853246711,114.21853675167812,75219.776303912,76653.83733111034,0.07232238997036725,0.07623097410241707,1.0514721438728025,0.9271965764708234,1.085869201012754,0.9640192935266069
p000021,0.44021866282092953,-0.4748289716614506,0.04829279838035302,0.020395006090049284,99.82888569436412,125.5678243174227,81903.00999981942,76278.89142484774,0.0857103261982173,0.07382035766743617,0.970022833085403,0.9731366507195931,0.9721439391000226,0.9349773137206645
p000022,0.42152232425274616,-0.475308377919923,0.046448617222289774,0.020965040861766353,90.1380977371935,116.88919706658662,74781.48813522689,81041.32063916532,0.07837945449690986,0.07883243096731127,1.0590704049775483,1.0229222201027284,0.9630805728300106,1.0582823737011522
p000023,0.4361507386688733,-0.42484588756280217,0.04680774675520764,0.018411680687166296,101.75102834374303,119.40069411214294,84953.30498641114,86271.00546716388,0.07772101260318964,0.07531354356521719,0.915558051016991,0.9026861861315812,0.9037769312106184,1.0853196881546683
p000024,0.44811353170729173,-0.45973419983862435,0.05122293487395037,0.021735422988188133,95.56048192368765,119.78772822279343,72294.60710567803,80888.47115746868,0.0860364590828389,0.08435917843129281,1.0810919897082478,1.058282046453378,1.073339567809024,1.0960030475448317
p000025,0.46347000109739844,-0.4716701395876174,0.04949337568998648,0.021479623573732856,96.39518629287589,124.94534427570062,87590.25180758967,79884.80627393867,0.08593098002801967,0.08790746072122187,0.9322164803392181,0.9435244090961192,1.0175544411869304,0.9331205643939949
p000026,0.42635239407932257,-0.4798928156345094,0.04778129102910715,0.019247115849112127,90.5103780402654,115.1871628388667,81279.55742032694,72657.43569594278,0.08795133340845404,0.07229749827984276,1.0324966749193374,1.0674986238501356,0.9773478873553632,1.0374011557634957
p000027,0.4499515231884689,-0.4467085614644437,0.05193117218871355,0.018416867717233245,104.2274247060127,129.89528921418753,82548.10870639706,83306.69652273794,0.0832286670106982,0.07202316668758484,0.9133264330773817,0.9891368185259861,1.0740678271606534,1.0473282034822495
p000028,0.4422583098660669,-0.44421038991070694,0.05092425119371314,0.01834386321618173,104.5362162156559,110.84639744626251,85187.03722882734,80350.56743726465,0.07791155566278005,0.08653911532664267,0.9235336759139409,0.984333940213584,1.0130094396220228,1.0346900055980421
p000029,0.445553458602677,-0.44261648723499125,0.050559644696496195,0.018640458501275634,106.58006660200634,112.32380062661163,74586.58364026304,82128.67346011799,0.08667743240234338,0.07429240238594344,0.973239228659002,1.0651045609752303,0.9387683682805786,1.0787970813581143
p000030,0.42680667809947664,-0.44913844393550084,0.051869826518594786,0.021824661941313654,95.30079015219134,111.8509309257565,75448.48250193149,82195.84758313613,0.08419571168667299,0.08081836273552755,1.08165625135991,1.0707627357752338,0.9364595345952024,0.9852747163816775
p000031,0.44758651059088733,-0.45746761883613146,0.05259775231854275,0.01968939023636361,106.4239850347549,128.42776420494448,83801.56157434333,80863.19314511346,0.07764345048567078,0.08443156680331915,0.9726840577038748,0.973393176432577,0.9914728854170359,0.940186764712167
p000032,0.4304855233811481,-0.44917414658714955,0.049398810383216155,0.019681651852989,95.95587294815272,118.93335608846371,81514.05828122415,79243.27636264516,0.07613556459011606,0.0741031981726919,0.9375374390272936,0.9004593612741104,0.9042648717469185,0.9543092316921853
p000033,0.43547092054522285,-0.4779551408880014,0.047885154379800655,0.020685695757301226,109.46266832613426,113.81377056020602,73870.06881566385,82521.31016410864,0.07382602330968122,0.07299549943799541,0.9594707063065634,1.0457600937107618,1.0026007577091345,1.032502377990089
p000034,0.4750069118989193,-0.45446375218854573,0.05399221304817384,0.019478088205638473,107.64258071721981,130.53796108700152,87424.72151291209,81161.02439038147,0.0836991825756173,0.08317281101639458,1.0901091756691998,0.9094865627199481,0.949665096879304,1.074616294070529
p000035,0.4200285794624787,-0.4794789200993731,0.047720550572638194,0.020666920916797296,105.70654165126143,122.69506171305578,84797.43515781555,76804.6096286565,0.07268191344399257,0.07690468016105115,0.9663738376607459,1.0936261048364564,0.9796340234518593,1.035552357784809
p000036,0.44941504008520444,-0.44624441591507163,0.053684313112904614,0.019873354421621598,109.09200030598491,114.94906565121849,87010.76580440636,86977.92858978306,0.07240625607396502,0.0826824296489198,0.9224366895379082,0.986621504030534,0.9546702118685635,0.9051602720510896
p000037,0.4287053473595443,-0.4562322268853226,0.05078294882217341,0.018865391318337574,106.26867668728664,119.05687682870453,77771.42684118304,85657.00190712832,0.07629660048290787,0.08733853163839504,0.9645199850829705,1.0418039639230114,0.9340547111409825,0.9908172778398227
p000038,0.42458274308321353,-0.47806377439067577,0.05196904469387197,0.019262255708281474,104.18988483679888,113.2889853306604,75854.52508864588,77452.05646017239,0.07290422726138394,0.08083353222161539,1.0100307982564265,1.0794540382318014,0.971917537154236,0.9066968271823738
p000039,0.45717023761875675,-0.4294438873354157,0.050941033190008964,0.021024022536584478,97.84216610760528,109.92650186672385,83909.96106730636,84697.5722082605,0.08770062371563794,0.0852880184446404,1.0412226683457102,1.039301229734695,1.0249780124903607,0.9174582677111274
p000040,0.46778139479323116,-0.43598382154775595,0.05314001194164334,0.018548038888764756,109.37466476243233,118.07077845905815,84324.62487980847,81495.17821325522,0.0789066895911968,0.07287722697348756,1.0793979829922353,0.9399813134488183,1.0731697143228258,0.919567417545129
p000041,0.47100534002471717,-0.46200227947617656,0.045158988858499095,0.020030983874784438,101.81989911574331,129.5753952870313,79609.33331770432,73391.50299718395,0.07741901876132476,0.08732490099073795,1.041070809991013,1.024504158405752,1.078959329632399,0.9166186203286691
p000042,0.42561960453719627,-0.450649913792633,0.05020104987977739,0.01810205584092929,97.60097784674005,110.75021786510801,81678.73476220625,75393.86631981567,0.07816152072002133,0.07241509720493469,1.0221607141475535,1.00001683979112,0.9072837156901439,0.9797329312456019
p000043,0.44532747810209117,-0.4275917287796807,0.048031772286232226,0.021366349436951385,105.045692679538,113.78949375346234,76446.79422821463,72875.85823138356,0.07714594483880843,0.0771297325541767,1.0498357623538193,0.9324851398174623,1.0892795182562733,1.0834808574238894
p000044,0.43058979548298804,-0.4560495368627595,0.04951329025317758,0.019086037056737774,102.196818793909,114.30593553731023,79430.23454516832,81123.00778451613,0.07494999326299824,0.07285004600139741,0.927530091679495,0.9379083951687741,1.0944061887196246,1.067865861867864
p000045,0.45347449468731343,-0.44405365209971914,0.04632589746954264,0.020511657400195914,97.38595730332008,123.03546335859474,73998.761404523,83341.73277011196,0.07350518668546102,0.08303050087579696,1.0329253595250902,0.936828899019409,1.0245484709204107,0.9558400099576939
p000046,0.4563734013712033,-0.4583605725402485,0.04961665660779841,0.018586295227923644,106.38235400516439,108.72621259851023,86820.96301053921,81570.36627290645,0.08791579001898348,0.07352465509952794,0.9352240343359645,0.9857357150098383,0.9437754854445414,1.040180872670591
p000047,0.45560585135731285,-0.4554228858542377,0.04640519400511425,0.020220628619400414,92.40073838378015,118.59436788796789,84145.21276175963,77820.42142659753,0.08199630233949261,0.07825543173558556,1.0643246055459181,0.9473289520026066,1.075286358337341,0.9593144257625411
p000048,0.4517027298299045,-0.4246893403466998,0.04613100620876056,0.01926702226937799,94.32681263492292,109.68279094963547,78009.58616066255,83487.85770890518,0.0863693204852012,0.07570564464000497,1.0997282464855502,0.9355958681410307,0.9781172924148598,1.077939244451217
p000049,0.42999917579907726,-0.46871542292817364,0.04603542852772538,0.019543602024094827,93.76199976233893,113.86304929849372,75985.88905562097,82422.71145630193,0.08397955609381544,0.07905784807829824,1.0447677001657778,0.956953847952449,0.9023126162006552,1.0928830344806484
p000050,0.46363813507284807,-0.4732681575155035,0.05305577148475085,0.02146782308507094,93.0371103111909,119.24363684970596,82996.77209851381,73319.43049877073,0.07649458658327747,0.07459709099589842,1.0829653158641086,1.019090520420338,1.0689450563873257,0.9888306141229075
p000051,0.42568472605604846,-0.47604283219673516,0.052008337307326326,0.021082834866528385,98.7510066959365,118.22446386115855,82396.75808111287,74825.57638459306,0.08550357887977594,0.07662854615129473,1.0516543753209358,1.0387647733078869,0.9018463237820374,1.0883083421514372
p000052,0.47427497348472,-0.4357305608610519,0.04566273941524064,0.01867886167827965,96.01712214751073,108.30753907866864,78268.24681822554,86885.78153500691,0.08632674364441553,0.08749646777773136,1.0836304974719386,1.0045718157807526,1.0387334672034698,1.0715197072101093
p000053,0.4387197610030163,-0.45578819815331034,0.052681042849300135,0.02177247723027633,108.23624582480348,117.1018677861832,86942.93030815937,78559.36492780097,0.08499658946165078,0.07292789984454186,1.0865307945159748,1.026376990598862,0.9213358524868217,0.9074418479246413
p000054,0.42096600903295744,-0.435365118366475,0.052402246673039124,0.0182627515036621,96.96190139099346,108.86211837156694,86255.63277901465,79732.41089913534,0.08495042321166194,0.08579808180406312,0.991110599507814,1.07589872069923,0.9484314965144707,0.9790805556245222
p000055,0.46083074780405536,-0.47560107968651016,0.05003538221183406,0.01980763668972073,102.8492334112821,117.8515380838255,85784.48278545107,76696.6676408232,0.08782094860950171,0.08077588604789158,1.0357697897181193,1.0571671936330866,0.9899450590648414,0.9940300262467267
p000056,0.4211212723228104,-0.43566367414251117,0.04945924970006702,0.01936357701329082,98.14437688906027,127.35043396187717,87301.50521962915,82644.2951588911,0.07985276774544031,0.07247435036589193,0.9437150537351894,1.0682225989983025,1.0389993853120634,0.9391652832396441
p000057,0.44739103112232775,-0.43186220889832194,0.0452016305185395,0.01869645666780934,97.67857991581542,129.12780292306894,84756.48649142089,74518.68962625957,0.08434490706991177,0.0827936003831462,1.044846807148494,0.9850642488704445,1.0699998586606645,1.0702737002728449
p000058,0.4776502692316678,-0.42456960285029766,0.05262659741302324,0.01852547535373763,108.96186528316366,130.6206647354559,76455.7143543695,76150.37041905896,0.07844147098216323,0.08307132028226326,1.0055197450770357,0.9146036077009421,0.9455784795019608,1.0227008825750035
p000059,0.4278293619514876,-0.4538139956693484,0.05455366262806617,0.0216074291903286,108.64168365060777,126.92551078881017,80840.82886317922,86160.59822254704,0.08037523372079654,0.07965454430397188,1.0186891447741795,0.969127517368612,1.0471431201783497,0.9465336716459003
p000060,0.43573262824976366,-0.4517992194887127,0.053600206917510454,0.02026421699915896,90.52341294103033,109.63954297405903,76929.67494207014,72512.92832101566,0.08225732594031063,0.08190929106964927,0.9316766023645703,0.9347037480505617,0.9968555720178909,1.0452173688047444
p000061,0.4520932264214146,-0.4451393785916933,0.04699813655924807,0.021037883516887384,97.91241202945781,115.31661154535001,73965.31796910368,83906.16243347467,0.073397723594617,0.0756102516408213,1.0271805168301902,1.0624473132254042,1.0523940333126918,1.0664038641415723
p000062,0.44409395126468215,-0.4664606968343372,0.05496258668698703,0.020609485131663656,96.50545007451973,115.90932120173755,73673.6396709368,74796.7007697435,0.08606429992349762,0.082229378293768,1.088730288447051,0.9515462446138276,1.0581167245109602,0.9820168172980769
p000063,0.4761697314967443,-0.45854432700188164,0.04935849360045549,0.02035077798805532,90.76469293567281,120.21220017963051,79722.82285601115,77602.7065661059,0.0785849528308424,0.07512171684423571,1.0730551381257183,1.0623891070626066,0.9029179229773808,1.0635534658666608
p000064,0.4496115339879069,-0.4422741053711663,0.05026600914017766,0.01993158763894293,99.13787698717528,110.21321538118829,79075.32263869008,74978.15858703226,0.08265729966985307,0.08782342167445453,1.0423658939368023,1.0527322856028716,0.9652297328751446,1.007989660900778
p000065,0.433952770929438,-0.45733786348499045,0.052911913547899696,0.020700422237308707,90.28287531848557,125.03497971562393,77378.70580694794,80244.75412311273,0.08202335918669257,0.0723355980085629,0.9424448583372239,0.9847365224869528,0.9459420022275937,1.0829606321253322
p000066,0.4641025561423654,-0.4522096192653914,0.0544221838464332,0.01850836252994014,90.63489556417747,123.69858767834533,76491.21136119415,76359.26811517589,0.07326028364865572,0.07698419070904362,1.0697159170365709,1.0804950078952662,1.058791648655638,0.9493817468492195
p000067,0.44489245777482983,-0.440631991680112,0.05215546223013738,0.018043984158917708,91.40691718681202,109.98573289664594,83121.28277321451,84385.15563443613,0.08562772126745216,0.07396575990532897,0.9779599497038195,1.049772823966969,1.019982460451069,0.9272699028721973
p000068,0.4788069076077083,-0.4654003575788324,0.047506428865727264,0.01930815058791758,94.00494590124167,123.14965085833038,87204.13304507139,82794.31947534594,0.08476054466931644,0.0764734761745233,0.9900652767273026,0.9561587343787014,1.087707254205775,0.9519083178992288
p000069,0.46505496112405986,-0.4311948997286542,0.052117747525481574,0.01906756870715166,90.03836964035358,117.98795831772436,82180.89395284465,73726.3163735898,0.08585809825464437,0.07480563416455957,1.077385102523044,1.0977484368818362,1.043273221734355,1.022322184757089
p000070,0.44616488096316115,-0.4277426039605354,0.04504171450601356,0.01896824701459521,92.82408896037461,115.11584622512586,77116.78100720112,81721.44580105462,0.08659982155792925,0.0841410945230698,0.9412659756829262,1.0768453942711715,1.0910943332111376,1.0821734510491525
p000071,0.44391902727497007,-0.4619494696429422,0.05037344502882947,0.01838789851602577,107.39585829516369,118.51557799705493,74236.19735520528,83237.61510081847,0.0801041320311862,0.07773224601178194,1.0704349616166973,1.0382085739007616,0.9478694464314296,0.9077399051360642
p000072,0.45604362312797003,-0.46424414641378803,0.05102258974871915,0.018888122711678293,90.9305637731676,123.99958722141969,73608.22464718946,76918.58678970223,0.07594477000970576,0.08617003805561556,0.9821897264392688,0.9554020473173174,0.9593886172236752,0.9994839272685371
p000073,0.4686385827202004,-0.44244366002862096,0.053872695483888663,0.0196487863746579,105.5906170353698,130.05877542077937,82355.30123706358,87558.30834253183,0.08361660127527062,0.08424056651785788,0.9384375898225579,0.9366998794225092,1.0299893353687737,1.0152480009186822
p000074,0.47759019487477683,-0.4713747383392433,0.04797203216301399,0.02093536939254495,92.32358908617249,118.3801218583218,83955.06384230916,83102.68675934582,0.08734248673736213,0.08321842645928243,0.955175280632455,0.9303094172511024,1.0933613344725897,0.9378234185383819
p000075,0.4545721783557515,-0.46157039028015573,0.04832230145409675,0.01900086614661986,101.05743703578439,127.7579441646548,76863.33460178603,77869.87658876259,0.08453692129954747,0.07493732849314604,1.0355046254190867,1.0667522116249128,0.9702954266120903,1.066196895187919
p000076,0.4604244998309636,-0.4676200976853377,0.04575186574316671,0.018998144629446295,109.07826877506474,120.1050284406747,86334.03794684794,77398.76023489572,0.08303716807267564,0.08743766518345737,1.0834069570349247,1.0778998058335127,1.0974192609997555,1.0437565550964205
p000077,0.45391379626695566,-0.4471795560771388,0.05109254203267763,0.021968269237159777,95.53512923355704,119.71111725041574,74662.5237952644,85208.76223192069,0.08296229793444863,0.08764507581063262,1.0349171812591211,0.994355883802581,1.0995769926159937,0.9685527370919434
p000078,0.4698192971513732,-0.4589773338201244,0.04661057178640815,0.020387324242097563,92.44946721352548,129.88542373198854,72014.49177121202,84660.22981396072,0.08050567870533125,0.07543791483274602,0.9388322964419733,1.016401241329026,0.9205108243320472,1.0675681662398815
p000079,0.4500123052969506,-0.47735559406834327,0.04865339156684346,0.018826000766893954,93.4184620476306,124.90729142406553,82046.89918243364,83286.72966313362,0.08545745911111494,0.08054719165266318,1.0672999870699982,0.9150763806684017,0.9839292218367031,0.9383274542572821
p000080,0.43179513437021816,-0.4281039472767714,0.04922603275445218,0.021958698056729897,99.38068915292129,128.862953465504,84654.72020880385,74761.05277642673,0.0782068539448128,0.07687762205001158,0.9202215817369159,1.0308474057613048,1.0547451579825817,1.0171749162845631
p000081,0.46308860847526084,-0.45499841460245605,0.0485914250311583,0.018499839877220255,97.5341007951219,128.54116560216843,84371.74902144517,72157.28213547658,0.07705867194922719,0.08094144400145771,1.0064424710408002,1.01519493480995,0.9078118149936435,1.016285869475439
p000082,0.44008383386959826,-0.4257612949290403,0.050532303052410854,0.020694320980173698,100.05513554830392,113.55083817063317,84420.5569164092,85665.55237611344,0.08393202503215608,0.07652504509689212,0.9722083746633658,1.082965681136273,1.0169970733050255,1.0750735091549364
p000083,0.44678503161298394,-0.4403362055171271,0.05463042513401231,0.018065324846080533,92.06680988565456,121.96830580555593,78627.09896967642,77571.08627755751,0.08410560114334267,0.07576858295106827,1.0117501094821837,0.9073887095413248,1.0109910532307866,0.9615735985284745
p000084,0.42519664108699845,-0.43285923115064034,0.054779538323085276,0.02166388297681341,100.12382131784211,118.16981395363752,84095.93752301844,79185.70402457018,0.08059668173762803,0.07298127461576953,1.027812168174127,0.9806654474015093,1.036012663003714,0.943462057887851
p000085,0.4228237345053197,-0.44612781359275877,0.04739905288312503,0.02115699183358581,96.54044006712287,111.21813153510615,72051.97108454003,85622.49193436372,0.07806880436027291,0.0847880631752864,0.9084897874054954,1.011759236571266,1.0592995431187053,0.9917135769227838
p000086,0.43212135412214775,-0.46523287113551365,0.054376461118064906,0.019901584249713004,94.40288293293597,130.1817237266697,77054.89302580306,87352.63026173413,0.0786848616450099,0.07951541185874472,0.9579526265148355,1.0426549329465666,1.0607108758484367,1.0705245437206834
p000087,0.4370501327493449,-0.4264952015063699,0.05084439878390499,0.02001980948025629,104.89575946049285,119.16901191404726,84168.31850638572,86868.26565207515,0.0765282696046938,0.08632645369832356,1.061954111784874,0.9722686011210301,0.912641817732069,0.9824062507047326
p000088,0.46256029511972735,-0.43626069042629145,0.05391684850913308,0.019341396233433568,102.12645903817533,129.00016328648027,79910.57345616902,86706.08612383311,0.07218987963305196,0.07802477515840912,0.9713919843255363,1.0546456490608054,1.0181126309506208,0.9302808252118823
p000089,0.47466835364697946,-0.4513865348560625,0.05184292220066136,0.021925728473034055,101.59346773799876,110.26020363135976,83550.60266757337,78027.17643830793,0.08312967595667205,0.08350607438265241,1.0735663854564164,1.0338380950095996,1.0600893913388412,1.0129427212440112
p000090,0.42696290315731833,-0.45509655688930717,0.047674627400721974,0.020171746970856413,99.51753538458287,122.39812629184232,73719.37667275299,77888.211599776,0.08389548849812885,0.07478285001414157,1.0162295602646405,0.9861015735535699,1.037550175185452,0.9560921217883717
p000091,0.4657831791489219,-0.4677470650685716,0.050984866873692455,0.021281436908375397,94.92300597873515,112.0009384992588,79338.34507555542,81634.78097644541,0.08245815437457271,0.07638138134057786,0.9082540639159357,1.0040940487314156,0.9234572740455051,0.9808948615416465
p000092,0.46244366391349684,-0.44826530004278475,0.04556119123525851,0.020905617758436475,90.08697962096342,123.45184585182801,79900.25173899479,84121.23967001397,0.08054459626547048,0.083347296019077,1.0204030933288246,0.9984673411779094,0.9156525838759957,1.073083536837986
p000093,0.4304125999380078,-0.47023814890738297,0.04583140238650202,0.0218457278091264,107.25848600919167,123.407705352817,86463.45232956843,80619.05841735053,0.08461276259690181,0.08772937973455369,1.025900443928922,1.0838533512363282,0.9738249235486091,1.0695267210151733
p000094,0.4417876265622454,-0.4777130360469345,0.051188634817306074,0.018948043835920723,95.37705802409536,113.40713384790244,85127.47284468765,79922.43070266202,0.07230455966389693,0.08786731136547626,0.9182192517706715,1.0518915080634685,1.0795403586943628,1.0124716132372162
p000095,0.44189636612821087,-0.4737146295338291,0.047559356742999194,0.019451059814094382,90.59753334117808,125.91331475541064,81442.0843847078,83795.63594318288,0.07673165912797096,0.0833038768346942,1.0442030315828528,1.0867093399299543,1.0526711634350667,0.9929131362083632
p000096,0.45744544754431365,-0.4653144718871015,0.0523478230265353,0.019072817531461447,95.22050716535898,119.94227278800126,73344.22984276978,87540.59554561344,0.08278650331096266,0.07388537917245275,1.0175427468870069,0.9742911167549483,1.0962600787860035,0.9080578099009433
p000097,0.44634089982700315,-0.46181146572371085,0.04617253204059066,0.021174965763096517,108.19110924264199,120.3016122108038,80424.07941960974,81846.82793723537,0.0757352844846705,0.07340685605315174,0.9229820441239855,0.9595557984637106,1.04807433079473,0.9793127820390702
p000098,0.4591503246439338,-0.43888888034856527,0.04770826997285648,0.020278514456032886,101.18275969284,131.40968877106283,85256.90161030396,73160.05788795605,0.08025789910787234,0.08000591159016239,1.0321119227046107,1.0604955590479483,0.950182894699661,0.9298536733216352
p000099,0.4465894998815192,-0.4552850186695613,0.05363880179975228,0.019316156920155383,105.33564772378222,126.17819599411472,79177.7496460826,72896.1557619928,0.08790223192070164,0.07398715540904205,0.9019502105488015,1.0506398296008628,1.0259575807962253,1.0602229693190615
p000100,0.44845545611310117,-0.46470887518068904,0.04958286246924164,0.018938236376359236,103.24961368710113,113.031573681624,78837.71972097606,76441.90456325398,0.0824871761615716,0.07834863791211452,1.0667822770768227,0.9766826355169004,0.9334577367621282,1.049009633820228
p000101,0.47345612361848716,-0.4546530992398309,0.048146092174381705,0.018241564283038685,108.01391136298781,120.3480465429336,73247.12051388917,82883.2672536068,0.0809590798913421,0.0876969562720698,0.9124752178637532,0.997370014344336,1.0467165386547643,0.9268400047804296
p000102,0.47705251347659644,-0.4605588415199696,0.052841160665192594,0.02084252513151469,102.54397808797756,118.96523030368515,80176.82521585899,87111.53752314538,0.0834261070297562,0.08678157235427512,0.9066268315448311,0.959714786599546,1.0722390556672052,0.9803789672736309
p000103,0.434479567840178,-0.43753972883275577,0.04977256823572111,0.019446894090789438,94.91064182438846,111.43439973607344,80726.07539218622,76298.22084339587,0.08360847944382326,0.08434773885939212,0.9922248131372897,0.9442303908793057,1.0377017889136337,1.0442327874883315
p000104,0.4381956680582131,-0.4632229682325808,0.04811868975044086,0.02165419475144515,93.81312778154278,125.22216065995606,81220.75981373589,79603.61582158878,0.08457816091408621,0.07961639234283599,1.0037950369568824,0.948508413578218,0.9225106941066736,1.0239110842340284
p000105,0.44465927394034166,-0.46730194204476616,0.046746879118416906,0.020954147583286065,93.9733952138446,119.51019537699638,80758.76940481938,76786.3539962414,0.08725666030921497,0.08245519784469194,0.9560285881975605,0.9706799705501075,1.0647890840257035,1.039083495611548
p000106,0.4352209324705952,-0.45940767223119433,0.05373348823489092,0.02139627044375516,93.27210712112256,111.04471391273383,80344.66358727164,86227.19517622651,0.07738923578922241,0.07255647978985841,1.0233187756879323,0.9739659085900022,0.9081078651272453,1.0557220616727645
p000107,0.42670622396752234,-0.4792617349413815,0.049219135941216734,0.018988485082164552,107.8400978237425,130.3102158870278,87919.68567068594,86961.3518804643,0.0751291168630294,0.0744718465892794,0.9884456558466451,1.066975109573797,0.9902144255102602,0.9902236828103272
p000108,0.4721271835274194,-0.4308709487920323,0.05485908889537195,0.02172604637161564,93.32204353731143,120.55393069379815,87583.14235271336,86635.25477138165,0.07215238815633289,0.07862412863662421,1.0797002271809462,0.9524151415437054,0.9219091438520216,0.9776711018581608
p000109,0.450217861510435,-0.46711549267676744,0.04700334097346301,0.018400048553146104,94.08345750876347,120.4477450598802,81372.33039045049,83363.93901014066,0.07737376743799673,0.08384887796946348,1.0224471864606364,1.0063680876421803,1.0069350857855557,0.9586732499842262
p000110,0.4716086170064189,-0.4744678514205127,0.054085823798556545,0.019708050719353935,91.26595226119048,115.26439496446417,73752.58533375201,82967.36798611715,0.07256312303815193,0.08746157386372505,1.095433304252803,0.9748595725479992,1.012799377855085,0.9804572493314578
p000111,0.472509771575157,-0.45469281717342236,0.049469310257575005,0.021528521271557605,104.63435085629003,110.5772470295601,84991.87553649068,83035.98886162436,0.07842933029648994,0.07758956062381844,0.9783580043668079,0.9665108021652744,0.9619269304269369,1.089616987048057
p000112,0.4285538388903857,-0.4629318783168551,0.0460650557163617,0.018274419413374373,106.30087274434158,125.89779435957247,85020.61899097488,74420.04158521343,0.08406472945251366,0.08604707524921275,1.0305743516277963,0.9575905593753534,0.9166189323322884,0.9021170717484421
p000113,0.4431667443807323,-0.45568475042685264,0.046928153550185765,0.019221694518006413,96.70140220225095,108.46220183832077,83217.73759840136,79042.40800351447,0.0875377512290841,0.0817016801901184,1.050587747661355,0.9447932478016533,1.0578773105003614,0.9025765268157665
p000114,0.4345824500304323,-0.47115846526759303,0.046277760176813995,0.02010131266193091,103.12374665764584,123.07782060157278,83316.20854048153,80576.61412784694,0.08520577344821637,0.07363651424239971,0.9359327512136211,1.0532923751295626,1.0802170423170485,0.9088115725914558
p000115,0.4409303677203064,-0.43992665408038356,0.046526172179833736,0.019042243741465258,100.48993034315401,118.81296956853765,77844.13324469967,86037.63475663634,0.08713636465844778,0.07463233892194125,1.041682209003328,1.0204211706390092,0.938984676535239,1.0890506895076237
p000116,0.47690868800957315,-0.47599834511814626,0.04500884019225268,0.018567099679110608,99.60711329734255,111.8376909270605,77338.22644768022,85008.92524252078,0.07252726761721198,0.08394867928298001,1.0841255777565222,0.9265243194920163,1.0855349691039473,1.0857125375761345
p000117,0.42655707284005634,-0.42156071422848196,0.052998844282327096,0.02051625916406031,96.66173497799747,122.16200308775191,76918.25075231402,84055.95669605468,0.08120834817687786,0.08671595913527579,1.0290577651430688,1.012122135166147,0.970525722759491,0.9358425417057574
p000118,0.4569942003478093,-0.4778028526888653,0.04507316332323163,0.018791342124751264,92.60479175967816,124.87465003178852,87087.66700130249,86423.82602780599,0.07313201875526838,0.07908759118561848,1.0576290624150793,0.991159759323038,1.0075518441155253,1.0430996602681875
p000119,0.4727980118682183,-0.443025731059815,0.05126872672502576,0.018235272588688685,92.96983613104777,121.9245675918551,74993.18038111785,86296.09611843902,0.08647712769558286,0.08661774813068773,1.0457474929114576,0.9578517510690199,1.0317481808548754,1.079797991017175
p000120,0.42614549693500703,-0.42884303794489614,0.05306102039701184,0.018638318069528353,91.49805115257703,117.71028045102689,86094.67791258925,83744.48273721724,0.08081888666026942,0.07670441900906343,0.9466649589644623,0.9779829655955726,0.9600997791588999,0.9715886482289658
p000121,0.4437362702894985,-0.4735745297568938,0.04875705024063222,0.020300896129208556,102.9498047119373,129.4873422317372,82666.09662565865,78465.11278272189,0.07731139183637996,0.0865130297021938,0.9919329915511031,1.0512691196768964,0.996470263242997,0.9529835555721873
p000122,0.45134067305044023,-0.474019410137201,0.05319456958987878,0.020651009682781902,102.26199158188278,113.68712549764794,84393.0613412134,78383.52075605757,0.0813150830177467,0.07348691808337932,0.9540177539531898,0.9677289809629692,0.9675695481277277,1.010748126432914
p000123,0.44200139699150137,-0.4692185349606821,0.050687103875723366,0.021121606004961838,94.18340917033875,124.19841917188842,79493.97310583644,73936.19617951689,0.08680210027335014,0.08441284722970376,0.9397931167282682,0.9172383020890821,0.9513591280142223,1.0046771269619423
p000124,0.436931140593481,-0.47331771703420233,0.0466200757444045,0.021779759074508596,95.67169451020703,121.727024643847,84223.51679198502,80799.45359301538,0.07676656693817357,0.07547192009164355,1.0962417303496013,0.9620829345203943,1.0619785025518385,1.0339619243328124
p000125,0.42778725420661046,-0.4741752130964575,0.054510211155707616,0.019416948774166384,103.7865974962138,122.02402939495828,79629.55980241117,78321.85178273523,0.07909763993876955,0.07295377912584157,1.063263271685968,0.9160972383195791,0.9762861376207298,0.9703244571531353
p000126,0.4537126845125483,-0.4249686155431734,0.0471580069587475,0.020456366242641914,105.10777482857584,126.52021631490248,74359.44734425413,76895.34549382786,0.08654940063725146,0.07258747109359616,0.9994751263339041,1.0949300958419086,1.014532333234548,1.0506961246705393
p000127,0.44240276525935096,-0.4650748027398372,0.053399063012708345,0.018122392902451424,92.39817460904227,130.6922432621201,87481.94816614671,79528.3598504129,0.0769564281618016,0.08582780405066276,1.088854729122769,1.088765017470339,1.0286169575054336,1.0198969659822446
p000128,0.424895934647973,-0.46955981763804955,0.05292058183440363,0.01955995509744546,96.0953951135171,121.00940521692196,73337.77099244425,81977.1749689014,0.08187139493163205,0.08448588590249101,1.0393157285217847,1.017073370797755,0.9510871564607802,1.0515335119725489
p000129,0.47307829346559793,-0.43683726974984105,0.04892925450293931,0.018308380025240285,103.48540914434022,110.80210246686252,73471.39876574892,85271.53201663391,0.07609076248623539,0.07733705465147726,0.9022710409562373,0.9714413082798526,1.0649895084312553,1.0567554379045208
p000130,0.45429694246077473,-0.46105645661669115,0.053296226086674704,0.020135097243124272,100.38714321331221,124.42215751364955,77308.7084841257,74096.30048962454,0.08418878369072172,0.0876553207391733,1.0166302368411129,1.0715647287141827,1.0473797041031885,0.9656592250197166
p000131,0.46944339739965696,-0.4348720234140672,0.05174219667758346,0.01822597508611856,104.97574536354502,122.57208802263827,73893.91831305592,79210.56881138522,0.08319798453790492,0.07900351809919239,0.9283341542869565,1.0196098378187242,0.9671558335523788,0.9838542304347928
p000132,0.4697614517552931,-0.4420474306467997,0.048979333222022484,0.019355825596137775,95.49907412500463,122.80761654590685,86580.2114463925,72488.6917058376,0.07335713432085497,0.08382506385380958,1.0425327181970852,1.0493387860443892,1.0273055197872516,1.097330491778453
p000133,0.44823613500833703,-0.45812035272522644,0.04570802489941767,0.01895746545131878,90.4612670131949,111.47103268877856,78111.38680315744,78741.21767998952,0.07499921237977097,0.07694016541573222,0.9490803364397754,0.992097932184125,0.9753361357231314,1.0122854552393783
p000134,0.4767866301576718,-0.43899588848931337,0.051721836726895495,0.020258402684936193,90.70058616790999,109.4754091393514,75526.1739443743,76028.00627634436,0.0796682143686974,0.07600146147429003,0.9863471421611798,1.0399391821357782,1.0370366388213619,1.0035769263418772
p000135,0.4639709736967715,-0.4797737693009327,0.04668699721466589,0.019496371485130896,96.59847116636696,115.79923627362744,74260.890979956,73858.94889109983,0.08107962831162463,0.08525809290408114,0.9270083685892615,0.9935860697009848,0.9506756007747689,1.0449753555194754
p000136,0.4523777398902317,-0.46083995558386937,0.05459569065041641,0.01962653048845668,108.49164238273525,116.56430828091128,86357.44818955356,80180.28007473511,0.08565186922511668,0.08608714827995298,1.0473448036498132,1.0179076477571911,0.9363710190936398,0.9699181641348843
p000137,0.45513719348554726,-0.4227906261097251,0.05242501434683168,0.018223373455137235,93.54228842567267,127.92931514004974,84036.31145353714,74656.74843418678,0.074654595759875,0.08102737249981297,1.0638044565281788,0.9855572836076831,0.9932210746965809,0.9263033173532843
p000138,0.4243592480073729,-0.4591956361150299,0.05080803959982696,0.018691454419633803,93.44301509017026,129.2547487278877,83616.1171359797,78348.61898149838,0.08286791278364848,0.08695115584157039,1.0659771752192544,0.9109130371804102,1.0194514508639598,1.004152144977716
p000139,0.4715898232054958,-0.44656355389257973,0.054018176802996566,0.018620236906683435,101.68905373551078,115.7099850293033,74593.44785550817,80114.55066141413,0.08034331141761811,0.08132524223588779,1.0106406409469681,1.0096760013104609,0.9113874354612224,1.0384157019921973
p000140,0.4483851927361648,-0.43788768273877104,0.04806976040746899,0.01896786598336028,91.18644669358874,116.73732278905449,79656.74503368433,82580.50666755135,0.0814864543338461,0.0750576556153477,0.9817074860154207,1.047844802024503,0.9402554931705498,0.9729265746938079
p000141,0.44668328859530165,-0.4765100109385861,0.05313374126410175,0.021453023016212366,106.00751484132994,108.05057150015158,86536.38271365497,87100.99564635061,0.08379752902320757,0.07224727568425915,1.070196662163575,0.9248842374585106,1.05589873702588,1.0610659055987275
p000142,0.47929854594159643,-0.4395544978618913,0.045082330787871876,0.019976933580454062,103.43017350312758,115.54534594839996,80775.43101737618,87172.41175843122,0.07369634331291376,0.07498865284417895,1.0407660643554604,1.0710029353097323,0.9055693774509693,1.0208800688710613
p000143,0.47579217903361004,-0.44598782138573967,0.0510511515557524,0.02016019738460356,96.46629371927821,124.30504742354137,85794.26915160971,85721.55088343346,0.08117351201169934,0.0775606567021191,1.0644948386398188,0.9469509650500948,0.9868748855431203,1.030074957330102
p000144,0.45329343289203355,-0.43112005960457955,0.04710204648818715,0.02005359943374102,96.32639762877515,111.1112368272637,80888.82809111575,74728.84965218,0.07392909712643222,0.0731520961754308,0.902912477459961,0.9363327393593881,0.999459292417862,0.9650729880300881
p000145,0.4350855629030284,-0.46600511296804265,0.050152918730477766,0.021919764130151415,105.29790706026331,118.74938215733157,77356.0705501761,85858.91855475922,0.07267008974971872,0.07887268979990265,1.0470408334789014,0.9466182462030245,1.0780872411558744,1.0421493959858652
p000146,0.4226512218866744,-0.43496729683312285,0.046956004830384895,0.019155340110545285,102.81501325583311,122.29144220568736,85534.76240832543,78714.36389095183,0.08559861228739854,0.07990730087742211,0.9519991911342168,1.0129342620338402,0.9421862686715936,0.9179452579676483
p000147,0.42545323701159254,-0.4507702113626164,0.054951738463788896,0.02171859127583827,95.81760942911201,117.82327893515104,79203.50960789259,74188.72708424702,0.08403187230131264,0.08756021697870217,1.038481607650341,1.020938394068156,0.9471589774883381,1.0684781428314942
p000148,0.44309106147975247,-0.42967501238157063,0.04619342301634988,0.020233660816083465,104.48270719521315,112.16281794017064,83241.7937425701,84517.34690098625,0.08711635517381454,0.0877449901386719,1.04783421537468,0.9415069639849276,0.941742103197697,0.9857358036292853
p000149,0.478669169804951,-0.45801852788351693,0.04801415759063259,0.018916615425889405,92.28868580123878,126.29466609624566,81950.9196116375,72969.32460186174,0.0813572473802929,0.08106307806054608,0.9970872028071587,0.9747077991840495,0.9696798843299581,1.0725216093477554
p000150,0.4569552239418271,-0.4606255826853364,0.047079948157201276,0.018032720049011856,101.95762531358979,122.59924546601724,79541.65998643443,87627.73276218379,0.07804797334163995,0.07793391160721966,1.0653279554504829,1.0202679226714386,0.9192144409562293,0.9199914175335597
p000151,0.4620671782064124,-0.4787864826462963,0.049379006607444625,0.019968279219980616,95.63582976170896,126.2110072907897,76793.1303754376,74285.12156308131,0.07542389519692166,0.07413599402063986,0.9457905556630024,0.9334483919159223,1.0930132774627768,1.0277914070227603
p000152,0.44059438622733327,-0.42125034068224837,0.049284075221826706,0.020034252491347174,94.51901846983748,111.92017798945557,81796.29515513944,73544.63097026551,0.07356267100740234,0.08506300939069661,0.9119231019236015,1.0963141567574572,0.9641266064858804,1.0762528172831975
p000153,0.4433171716593509,-0.4494291015162493,0.0546624827266991,0.020142181167747825,105.13662637628646,125.73377836373075,82577.8474021711,83177.93624817372,0.08180072106270929,0.08376628098242675,1.0340875710347077,1.0893253469495594,0.9303954679792829,0.9965021499850946
p000154,0.46134046245537563,-0.44122652559905284,0.04595535876514109,0.02189563679123398,95.85891482193917,110.34443315504016,76549.2527579884,84768.4639711688,0.08673428475240144,0.07538212105356486,1.086804424655884,1.0464936249837444,1.0919433453724123,0.9475565661080769
p000155,0.4471482198670578,-0.430225226519791,0.05370319656046857,0.01879325023168083,96.28126491528154,114.07725835470798,83010.48662756663,72316.67179846845,0.07660356300000867,0.07345578192799224,1.0151703639015515,0.9584740543219042,1.0588306563348313,1.0885342798984239
p000156,0.4281543148591762,-0.4611861162822704,0.04826882108990866,0.01952092854848059,104.06640271776095,130.57147342303176,73132.47382436143,87505.36855156816,0.08524646776798282,0.08063692331865496,0.9049669406185398,1.0274030688437326,1.0346861380893921,1.086212257020309
p000157,0.42741786818329597,-0.476963557831264,0.05460840019948039,0.019009101400241316,93.07590670578563,124.78354830913763,72251.01233281064,81668.92614660955,0.08628064122366841,0.07341394254445478,0.9276373239233708,0.931783752856367,1.0805873448852394,0.9645713107800652
p000158,0.4637876712127403,-0.4576091394002974,0.053422613043854546,0.02193833053423088,98.34830487644052,110.44591208360816,80653.51541232376,79479.02969435335,0.0751960060432968,0.07948638559775127,0.9601875233522736,1.0593142420462134,0.9867659551115551,1.08160972930716
p000159,0.42185165404734076,-0.479008396321674,0.04665903587229983,0.02105850985373491,100.3015510681014,117.06460693900378,80141.90554596136,73052.75784867337,0.08698990634239301,0.0792651214473428,1.085500219001233,0.9654763727684772,0.9714949107188957,1.0955154722788436
p000160,0.4783716384141037,-0.46171230004630603,0.045122898143027626,0.021525806057389005,90.98875265265826,123.89903453940822,85317.30571943666,81795.80064245853,0.07558758587913095,0.08099979086640827,1.002170186528672,0.9567604648985905,1.0625420555441778,0.9439160232507824
p000161,0.4774708532398383,-0.47210536338747705,0.04642378631315634,0.02028265620156228,101.32673165192303,126.04917359283297,74711.13344867785,78915.91566431186,0.07824490871039982,0.08337878409966189,1.0551072204142102,1.0404862700508113,1.003354974196977,1.0281253040946734
p000162,0.42914226157881086,-0.4282901274730904,0.04812067648907111,0.02130314953001253,94.2798522314431,129.10598007211175,75945.96177847096,84080.00927635282,0.07363651879516232,0.08685354617412056,0.9866705763757048,1.0294819521203027,0.9065300761019548,1.084995990285392
p000163,0.4506989185096621,-0.4485135802050253,0.051476749945055036,0.018625190669169185,98.02822203158519,124.49966831446653,79563.59483430132,72340.14556110163,0.0812803916099632,0.07761834230917708,1.000583602392455,0.9953824910898076,1.0082318169305229,0.992524999318018
p000164,0.4362833865095309,-0.42626960586937823,0.04979482662481348,0.020658532101523824,105.4368014956025,123.50442368982087,75807.72167974278,75043.97137175477,0.07207858884418314,0.07888013770851351,1.0623033825557742,0.9192952613896191,0.9905305859182718,0.9159938905331022
p000165,0.46771874546734044,-0.44065359764594125,0.04658901106639573,0.019829219559140646,102.31310112877023,119.32272877865248,77476.30806968102,77652.96665213356,0.0808938235565582,0.07556527562882207,0.9091145723217312,1.0453482347419902,0.9247082725228238,0.9160553895824496
p000166,0.43913161418806596,-0.4533999282897842,0.05251242923236682,0.021582960142943433,98.26725438170351,122.83674866355686,87385.58556795477,75882.70074279785,0.08307684249617865,0.07916916907826548,1.0823151598135712,0.9450802904087969,0.9591656553763249,1.0263089631040072
p000167,0.459320529079667,-0.42332967667742755,0.048791509484357495,0.01960019317267412,91.76496819452944,127.80997751608516,81481.23879871251,78891.96042121154,0.0806905787440635,0.07508566446809894,0.9454050234568643,0.9493868485208654,0.9328525154398936,1.0187299137762755
p000168,0.4525999542559992,-0.4342493502599461,0.0453199712896302,0.021964615544090398,93.92808322556533,125.96201080685184,78722.24235085337,73273.58323889131,0.08114058918568934,0.08276198933983749,0.9482575192332043,1.047261125091072,0.9108310709414995,1.081019339733268
p000169,0.44381491825616426,-0.45293550080060696,0.04861539557302934,0.021908743608858163,109.49769248479316,114.41312292674606,80287.23910426501,75632.00713321229,0.08231607121922717,0.08452498891514966,1.0297194916401402,0.9158033120329665,0.9811186664911615,0.9243548287452942
p000170,0.4441883512348241,-0.4233645209964903,0.051517026971299285,0.021315810046712562,103.72630412903567,111.72855159412413,81832.76035636745,74345.29116979284,0.07748849744144587,0.07322078226173515,0.9111115540891676,1.0749864906350204,0.9730514200340901,1.0938300046498595
p000171,0.4529546566163105,-0.4393911863365888,0.050867943578933573,0.019673314880561555,109.53601044034916,117.549295041997,83458.04491620889,84709.89638525626,0.08573030298347405,0.08003973668853372,1.091311017554337,0.9724812628663524,1.0818449381571376,1.0710949851711213
p000172,0.46903370560882923,-0.478134011075696,0.05077557282102701,0.020579482384911755,108.85961874108102,131.88977940208736,86689.9819330613,83490.90642574863,0.07905173527507173,0.07535758484396007,0.9314912852511372,1.095575778138259,1.0573927531808127,1.0942959895966031
p000173,0.4753854207744355,-0.44860427703558403,0.04964252281300256,0.021902378396307244,96.13308329146082,109.57494878116943,81654.02631035924,80737.26248859664,0.07903296473721744,0.07983434494643324,1.033794037600098,1.0321842611864114,1.0621834293360983,0.9500440746640744
p000174,0.4444841498981581,-0.46232330548027567,0.04696573362833804,0.01972050306072059,109.35959531169838,109.90885469523788,77909.69065499648,77139.84947338968,0.08478482257912286,0.072744393216786,1.076681359907314,1.0835483709767273,1.0664362622184362,1.0553385972797569
p000175,0.4519042830322339,-0.4567550592972577,0.051600624944143865,0.020205519530405162,101.25443622534515,123.75254193626486,74103.10479468683,75601.98246098423,0.0734909711926852,0.07736390394662043,1.0014126771045353,0.9210173407197606,0.9667790775734152,0.9421432611614619
p000176,0.47558663360864384,-0.4304524645973109,0.05396372313197914,0.02148744060075044,101.4175252403298,115.03218223081511,76889.30657916193,73137.2860549041,0.07813869440318331,0.07604968143755242,0.9093887179600014,0.904721732964046,0.9532162447542843,1.0213889592520722
p000177,0.47063345832133413,-0.4244959763925761,0.04759061728463659,0.01961674024635511,106.20440041346889,118.4874585019905,77174.07221020103,82357.29439324343,0.07286976132478622,0.07935779166735614,0.9160910126902344,0.9338673841857931,0.9396674399629623,0.9554921239688321
p000178,0.4535560565796921,-0.42924442484017955,0.047260357023479596,0.01877462706653113,98.53161854453847,125.36984116192939,72423.6416851255,76197.20669424575,0.07564871159610397,0.086442391177066,0.9739637692279051,1.0353798291328171,1.094399959299008,0.9567185742737598
p000179,0.43760315789779686,-0.47835085486989104,0.04543534206333497,0.021512359808283664,93.38514401643603,112.25874153460538,83586.99577731149,82472.79295988019,0.07943030610329879,0.07857772944454228,1.0493818370367745,1.094186004540962,1.0870406875163057,1.0030176376244742
p000180,0.4622430260457135,-0.4244136371480494,0.04611111143000369,0.01994700618700777,91.05042265639759,113.12633796207612,75341.9767862386,81728.56465896836,0.08016726477989247,0.08315979237553454,1.059861098193603,1.0821984295517806,0.9317884869382858,1.0894162314902
p000181,0.4661972485349029,-0.46377369467598517,0.052898948618940136,0.021757362694745718,92.08416837820918,112.61647227478562,72907.89034941561,81306.40755999913,0.07202278762466917,0.08343535493541632,0.9513787192970897,0.9129106655049973,0.9823326855910945,0.992254978843811
p000182,0.43425208751716726,-0.462987380997673,0.04904825249636882,0.021988298980415988,91.9389519774734,127.27932452133274,79294.16281158187,75729.14942069215,0.08414388745695343,0.07252819827383532,1.0919302598173923,1.0222488546680948,1.054373213746641,1.0181245763728062
p000183,0.43124230950752535,-0.4641409333859312,0.045369679584644274,0.020494009224751128,92.6672085170359,110.02661112582199,79967.23899795351,77920.72178513394,0.072063921638899,0.07539222533501935,0.9105855853101182,0.946346556611873,1.009184839858331,0.9551758164754377
p000184,0.4702752312191799,-0.4635962638196364,0.05286751954614797,0.02089923349189896,104.35144801365058,117.89248762351548,85649.72014873456,72376.1864759652,0.0753469453672384,0.07785487362828301,0.9680255353036283,1.0432928784368556,1.070881288216744,0.9504423878839374
p000185,0.4607182086540509,-0.4295108960094999,0.052611947707951544,0.020066207905870888,108.13929029028424,120.73091118595241,75054.86799597723,85222.03056730807,0.08582724351781211,0.08498327814619465,0.9308726236456045,1.0903205055989562,0.9980411012790029,0.953567318479532
p000186,0.46740180140469606,-0.46664884362881087,0.054337818847752364,0.02052223081497474,106.68896861525414,119.01033053342054,72884.4851881498,83717.41289154731,0.08620275641064702,0.08038253633636255,0.9743404480243327,0.9658815635159339,1.0332483427833168,0.9526226442629228
p000187,0.4296769028306022,-0.46249022282078595,0.05441446669138956,0.01928501529797465,91.85475798010073,124.81076598549355,87180.23661849555,80142.73173872434,0.08250237516067926,0.08401368315100333,0.9076025459113749,0.9703237034511402,0.9151071569059978,1.0417424358784695
p000188,0.4452890117732871,-0.4210543211272438,0.052189222302123986,0.020470031978849442,108.615692043525,111.65199521402404,86148.80027699341,75298.13069708268,0.08486957653331145,0.07959439162141838,1.0430311598387922,1.0115579199795581,0.9086063338074857,0.9678389047640988
p000189,0.4713377517726704,-0.4413563857138487,0.053788256564213065,0.020254047114140767,94.05034641659606,114.16674686930925,77611.48892449665,77760.54122271245,0.08195865451866323,0.08719380536579306,1.0662179171867086,0.9067870293071163,0.968417712484279,0.968249331193571
p000190,0.46664992284952034,-0.4438003616738764,0.05247279876369063,0.020719334888811537,105.9901382796407,109.30512719936691,76392.95081530104,74313.46349232264,0.07488026423102895,0.08680564139522447,0.9767484839343262,1.0501005493401214,1.0242289725408378,1.051041736286591
p000191,0.47065999258774194,-0.4238727811126428,0.04630543253644643,0.02045441084304739,90.82261252224599,131.83718142707207,82255.54872462143,85331.27657689183,0.07927600625317562,0.07674500958164279,0.9137965148889682,1.0436985921063084,1.0833817533931187,1.0292564195635707
p000192,0.43968716593356555,-0.42918206177344215,0.054823486288156885,0.020442843507944126,107.03760664662337,125.79800135860314,73809.89441160546,73468.57367137534,0.08125654683412495,0.08698484762594601,0.9599790625141087,0.9879816875798688,0.9414447289085138,1.0117013560241195
p000193,0.4316109634081,-0.4367086533956423,0.050610594236170946,0.021494906606230227,97.01691475571269,116.23779897703973,74795.78362165745,82453.6915800813,0.0843810608738749,0.07875681393215396,0.9670140077973396,1.0734917181650967,0.9538041652972297,1.025632218328514
p000194,0.4648493864917121,-0.47737378923671103,0.04560533227571586,0.02024473175091206,95.46001083875635,122.76522651918388,86805.9445734832,84162.48649834946,0.07863472577327671,0.08127016561284929,0.9247586991034296,0.9649639421712559,1.079741528331279,1.0585019129343838
p000195,0.42386528597271217,-0.460745335285245,0.047658365141519124,0.018977488899683075,107.70049558131296,119.56529590357265,78856.3580550924,77211.79268225917,0.07601703811619419,0.08361312161189821,1.0216889078787614,0.9983381206804558,0.936975942845612,1.0825569700854594
p000196,0.4429579306035318,-0.4418518927446835,0.04784903817952585,0.021441596751252213,90.86173553736758,127.60251761920958,87534.9416910953,83218.2302736449,0.08722262244152801,0.08666804033787788,1.0432907933164957,0.9477771612333991,0.9689814148781813,0.9491793912659965
p000197,0.45836145988733784,-0.4423358404859701,0.051797739062309424,0.02082640076026415,98.1123280271889,117.23552832330054,85753.86327858537,72161.55804130972,0.0793701637115036,0.08168659737611461,0.9470115215613144,1.012736611569898,1.016778751666708,0.9768110541501202
p000198,0.4700137828828533,-0.44895199860429186,0.04822765268522616,0.021429052732816273,94.21147023949975,108.207641659582,87340.72754043827,87250.0587455675,0.07989827597526356,0.07584604209838662,1.0538374330698883,1.0997062148876195,1.00138332257596,1.0612696939225756
p000199,0.42222795132318053,-0.4432953408063924,0.04585106850562103,0.019578916895318432,109.66461400346569,120.40656723823179,76989.76487285695,79092.81904162033,0.07276450983090373,0.08181548947359517,0.9874688770476522,0.9686679294215648,0.9461620630048257,0.9441249020095562
p000200,0.4748025655753723,-0.428982668983529,0.04863842439665827,0.01883811682267955,99.67849001158399,128.28574226906625,75665.66230357763,77957.39437173495,0.07947579287326752,0.07363010836563756,0.9855348047685064,0.9581734413778568,1.0955484632039907,0.9246887538510609
p000201,0.4356122057648594,-0.4512613293280685,0.05046611597463735,0.02161881001687154,107.9040081161847,129.83791755592694,81059.62400173461,77690.56084764526,0.07388621647374238,0.07389915652507087,0.9075629068426422,0.9256915515029707,0.9027194445817738,1.071671172704772
p000202,0.4609310109599399,-0.46032088526815323,0.05224761576753301,0.01978193356686507,99.54701097577149,129.36908920087103,78991.08630025758,81347.90774744195,0.07446794399193511,0.08693181243433447,1.0648092879764581,1.0243820437713531,0.9337461596940545,0.9427709613458185
p000203,0.4643049146829822,-0.43858530364598003,0.053576669181407785,0.021737187684032933,101.67194387993237,108.00593830812839,83851.46251473024,86457.14263824004,0.07322546280326836,0.0769979408234905,0.970870885085773,1.0633098824174827,1.0204559025207947,0.9292147948297637
p000204,0.4682522657527148,-0.4508824599771619,0.04704812383708505,0.01857775346984573,104.4775961896348,127.13189000701654,74889.48117681807,84596.57263001222,0.07690383761489361,0.08492564065248588,0.941079849614154,1.0016448384974876,0.9383458478834015,1.0446537173953934
p000205,0.4332699141439961,-0.44281631275244193,0.04839249276236028,0.01911741632665042,109.02582010699703,115.75805840578144,85166.5105895397,82985.3059719622,0.07555637493808122,0.0775001367516221,1.0544970588088955,1.0846257108525532,0.9261001338599589,0.9480459033291475
p000206,0.4341485853200508,-0.4344491606297698,0.0459204768179907,0.01829763481467829,91.89817650594502,108.91924762893359,74878.4108200887,77111.01492507108,0.07424425815477649,0.08140875234394608,1.0926061702094125,0.9091109217300433,0.9315593240790372,1.0023193702870241
p000207,0.46342664380089005,-0.43345378728358785,0.050718425979234684,0.021664514109304787,94.78249901362729,122.98011471995791,80011.66012539392,86389.42390179072,0.07550107633728766,0.08607587362297767,1.0483042786235037,1.087094295542217,1.0880657323008696,1.0738705582769434
p000208,0.4260141410439239,-0.4218157148162813,0.04966225855057762,0.02143292097530878,99.1181978991703,123.48933820578213,72366.31458137369,83598.43918756885,0.07530319258283863,0.07956984925898349,0.9461467092962663,0.9556096941644372,1.0767247660721362,0.9452593330889064
p000209,0.46928446450980654,-0.467864284955933,0.046793983162852076,0.021260182865985227,95.40072516465307,131.27703888133738,85408.72670304986,81510.8987071308,0.07621010557476525,0.08196178093338007,1.0725132465622806,0.9219326222535683,1.0269297616619952,0.9632228363153471
p000210,0.4744303195111421,-0.4487190528894217,0.04528393491948672,0.020759900384625385,107.76000778733253,128.0375686687569,78214.93622734267,76706.61327607914,0.07912705876680567,0.07354620742526805,1.0874200543568053,0.976159843169799,1.000973118658194,1.0669291811300488
p000211,0.4545232931881171,-0.45100257391799364,0.05353327167719839,0.020156650657547914,98.79849710866876,121.26331263648999,86180.38033640367,78787.88249797006,0.07539029952013963,0.07311533092426326,0.9915904295832693,1.0628957716670908,1.0426806778578026,0.9989447107877735
p000212,0.4679119486806475,-0.425509945848323,0.051327819698436875,0.01991020083873218,99.91207585799711,131.10219570598912,80080.27348404983,74017.75308449869,0.07226689870746468,0.08367072266505482,1.04656769646788,1.0853053626413802,1.0431599205783872,1.011165817448436
p000213,0.4292411985771602,-0.42288086895436966,0.05025288766864899,0.01843357629652541,103.4459096411037,117.27609617821129,81769.43413039373,86353.58041670956,0.07212614835298206,0.07894282578829681,0.9035627089576549,0.9957444239086214,1.0867411001580423,1.0985660228163259
p000214,0.46067959686004706,-0.4493813180929544,0.0461489173771292,0.019400208560440106,102.9987206414553,114.81794019023683,81723.31172244633,82771.2612196836,0.0828916853269663,0.07764646090613316,0.9589076005656182,1.015656815598506,0.9551526274450534,1.0015428286917216
p000215,0.4379975717000826,-0.45162861420891587,0.04975111690468762,0.018355893284435567,98.29352952830966,117.20971829101698,82612.39265789051,83647.03017402612,0.08272164477614422,0.08261353375916018,1.024601987768254,0.9118193841767314,1.0455942812721972,0.9111325672647281
p000216,0.4250037045975918,-0.4684210604701291,0.050098892528458394,0.019230708101671216,91.74481212504912,123.88462389000803,83681.42765344618,75077.23993286066,0.0743957432244406,0.0859431408478331,0.9967797849106025,0.9041337573376093,0.9880046357461242,1.0016860217759864
p000217,0.4638132902672833,-0.43500705375995696,0.0468785933737734,0.021883584216928504,96.05457676517997,129.28868472449477,78957.14971352965,81061.63211591146,0.07479761574432404,0.07648009198942433,0.958284468871678,1.0558794625045418,0.9751142877702477,0.9116143944908752
p000218,0.45472336558349186,-0.4480461516258605,0.05239104228688777,0.01951696443847788,101.78023597149725,121.76250925183074,82426.69741114898,75549.06774935155,0.07303637677325603,0.07563961066099996,0.9877425325612601,1.041126335648765,0.9433429993590489,1.0526351133242362
p000219,0.46718364652900957,-0.446931009949444,0.05382107684782208,0.018488818627652188,90.43917654331855,109.82341202479085,73270.89138356889,72745.97229881225,0.07794912793463542,0.07638650833512865,1.0214939857820722,0.9348318934858878,0.9346781318558168,0.9362759894090208
p000220,0.4596250141008522,-0.42875054922836764,0.05276013881635105,0.021834621894794105,93.22242095345689,129.98025638753606,80531.89049091561,81625.14172217112,0.07345832002481628,0.07312793347398293,0.9907223370462271,0.9054878452414008,0.9709101875101557,0.9969959685918643
p000221,0.4664787766872197,-0.46101224281676123,0.04648706293326768,0.018716295853625383,104.39225312527574,111.3091854835051,81147.21051041507,81946.09754613305,0.07960002708903796,0.08136401871191967,1.0691778176745461,1.0287243445614065,1.0066136330383921,0.9664910865481887
p000222,0.4594906449041528,-0.4361370576619091,0.04539461048415422,0.01919741078916653,105.53986389783925,110.61866870329747,85834.41733518771,74250.3026835257,0.07247183332215945,0.08561969718291874,1.028318185555751,0.9200800500247989,1.0897543394428262,1.0971952310910076
p000223,0.47971238088392837,-0.4748475216703258,0.048443906956395354,0.01866143189416928,103.65916232814718,127.66671380650169,84543.13570590365,84023.46185108436,0.07861008963842184,0.07854647649827809,0.9932011452374466,1.0248345948118889,1.0079105434804954,0.9053597636857735
p000224,0.45280419366745717,-0.46484114726952286,0.05465738057273631,0.021704281167785083,94.56457260780509,121.2315892546834,85468.14282763528,82371.69866619328,0.0763593554128968,0.08408778016438115,1.07403329948932,0.9071582154693132,0.9609505698425636,0.9590576277188279
p000225,0.4505920895239411,-0.46932190433835413,0.05204611685511813,0.02092162800904857,92.032305893242,120.82571665916578,73106.06104498409,84296.8324453721,0.08512889376676362,0.08213437999605222,1.0608481214950916,0.9482383477755689,0.9281054893213719,0.9354270972283806
p000226,0.4224883422863153,-0.4703471240367788,0.048576097258278016,0.020482275256760392,102.21149954761262,108.59779820064851,87233.24724263433,74002.79492781847,0.07801102604901206,0.07370073376942395,0.9925827211709511,0.9403090124468781,0.9759491831435176,0.9818631035146578
p000227,0.46553630003917484,-0.46015110607102594,0.04780110677532819,0.0208818364511092,90.24923554528999,127.8976187500049,79374.73902202083,81907.39021768387,0.08182791623229337,0.0757213071105618,0.9835229088337313,0.9870823066450005,0.9294646643735952,1.061657424370843
p000228,0.4319208351335255,-0.4427313326889065,0.04982933473287742,0.019784848108882556,108.4538325142766,122.24313823362256,80596.58688942819,79639.63221772305,0.0825749817998261,0.08130703576366673,0.9432146781458968,0.9549483750570614,1.0568170144048346,0.9726820228057281
p000229,0.44648594285547233,-0.4298924123565516,0.050828253198142014,0.021067384382093296,93.73368972366758,110.96368027045803,79839.5368193156,75168.08226436017,0.07656408970532116,0.08064890730154485,0.9883716331403507,0.9788378797026019,0.9277595709079002,1.0646815819578193
p000230,0.43638380142745814,-0.4614419062410559,0.04604916033770923,0.020359808571931856,94.37654184700844,131.14484329552556,81582.37173950266,73729.03263709683,0.08691849395027862,0.0799718009436226,1.0995308875663956,1.0160611990010973,1.022712578621969,0.9338401587269166
p000231,0.4685832474158315,-0.47393771172267657,0.052496037928291335,0.021874339864889725,102.61983962379121,121.33162523789117,74166.61109747212,73603.1431168801,0.07568503985422795,0.08720107240403573,1.0073381552445368,0.9950031352983659,1.008494090213937,1.005880203096498
p000232,0.432907775448372,-0.4518443676943466,0.05423467909158093,0.018059804684724026,109.94331830461654,120.02560587893177,85356.46169069168,85548.6409124974,0.07808337339583686,0.08544514070459285,0.9168584123708124,0.9530289676290236,1.0888168513473033,1.0482074355465654
p000233,0.45163333379632403,-0.4698707231202586,0.04876732035678795,0.021859035313992834,98.87377562958046,115.92629595911859,72534.00285716496,73484.17706475616,0.07224328210333868,0.0826422390978134,0.9533707725439112,1.0345014248615432,0.964903745259474,1.0465632461862884
p000234,0.4694189563963161,-0.42570073745569703,0.0457224489830878,0.019397595605929192,99.7180728539515,127.20325208541502,78711.52372830908,78291.70308267236,0.07668516667146737,0.08201052208215477,1.077132182477806,1.0058466209069565,1.0228298226479076,1.0311484626025837
p000235,0.47649062387501,-0.45208218800559813,0.04549842689564133,0.01892082375819702,94.45955019965527,131.68569669123661,81158.1269423244,77565.66580161826,0.07727645132736405,0.076219354363377,0.999074781516045,1.0695991850472206,0.9197440836865575,0.9095360651026996
p000236,0.45535922194548484,-0.43198970519250574,0.05142526740579707,0.020857004278407757,104.92489618772812,110.35639870058479,85862.81845802462,86585.83996382245,0.08736611227907606,0.07217457149919608,0.9502263414702725,0.9107463008223637,1.0135997005405675,1.008358643366317
p000237,0.4402845987945972,-0.4321285008776449,0.05429262041814685,0.018349885274697324,105.87226696858374,121.60410328740092,74049.8190000571,86764.7471832914,0.07823928660908563,0.07945210963984373,1.0825124003450561,0.929516667112247,0.9892418420401986,1.0720940094277105
p000238,0.4343270315900866,-0.42066393682373104,0.04718640486387634,0.018856881631335476,102.50551300809245,130.9245981371453,87127.08649532318,74374.62657338375,0.08376515581507192,0.08540939225587613,0.9787840513721353,0.939152524884826,0.9991983558365214,0.9373341423266863
p000239,0.4795968259539535,-0.47505270430193125,0.04577796649570703,0.02018438637149848,91.00291792173988,113.75152811453975,82807.37448602138,87603.04627804252,0.08371700604183761,0.08716154558903147,1.0033089871914267,1.0092304772251497,0.9475853272641451,1.0299098441845054
p000240,0.47382668701350816,-0.4642930700555685,0.045555480411423016,0.01959000973457977,92.20562242647888,112.57398715934599,75889.32893224907,73231.89974647874,0.07588331192856018,0.08059288949796871,0.9342082408058379,1.0964309775510508,1.0845335822853894,1.0132686257889476
p000241,0.43716188767122366,-0.4525244137822791,0.04676424474336363,0.0181630634274851,107.18428916875517,129.0338354323961,85693.37135835594,75961.0365859302,0.08517638263616828,0.07987743929599314,1.020860089395917,0.9914149848509188,0.9377479430859226,0.9508267665737432
p000242,0.47396388433298164,-0.4762022709086491,0.0495598935714452,0.01847596828623064,100.69291231151769,108.62524112049552,74422.02233415782,86516.80079941683,0.08777111033801568,0.08017293864294855,0.9847149609212579,1.0560285500861604,0.9561919457190587,0.9944376188477408
p000243,0.4572718847180036,-0.469594871175883,0.05332651869995546,0.021563478387145108,109.62471546803702,126.02538339554798,78154.85135808824,73509.77373552899,0.07508735199373211,0.08397905824972399,0.9536621296688099,0.9897498943074173,0.9566736272431241,1.0054765615047316
p000244,0.4666927603826657,-0.4463836798978963,0.05384777593985308,0.019596223471387345,102.58369607160058,126.36141149196295,78521.54998587226,76837.63570458982,0.08005384823749521,0.0740651506679837,0.9149913155797694,1.0143625552864122,0.9465700157781818,1.0597452633127833
p000245,0.47825297290859053,-0.47958777961482474,0.04731343769013449,0.020590955160201374,103.28551089764473,121.88088289996811,83659.3757678189,76960.95484085244,0.08623959105121898,0.07822118396699887,0.9839102515628364,0.92908158142168,1.00585628940245,1.058920899017359
p000246,0.42826578016336514,-0.4669016809547378,0.05056789603052578,0.01885078829260951,102.3600205025144,110.98157762228799,74534.34682020918,79002.92029681813,0.07406865946286205,0.08482958767414575,0.9689320942667715,1.0642908676800513,1.0560898642634644,1.0329338937615693
p000247,0.4276756501879276,-0.45048601744201866,0.051314793234997394,0.020947168266098656,97.42934181303605,127.09415533873765,76284.37496336226,75704.51614306943,0.0751392202134357,0.07326030578545643,0.9383534685510084,1.0863654406663166,0.9840524040161154,1.0913719392018484
p000248,0.4736555231801337,-0.4631172145555053,0.04768784823354987,0.02070559162702633,104.41274995627148,120.94119868869484,84460.27100158922,80021.01020488323,0.08238117272270573,0.08418373412008798,1.0848569906012309,1.0565272633256526,1.0307431224976573,1.0934240008269516
p000249,0.4642789847238846,-0.4200136971287052,0.049141385247995176,0.019272319395534844,100.65486883083766,111.32657971232952,84006.42446625858,83163.97746584647,0.07925428932839655,0.08154302537828427,0.9158288519160026,0.9181982294744163,1.053270507903033,1.056266868940475
p000250,0.4604731315021344,-0.46264626805139497,0.04689530905834392,0.02080651211175254,102.76288180406718,112.21246066565917,75095.88445332073,82840.95591864306,0.08366383722814871,0.08707194645610916,1.0530494053045112,1.0301636687413294,0.9846288755319726,1.0516135281720183
p000251,0.47402010093430214,-0.4202019361489251,0.04846630031808599,0.021327693559061407,104.57441559019114,112.82792179703544,78943.48057781417,80303.06445726848,0.08525845539406113,0.07282758941329771,1.062555668743215,1.068827419321026,0.9320438573090776,0.997945367866473
p000252,0.46020391827375456,-0.4456154691190203,0.05034901417143367,0.019298856286079132,108.27865527822979,126.25977141318474,74526.10172264038,77756.16653778455,0.08164189757185492,0.0829254558900713,1.005184861589513,0.9416557785025801,1.08145699872526,0.9638232969740819
p000253,0.4315018900608967,-0.4205435427428458,0.051953235375253905,0.01857519018897461,98.48924080594581,108.14376892524112,86490.31115290975,85942.29638655859,0.0762791701814093,0.08311775001779215,1.0388177125148845,1.008316582170973,0.9951959089914721,0.9754398852756209
p000254,0.43013114796878077,-0.4549105495140246,0.052020959253842015,0.019573897824359546,103.09517655301643,117.15067213062008,85085.84686545533,85535.31908271734,0.08161956204729921,0.07206591133775349,0.9961357767663901,0.9709998094359394,1.013716983421843,1.0957424249261916
p000255,0.4240273337806094,-0.43250550241411645,0.052787574075868156,0.020288753033475812,105.91341057494625,130.36766195156574,87734.31734626731,87141.30032081401,0.08772270533694673,0.07842102335108647,1.0252558020470994,0.9695576316621773,0.9996629103715178,0.934019595539294
p000256,0.4270806758965233,-0.47866705135881177,0.05129985390598039,0.019102552643757785,100.97741996633775,127.71712477702445,84488.10797537092,84814.81578562345,0.08098749071156303,0.08534326952812984,1.0986775005375606,1.027151501897544,1.0701977090991543,1.0067820517764665
p000257,0.4599387398503568,-0.43465822764978934,0.05198197287685494,0.020723580801442685,103.3874067028316,114.53413634175703,74037.75562968299,79010.53774254143,0.0859976282776409,0.08473670290490024,0.9843700724962167,0.9222151363293957,1.0670745129592631,0.9735368680241707
p000258,0.4532091978225738,-0.4285334405497726,0.045900059896050796,0.020874948290997716,107.28136480982391,109.59318906727286,79071.01332675427,79682.92033369391,0.07784481849121586,0.08738117748820762,0.9265229327555446,0.9675252673893135,1.0221162897875975,0.9579665411835939
p000259,0.4791632206103811,-0.450188575806546,0.053407154685820704,0.021253043638122995,101.09236362558576,116.93795879075519,82733.6577306643,76493.1359056491,0.07466161426396224,0.08347835794268095,0.9478966446614586,0.9796628112297346,1.0216518906883745,0.960194224103766
p000260,0.4327342708921345,-0.4409580248186483,0.052752047736259695,0.019024999378762474,104.26416706070118,112.31721589380729,80239.04200062764,78851.09351138261,0.07577843081260509,0.07320893146393138,1.0229172615822755,1.0064441635213262,1.0450946345333896,0.9385322579146331
p000261,0.42072211119138825,-0.4476115915003506,0.051154047773453476,0.021797376180744836,93.29706169580167,129.6053863780915,84614.97110603833,74628.6060751801,0.08177742251363845,0.07868144575294936,0.9643256940653053,1.076080635637269,0.9033560336229751,0.9279189430087045
p000262,0.43529304844565736,-0.42841937492181936,0.047561477621087006,0.018048942974640162,96.25718227019316,127.52364174204067,83821.9303005536,73648.02263127992,0.07708992124594015,0.08023661746088512,1.0783695158768376,1.0299208268871616,0.9620699269231577,0.949652988844703
p000263,0.4412703177052611,-0.4743555477938987,0.050731866602187044,0.019937712449811764,97.19428781514792,125.671154155256,73211.24995099017,72771.734215197,0.07605267525835763,0.08793889307768708,1.0526044225081803,1.0677989144491797,0.9096297277671195,0.9705214908500067
p000264,0.4217649349555422,-0.42421888336961683,0.05434441726325653,0.018021649062299944,105.21814278319759,108.50886644739866,72469.19986826045,87663.15477737742,0.08746557027947577,0.07666864341538224,1.0778750503288999,0.9808269021592052,0.9049348120634532,1.0380984776584725
p000265,0.471948453745848,-0.44165647968589056,0.04684819591723036,0.02114444934947687,99.56716126509293,131.34355647735927,84601.93302841642,72240.05303609709,0.07796700395512134,0.07613332458616678,0.9745373056044346,0.9103507492523342,1.0768810276654575,1.0494397440787848
p000266,0.4765707382860125,-0.4510860315764214,0.04629902067852758,0.018705317195353628,93.68934887517584,118.20759121529844,85403.24145821117,78766.69140565959,0.08261733578845935,0.08013283146360774,0.919405425057626,0.9228651907290972,1.0904708516465633,0.9717979435854396
p000267,0.43336377022696454,-0.4439262606802106,0.04683230276507728,0.021998259191975518,107.4894083977594,119.45447400620283,77935.9037548831,80259.19370231859,0.08155476651163222,0.08283036998257613,1.094634243103209,0.9080136381164535,1.041806390298803,1.0071662040772906
p000268,0.4313944178125075,-0.4279265237749849,0.05165192370890647,0.018606494026516825,100.94609024223391,124.7173818210388,81103.64779598807,72593.89017149463,0.07454871890704994,0.07401666850665105,1.0904635750791325,0.9454282762361264,1.0996254052820427,1.0977858002497645
p000269,0.4587928659975779,-0.46751172419086773,0.04932059330217235,0.020305033846626727,109.16488068646265,110.09604309425146,72773.42344969272,77159.68373673646,0.07661348388233283,0.07329248640326241,1.058636139467668,1.0914018139783923,0.9577244797378123,1.0991962424897093
p000270,0.46447445677464605,-0.45272520746541056,0.052539120239268156,0.019373326759536527,103.84273988587101,120.52404085897372,86747.71165194412,79979.95638309213,0.07380693065403111,0.08689561028079276,1.004135220646459,1.0282743552008955,1.0736602761367307,0.9397715721260991
p000271,0.45026855018960454,-0.45708881705369114,0.045271905316583226,0.01916433860138171,91.68053355082819,108.16818833409232,74195.4763652854,80990.67119062327,0.08732630930901931,0.07929962449478367,0.9757452492533101,1.0791677224556688,0.9394304404247552,1.0102421874663894
p000272,0.4645725092839978,-0.4386092119230262,0.04996811484330531,0.018195055321296335,92.79548154185738,111.18137051018383,77864.95346286139,72019.58062343563,0.07997412646892359,0.08183172614343719,1.0846759405782853,1.0444364964479183,0.9298868020073547,1.0964506932810618
p000273,0.43472500125906544,-0.4649149858401669,0.047948322676502605,0.021052730690065358,101.8784146417366,127.83482285830998,77124.80787132906,79376.29479681072,0.0804790665039826,0.0821619232303677,1.0982412454777084,1.0970793114236466,0.9985409992942983,0.9583686692612774
p000274,0.4589087371509959,-0.42753609096337486,0.0548811252044381,0.021544953783820726,97.29407712533819,119.66247366074565,78376.54603856236,79352.47928962416,0.0787880191958235,0.08523605160252912,1.0757216786490829,0.9252393066731808,1.0329786098296263,0.9767654970397006
p000275,0.45756918836803234,-0.46627009884217707,0.05167279015033917,0.020811356174080777,97.1067340447461,118.76608102033182,72172.53611493774,77013.51473651548,0.07505046696642761,0.08228456800899506,0.9931815554831758,1.0469931423670171,0.9943585105123453,0.9365585453938634
p000276,0.457358829569777,-0.43244763611443116,0.051584190236174346,0.020627156772906965,106.18323502574093,116.45030763135733,77438.70742407664,87426.14489135206,0.0849068157275781,0.08410293228970987,0.988890977674931,1.0848924728631848,0.9908338591069219,1.0771548099432795
p000277,0.44785515736245873,-0.4719684664578462,0.050426371482779786,0.021244392274340516,100.00511658320727,129.19045867933318,79993.6634714955,87220.46075471523,0.0839676806637083,0.08761584388162856,1.0097474131235793,1.0785847079251656,1.0107029598516155,0.9463969901905906
p000278,0.4390211400453892,-0.4672242449579714,0.045813438376077674,0.018609608621106874,94.64745160380829,130.94570876722034,73297.53207042122,85759.95155828005,0.08750968648653398,0.07926039452641144,0.9698020628428702,0.954668919187176,1.0278197081309963,0.909731080086589
p000279,0.44869774108829574,-0.42623504696698633,0.05475759106982668,0.020472971081154766,95.77093682198074,122.44625971128696,75140.40148224894,86087.16953650115,0.07968939910203629,0.07771824617490727,0.9789951322137315,1.0486496490899295,0.9014811867199823,0.9937710458723428
p000280,0.4561260196408732,-0.45632825886890194,0.05411368965564857,0.01829255039398193,97.07891546082647,122.88562807967661,76344.66350409048,80220.75858018827,0.08354061696754386,0.07518890095212812,0.9717022303343678,0.9059296355849183,1.0632810619221726,1.0549332765815502
p000281,0.4325096153877366,-0.4691490449546992,0.05007035169262229,0.02006057648164999,92.17659930610657,113.2745450695112,83391.58212863737,73852.35509695827,0.08707150345749515,0.07969376108587951,1.0168202265549082,0.9168027411981198,1.0092398541588452,1.0639164850364597
p000282,0.44506593250591614,-0.45420704534361267,0.04868824114440423,0.01923578342706675,98.64374870686994,130.73442770502132,75499.05758812104,78585.44371721386,0.08784468523701769,0.07392866145621342,0.9263353380515237,1.0888606171171633,0.9242712438456673,1.0413415641349286
p000283,0.4704847791665597,-0.4253187586842576,0.05264013371437959,0.018209133203097878,102.46268021238765,128.24022796772837,86074.10604434805,75344.92660454994,0.07723663889253493,0.07471485101370044,1.0335795708680326,1.023388365570756,0.957317807280646,1.0607948830293494
p000284,0.4565376327111619,-0.44841303317096626,0.05297425957992292,0.019847262473738393,99.73885839088645,119.90063205892774,72086.91723722425,76533.47708588376,0.08208627871093276,0.08621248683645702,0.9416921810353518,0.9491944104593039,0.9660632678503303,0.920139500614552
p000285,0.4388877341716885,-0.4577818143536894,0.048419909056341526,0.02113258546100965,94.12402800928241,122.33643794787783,83969.11756913728,84875.85059730493,0.07590734735107915,0.07740803518878261,1.0133288207841507,1.0988418359210872,1.0341304524431494,0.9393517181499936
p000286,0.4373108645120759,-0.43847968156140193,0.04752464161110302,0.02032392043150323,94.998370755459,121.48832458503051,72694.1389181606,72476.97615081779,0.07720195087312037,0.08205512615110198,0.9568211425377959,0.9085693630200724,1.0017984197118552,0.9326599992624526
p000287,0.47203043165291014,-0.4230437237869533,0.045167385032366794,0.02123459573380046,99.29402722859646,120.61838069657286,72660.42673495894,80574.44857288286,0.08325309634680883,0.07337093957712384,1.0203534665927443,0.9237653613719906,1.0436670914057793,1.026857280971504
p000288,0.45859307155163753,-0.4555675055878182,0.054920176503483346,0.021680338789394057,93.1098820173085,117.00700515192997,76686.80343047825,78123.62449700714,0.07469244627486023,0.07912125315344293,0.9070896776455463,1.0102901789329235,1.0485178133853255,0.9185319731133303
p000289,0.4690801361722038,-0.4314429717646765,0.04579032199909035,0.019491367035073263,104.29080659934947,112.37002203245463,78039.94325079731,86140.18965802774,0.07963038616423518,0.07420032951132877,1.0941914994564692,1.0521770782243478,1.0750232276128848,0.9035132030475544
p000290,0.43171321963881615,-0.436655144218584,0.04884783648966004,0.021935886492098024,91.55387906742557,129.50454181602396,77757.4185295838,79303.03542011257,0.08167345105387386,0.08487904911339221,0.9510912864876513,1.0039437799689002,0.9231206585881645,0.9655695361257969
p000291,0.4358851099307999,-0.4724226805824291,0.053026621055642535,0.019481659448274475,107.0828762461043,117.43268838110072,84913.41731033639,83983.03313590144,0.08216294273203972,0.07789698223158069,0.9618721218458576,1.0226883727173803,0.9483634417008431,0.993376576468904
p000292,0.44041070475455213,-0.4644852653320761,0.05317359414157122,0.02000234757294524,97.12149502076552,131.6382818125211,78780.69749757698,84211.08714136537,0.08431171623492216,0.07442108417312054,1.0367839509443355,0.9381987461306931,1.0500394683051113,1.062943868805967
p000293,0.43086677274692264,-0.4328306878147801,0.048805896840233336,0.018093352732079723,97.95273916094958,131.45029547218226,83409.10361870014,75495.38453241717,0.08685737344150629,0.08675152662207565,1.0523585250864427,0.9882145141249727,0.989052784664441,1.0917897221740094
p000294,0.45223295564075233,-0.44209959577649777,0.04910233243537781,0.02086752750304536,99.07457533561222,125.83424455216658,75644.22265601915,82612.4650035536,0.07586683994636356,0.08092237028509501,0.9655654478269777,0.9538735544930049,0.9790562504001388,0.9205498090581724
p000295,0.42888326055710885,-0.4688885623364825,0.05389462018352822,0.018451278658643672,90.07466704172901,130.0828026724373,75363.66518428786,78962.50754324869,0.07294509531161032,0.077461561706915,1.037708688356257,0.9832760285411792,0.9308624891122155,1.0772978586540025
p000296,0.4421954831717684,-0.47087583328894544,0.051804489966441165,0.019038103144106835,109.41984932447387,129.71747490343563,79301.80619165888,84438.03445972949,0.07396967297798895,0.08025762090561556,0.9973005008334135,1.0051426145319755,1.0253749364070055,0.9458351829409992
p000297,0.4711703985251973,-0.4536251085681367,0.0547847506674993,0.019250395266418464,101.13989283074338,117.56040757802238,75571.52146599471,74549.59703697902,0.08798024397409235,0.07768049630167859,0.9191446054970993,1.0947142886454815,0.9807208011025621,0.9960672790013155
p000298,0.437403457349703,-0.4220837825145716,0.04745664300208437,0.01803102832805636,106.66290204521329,112.65867040055325,75305.56594845736,85589.20056325238,0.08146623586099731,0.08289820656983149,1.076380687815142,0.9309937949662384,0.9679329849492704,1.0360500657738698
p000299,0.42647589540935954,-0.4726057166561528,0.05374417563798222,0.018878423018194933,92.58990403972693,123.56727490485507,77821.39284904294,72111.28072706563,0.07973726317872118,0.07975017802247018,0.9026959418563928,1.0696994554271684,1.0820072256335913,0.9573313306857747
p000300,0.4359818431540959,-0.4290672391973611,0.05499895709439776,0.02034329190002521,109.89494274278309,121.55090252673335,72605.08077698832,72285.45118457239,0.08338776093817955,0.07488218234006419,1.0193596342744744,1.078259517550192,0.9351413417707003,0.977457359097503
p000301,0.47290779731683297,-0.44954143367330696,0.045898082712383124,0.01837451116936541,105.02285124286414,125.2686125169545,87975.67663240008,81252.93597738905,0.07309124227345233,0.07625957955509231,1.0249577209000624,0.9699538749169753,1.0673669567125235,0.9259441453115483
p000302,0.47592200319949174,-0.45000551786843873,0.047438349841172046,0.018598160484349865,104.65017348244425,129.3327210453888,76578.30161206379,78109.44605269712,0.0827141533742205,0.07873238284772248,0.9208478118949193,1.0155575535716888,0.9769616107878187,0.9782032154294991
p000303,0.4399505130137663,-0.4559745695009884,0.05232813187632977,0.018441820871241847,102.70884334341822,120.62953053166139,86911.65758032308,86540.31125539876,0.08658579065886524,0.07278780546001935,1.0059582945061112,0.9019151486755436,1.0829103010140728,1.0365110834625648
p000304,0.4509955359190298,-0.4685326401431093,0.047204881484590094,0.019869773025770497,101.38324923728067,130.41190593134397,84836.04644315373,77310.25868900499,0.07787730909556186,0.0852138732390823,1.0191263527457586,1.0026074854540377,1.0288608897828513,0.9417908592332142
p000305,0.4488085659705999,-0.42637078804404155,0.05220864737175262,0.02181646751810248,108.82589307676545,119.84976949882639,76186.74053897912,82150.06501495047,0.07545503234488639,0.08379774461553456,0.9304294587964776,0.9618737738479819,1.0984051182926864,0.9710793022976925
p000306,0.44508770145337834,-0.4236202259354697,0.04712228557032644,0.01884159503917749,95.12375179825159,131.5924135474286,84237.90212032036,77263.74566793704,0.07524750756400221,0.07268441562983198,0.9199482436573515,0.9802598602236193,1.053683211398014,1.0275405278938332
p000307,0.424167056292276,-0.4237635079238108,0.053217973581774505,0.02198343750431169,100.81290163937622,126.44653662565918,83050.10389744515,79649.01676083832,0.0835575548756635,0.08387439365347042,0.9326495013820199,0.9077349256577277,1.0160547351886466,0.9609594542363958
p000308,0.43690132495676376,-0.4309455146407884,0.05418800278074613,0.020983070873694255,107.57784528481352,109.23162253220517,86636.47835851609,81003.48002514795,0.07979247130867925,0.08553918881757758,1.0026870500052214,1.0180558200117793,1.033761172497772,0.9062672878869189
p000309,0.436513079382481,-0.4706163933662112,0.050044535885157226,0.01963405529671299,103.68277573713222,124.37324655626229,83140.88691019903,82081.91862025936,0.08675954907604716,0.08068602752377191,0.9242399961131073,0.9838550638169116,1.0684775729886522,0.9747636030509976
p000310,0.43981357040070895,-0.42132818653131515,0.04990783219010976,0.021345001550883893,100.5309151831155,110.48806673975899,87155.91390871862,75675.2222925348,0.07897121116190707,0.07589641643192822,1.039719448463356,0.906277189908896,0.927295907805329,1.0350300405733512
p000311,0.43852750128546203,-0.47465087826463287,0.04902848016871323,0.019770715855182835,98.63414640931974,124.69568496855962,75684.63071908025,86936.22615751525,0.0812338622650407,0.08502895685021622,0.900022600498174,1.0801137976858577,0.9146452102175334,1.052828552934585
p000312,0.4367070519003364,-0.4320209618117584,0.050742622720970604,0.018104213062928694,98.70951836829205,126.90332095302415,72387.74236501973,74493.54811392463,0.08345805890114297,0.08194428487345692,0.994799033722731,1.0015690796289942,0.9180163003579664,0.9225400415887107
p000313,0.43375325993964825,-0.4600736137612899,0.052704227503451176,0.0211161267330155,106.82016491658526,111.61889833264749,82099.4977667916,78228.46865707876,0.08717494236160077,0.07817293874949985,0.9376861850193513,0.9602813698697028,0.9358914380593385,1.0656159219516788
p000314,0.44592344875163287,-0.4202445869448887,0.05208245814443685,0.01914683180357929,104.87155037148344,128.11232689215083,78590.18910611606,80045.7714719187,0.07983457078797626,0.07751925513117074,0.9451260142238451,1.073629772640789,0.948910252684707,1.0688333765771372
p000315,0.44266119681512417,-0.42246511938612286,0.054300690598393805,0.021100638815748668,92.89556175129135,118.12394552299695,82647.02883154692,76605.50513754063,0.07872544292032164,0.08591117757111279,0.9611049288288128,1.0608449236981887,1.0779600600530677,1.059493694430725
p000316,0.47978887819171867,-0.4223610323497923,0.047760857373107236,0.019995954352509473,97.96587375878302,114.5215755438787,78911.70579753674,76546.91636617656,0.08529792265149908,0.07443627763110476,1.0595818221532145,1.034302639976186,1.0142566398356836,1.0410679205907925
p000317,0.42319260423585225,-0.4211186590273328,0.04818616024621295,0.02081841915720828,97.25029147610336,116.7910287475905,77528.61619686683,80901.92219589425,0.0833108592825127,0.08627981908563871,1.0814995074645066,1.0402902560807203,1.0976675400823657,0.953701442234346
p000318,0.4688271449158113,-0.4569066228229456,0.052273729108527206,0.019703113057273153,109.27754807836283,128.9247501723832,76645.25892708777,74964.7233525161,0.07829519907738904,0.08039473025214434,0.9103817845448696,0.9533094574301437,1.030307612964555,1.052201440034945
p000319,0.42370980745966275,-0.4592976862946696,0.04972142813545678,0.019107609013604282,107.72859673399977,124.55543119519155,80993.93227028188,72842.43930867926,0.07249890401452198,0.07787052634304449,0.9128429581502853,0.9459753097695215,1.0637843571921015,0.9912370799283532
p000320,0.46734640082818846,-0.4270930701636571,0.04870229099174709,0.01920327628725749,107.62397643883348,109.10635600894382,77586.69252894334,77373.85919712995,0.08641811636141898,0.08166128240531678,1.0572432722677896,0.9032906009504181,1.0676579706937834,0.9105431465382666
p000321,0.45565629948347125,-0.4634513942859598,0.05395529051644383,0.01932792747429528,96.79133390544881,126.78321475642849,85724.51768783586,87804.76043859718,0.08690448754674542,0.07641819573930075,1.009061635601521,1.0193777257102248,1.0312520961293006,1.0840200384626066
p000322,0.4442407801439485,-0.4398542792326399,0.05120645919841996,0.019549750902395194,93.48610324099693,110.19726553082786,72207.58164659799,80653.0663961634,0.08300409016871357,0.07971404987151597,0.9216020969260144,0.9682694373290228,1.0948411936101359,1.0948782584286871
p000323,0.43833499684373683,-0.465586951800654,0.0541369058917785,0.01975422024385821,105.95436589173448,116.09891140084557,84292.1616914884,82252.12722096278,0.07442671407378226,0.08120913561393918,1.036393973318752,1.0644198075199414,0.9006905596193769,0.9522926968827687
p000324,0.470886936564121,-0.43718594636917024,0.0469150710518709,0.021218966525045714,100.40837838847948,120.18814879046863,81415.32321490595,87729.20047383658,0.08682488056398359,0.08138805282470533,1.0267187191857652,1.0334685197369564,0.980241658592136,1.0175626212994688
p000325,0.4626601436178536,-0.46023811985021273,0.04725625127808213,0.020597050112275507,105.1696835150838,116.35619362930383,73659.57004668508,82064.25235522748,0.07682245141847276,0.07332414354151917,1.048968439480304,1.0619097620715736,1.0003321325996322,0.9619796651367345
p000326,0.47038735451167957,-0.4227594649489063,0.05170261800745632,0.01973158253151236,106.73842049441532,112.9169909442123,75115.12379462113,85903.0273680376,0.08779396570015294,0.08658620385490781,0.9530690205222974,1.0919146124000527,1.005288844121445,1.024439843484055
p000327,0.46593454381432764,-0.46977701633290603,0.05256208186689127,0.01868542001399321,108.3823288842543,112.06055209539606,86044.02457204205,78613.11968380383,0.08083414963986021,0.08469096328177342,0.9574618577856688,0.9021401995816146,0.9584741653795478,1.0503272630345402
p000328,0.45502041938160226,-0.4657170064249,0.0455357768498436,0.01920917160487763,98.83314423594167,113.99473356303315,81189.93281134401,83856.36492206842,0.08509620276872273,0.08021129414916824,0.9430501384933843,1.0055342867984802,1.0398627659867878,0.9290689228817873
p000329,0.47854026557361584,-0.4690683238017066,0.04717223828647352,0.018815267421756248,106.85072794835142,111.13098494298286,74295.48313108545,85793.71474064923,0.08029894875531744,0.07582871158778627,0.9143371222006591,1.068404960306082,0.9010109046562481,0.9723648837776334
p000330,0.4470066436845705,-0.46388616847081776,0.05470035552165982,0.021359251258734092,103.07122845138306,112.73423082586581,73168.53058005964,82233.76833363918,0.07597097470838628,0.08238783851118196,1.0932221430643594,1.095955912739451,0.9633705708599943,1.0368829834878013
p000331,0.42354657950239527,-0.4336123047517592,0.04867566155356471,0.020557145747008874,102.11765151525316,111.55154126318786,80305.86912759594,86179.58076512371,0.07408852825847626,0.07609234851025701,0.9122919447697021,0.9421058124169055,1.0021731664710576,0.9974533253747475
p000332,0.46564210233882786,-0.4222295879246835,0.05039273797440048,0.02011864499153302,105.67929894457318,114.25359974775313,85245.76209427151,75391.01508638875,0.086951261877461,0.07378886707187236,0.9605613803184825,0.9323937076972518,0.9353329573208644,0.9626841479791228
p000333,0.466305913361443,-0.4446765421523765,0.050635696829350804,0.021190011086471304,91.10327326532797,130.85093529169617,83274.05342114384,81231.12916101355,0.08306434974188427,0.08638034081575964,0.968574027229486,0.9275034994813373,1.0966725706980838,0.974238785553088
p000334,0.4519789678779107,-0.4252125319360809,0.05134838601096752,0.018151367915272287,107.33765760130782,128.65008433403418,86878.18870383094,81880.73909152253,0.07443720904538667,0.0804591009201344,1.0346957091013318,0.9995080164207417,1.0042155450888364,1.0073566427876874
p000335,0.4203323900007552,-0.4256013894335419,0.05162776901078157,0.020182805304302758,93.1789109780901,130.15253192003232,85605.47951743231,79156.88040240436,0.0769660898698135,0.08741027350143303,1.0453431313486456,0.9965132605653143,1.0683633113082767,0.9785868832341723
p000336,0.4618879420697788,-0.4713136916202113,0.050979106313936234,0.019424804209497118,97.74566424636807,113.44332888739397,78182.82417045074,74165.36431218646,0.08617364879684515,0.08146944623559517,1.0605142490152433,1.0091251809907587,1.0365550782931159,1.0286853382265206
p000337,0.4479728239030569,-0.42043783334279833,0.04986361287698941,0.018393216479707087,92.48672091661639,123.25298540805593,84545.2699031648,77999.50057695089,0.07262748594035771,0.08456194764922494,0.9956923316565196,0.9014863434609616,0.9726025592614334,0.9907708791394642
p000338,0.44968791211570547,-0.43742550447497874,0.04957432203047063,0.018116766798060586,99.45568753795042,116.70886649633657,86278.97825955307,83958.68812756786,0.08063230276655062,0.07869786850794218,0.9753620838983815,1.0111101376262457,1.0292519898371806,1.0780506493418733
p000339,0.47607872114294963,-0.4552628051246745,0.05486291510915599,0.01992389160761694,104.69107313499656,121.38687926653672,81967.37711978193,82659.47926609995,0.07633671713838644,0.0803233084740455,1.0978545062402385,0.9115154214086238,1.098932184945201,0.9622949915151889
p000340,0.4653203149562252,-0.4588240240513831,0.04952385192027137,0.021678742760423204,103.95685334697711,116.33836368826906,76220.36880956621,75778.08726973747,0.08077096562949837,0.07385358095167613,1.0126436303583908,1.0928800341709697,0.9134842754344316,0.9230954695179704
p000341,0.4580525560522478,-0.4307623956228166,0.04558281336892842,0.021503682816241376,108.78816245181586,123.17157832327412,75239.42649460248,78508.30887199937,0.08207982499059274,0.08537081419807363,0.9044207365952458,0.9296237929075468,1.0747815874795505,1.098135030760116
p000342,0.4688982577106847,-0.4415581257362282,0.051538423087156345,0.01950769803878017,106.90626736180872,120.79234583413465,81392.24658110783,76239.17016366402,0.08053766459948519,0.08576723753701485,1.0910701293410123,1.0879592994064509,0.9879663143705255,0.9333149357532114
p000343,0.42237083266578157,-0.47757696278843526,0.053593736264472544,0.020072199271538294,106.4971561972169,126.83596040850293,78119.27354843123,85140.18101312839,0.08645032006452029,0.07812799651399774,0.9897583190523721,0.9358094672749775,0.9236994721937227,1.0243493856991392
p000344,0.4444060258759301,-0.4541731541390359,0.049819370036072286,0.020429100822740298,91.82815161151288,114.12799833698087,82851.81653418261,80358.66348666853,0.07834529296162249,0.07357146594822528,0.9056652027682289,0.9124152972086981,0.983179139378216,1.0434541643647595
p000345,0.4427447556073272,-0.4380829720133118,0.050192625479061906,0.021459652068782684,101.98138823772749,131.03661657458812,82840.29748249866,72929.78295116524,0.08172501380594227,0.08726178542589051,1.0897703798941296,0.9436753104717885,0.99222697420614,1.062444007130352
p000346,0.4669166700940868,-0.4570229345154536,0.054802302273283116,0.02098798099568382,108.06328983752532,113.50038539062476,76620.7522436124,82696.63576199523,0.07278733112646751,0.07668943314091964,1.0511904857872136,0.903614963285891,0.9088552072435289,0.999628556159245
p000347,0.42977559758035744,-0.45278735101900797,0.04639163126615148,0.02174589559456355,99.86126554883994,121.1636962063745,83355.47538812873,80536.68288013492,0.07640335345687871,0.07502958600472964,1.0681919399490087,0.9431138979210554,0.9375130706229665,1.0877538388403303
p000348,0.4243101552745615,-0.43037755244780324,0.047877470864742804,0.01831850099705383,103.9757875581294,110.6551405015533,80213.87341072188,86314.22471767996,0.07493507288332588,0.0825843221459344,0.9664238328770552,1.0315457261181442,1.0653304366131815,1.0306849870372197
p000349,0.4294251437231654,-0.45669282388101096,0.05402045757747623,0.018557933730460063,94.54628452311113,114.80484036243125,82761.55761144502,83437.26226781271,0.07307918092105303,0.08074215097115617,1.0711906129784874,0.9947244128037337,0.9817238812112223,0.9570727616082727
p000350,0.4773182567615836,-0.44017283972207205,0.05366225469252231,0.02055010660869963,105.77953751468512,114.90367521671351,78478.05344975002,77715.54490207613,0.0766515239850587,0.08249820408152922,1.0141867593789138,0.9641923883735033,1.072516742135043,1.0203732542066848
p000351,0.4577734813869782,-0.46239131463440647,0.049251346227701095,0.018363935818825627,99.00345805621467,128.1763159962146,84256.4033084954,74893.81731540682,0.07625125115002965,0.08235537284650139,1.0087955588313644,0.9152209650129551,0.944098514073941,0.9470136187958543
p000352,0.44936793898843014,-0.4217712529028003,0.05255008667374882,0.01961223051155021,109.6860510715852,112.9635741448315,81749.37741775162,77500.70970942746,0.07242430760996998,0.07710818259958746,0.923920895135417,0.999107272425351,0.9424407190105089,0.9670844498906332
p000353,0.4410379181195235,-0.44435252037474576,0.052817211761416044,0.02067458654400959,106.637703875156,108.56550121927133,77656.23968086923,81110.51835624894,0.0845110217174717,0.0846370472285225,0.9113565086285114,0.9635456158457385,0.9173209644671751,0.921192700892595
p000354,0.4524926978485576,-0.45970408268808755,0.054496517871470224,0.02000962363161247,101.49362958428473,117.96671143021541,77187.03132822567,73804.50202097224,0.07643019573003484,0.07432891687362461,0.947297426308512,0.9121780102075123,0.9582109944599857,0.9190837857035162
p000355,0.4203874157622057,-0.44532645498054935,0.046517046026489164,0.021295237414956134,109.82762264623325,110.52315320634483,83091.64755420943,78194.70011440321,0.07486958178409185,0.08422231373747269,1.0533239221515007,1.0075296264612528,1.0007692305673552,0.9892601919295697
p000356,0.4229041438987263,-0.47191102664320234,0.053497211711782226,0.019457476149309327,108.59179328123311,116.15280550520923,82234.09209116785,83882.61818132347,0.07458560755631156,0.08051157102811751,0.9249155389465954,1.0899371860674532,1.0355530669347812,1.013741472273083
p000357,0.47489527993665065,-0.4315707923760015,0.04621847583771343,0.01814023145535767,99.32001252766165,111.36910044032838,79747.52487291221,76350.55835584132,0.0788627024388782,0.08663047560361158,0.9146890488163196,0.9625792435314342,0.9972206651153598,1.0335082488080292
p000358,0.4664128878508181,-0.4214525549563064,0.048211610242419045,0.020575524117747834,108.30276850639079,126.09846614983026,74649.75134395609,73916.24282043813,0.08440237716533201,0.07820154103432381,0.9440579056372131,1.000987873592367,0.9290687808927897,0.9128555849143599
p000359,0.42687302079074163,-0.45045676160373777,0.04969545524930278,0.021634305065366004,104.082800173722,111.95705410077201,85032.55965070463,82289.42770750776,0.07932309915726092,0.07978691576526377,1.0938196802754256,1.0857049066309818,0.9140320525627308,1.0395811000487694
p000360,0.4652366925151125,-0.4613735590327635,0.04732554500232567,0.02121318691116001,92.75817004902356,111.78448299380477,78290.8492406755,79396.55066207297,0.08281667698195651,0.08361742618053439,0.9284277187094789,1.0576581282475945,1.0506228610238697,1.0652714775200365
p000361,0.4548996240892828,-0.4378143368918327,0.045229808988895906,0.020415335545556714,98.46717338518378,118.34439785831749,72489.3752073601,85087.79668985623,0.08626678202991604,0.07553145222542358,1.0137617165122217,0.9330384726024498,1.0444175839013348,1.0874763427393712
p000362,0.4290318307782565,-0.46456729128333607,0.04899280739144399,0.019391650817423486,101.55799221955066,131.32555226408124,75613.1646023388,84334.37721824428,0.08194026095044216,0.08324807934561412,0.967929530949038,0.9541284413044069,1.0456814883748566,0.9239609281348367
p000363,0.45264617163169935,-0.43912538404165097,0.051574186738634294,0.02159770476286277,90.39256367256965,131.7664158338537,82006.08432918515,78428.75906833188,0.07685004939068306,0.08231566293020359,0.9810703263440135,0.9307747790231488,1.0282207457438612,1.0458326290857012
p000364,0.4680872311541533,-0.47302311957052645,0.04926187587745969,0.020635660559750878,102.43272625326235,121.87177126872452,78814.76192089767,78242.4459082962,0.0771705448144164,0.08572005206400186,1.0991479267043989,1.0359996524316861,1.0232365764554199,0.9149449500980874
p000365,0.46956429808712374,-0.4281775184785544,0.05216887683863502,0.02118180845183355,108.89311564085997,113.15233800523808,76743.67694682158,75128.87443462077,0.08220426382842398,0.07632087846733034,1.0553736353974192,1.059150461003749,1.0512222012324948,1.0543504355084226
p000366,0.472374448525762,-0.4322658691058821,0.05427202742745181,0.021590076996293707,102.65141844410532,118.89554595473368,72976.63088053126,73291.41931107763,0.07529155615162723,0.07836907730472725,0.9300480727076905,1.0638697593325117,1.0112788896952372,1.0569232080779454
p000367,0.45681519389728964,-0.4706745454759062,0.05222301207141737,0.02102015467161099,107.23049318893031,124.58126256555637,80813.03454894107,72216.97317440246,0.07891909777557254,0.08547961343378804,1.024131526079293,0.9386530935246514,1.0693280670553955,1.0999565471995874
p000368,0.45152879940146196,-0.4714875429179528,0.05393194598070521,0.018326771569855304,97.20796147355303,126.41404943380084,81050.78367673638,77512.99184841808,0.08065209538723724,0.0824815670852844,1.0286125552760408,1.0986956248518616,0.9874380602848563,1.092228561819482
p000369,0.4544004933379674,-0.47106261937076727,0.049939055495989516,0.0203139268590008,94.68702919170696,115.59976765107902,76382.98292248306,75570.80380025234,0.07922774655249579,0.07468410925068407,1.0017607594285065,0.9030191364259365,0.9850692340753493,0.914566661201942
p000370,0.4722894559586742,-0.47177864798154295,0.04889673927302802,0.021631099227582887,96.88300032194634,115.24023778683815,87858.55451595105,73584.81406430679,0.0787185150531424,0.08150980121643939,0.9344814926834466,0.9872128406538327,1.0528403854877377,1.0498288788890857
p000371,0.4777960704926195,-0.4267820668340637,0.05452521595606362,0.019058129795066235,100.23677394895637,127.19707992734808,79016.83964297369,79849.1296450579,0.08153022257730919,0.08188738127136679,0.9291934676528272,0.9755509202405327,0.9222896333837682,0.9267630482503583
p000372,0.4789845882175753,-0.4300109627874071,0.04546005401808534,0.020646058146587095,102.88836070149154,123.34966859204835,76128.04553349438,80485.66911241307,0.0775944852638827,0.07831949408998254,0.9693594350796071,0.9784540199047723,1.0660170392631285,0.9306027661408878
p000373,0.42830550251702215,-0.44015960009713334,0.05444802496273321,0.018902414860981088,106.13568389370383,122.15163514597842,82147.0395186135,76402.877734501,0.07402062560589648,0.08209386724723924,1.0079832179461712,1.0754894340325103,1.0264021789902449,0.9070154421984538
p000374,0.46125224303250806,-0.42397645320424415,0.05022137049885615,0.02033062147519091,108.35940929488189,109.42673067851425,72710.86960226983,78646.89465813152,0.08313690131857726,0.07681965295651681,0.9177659114793866,1.0490415073304618,1.0311493329050745,1.0994530325409002
p000375,0.4349993414752258,-0.4622215726604615,0.051831795967085634,0.020144639794643694,92.9286950878375,125.37757196862859,87694.14602983395,80436.01441797003,0.08191344545401787,0.07913692395466532,0.98934133819482,1.017226531245403,1.0611844451242223,1.0376863932383005
p000376,0.42159695303493644,-0.468763714485546,0.04963919946261792,0.020433743342553413,99.93014789379315,130.00120812614895,74385.52387022614,87845.89561717797,0.0790056962494503,0.07204452481537459,0.9255025019907163,0.9818608616534823,0.9162713282758541,0.9011508224716457
p000377,0.4741704888005859,-0.4410714180768503,0.04837491300814292,0.021202231364935258,94.73819533482165,118.29613451621353,84122.13740840531,87310.32687628802,0.08471920662846434,0.08224900150920009,1.0858224682450917,0.9671172554569393,0.9615652939779554,0.9320178879408424
p000378,0.44136512031290803,-0.4259638479908334,0.04882176798358132,0.02077622410369263,93.8956962035871,128.33015064503826,80483.80377812237,85778.17934196598,0.07419897531994858,0.07579636558327549,1.0719621909436832,1.0908068864412221,1.0642839820609988,1.0946554179314008
p000379,0.4537400548019999,-0.45986318229410306,0.05405760542869245,0.021380889656296934,100.2771406118649,126.76683794677939,85581.25107067279,77043.38615781198,0.08649659505393664,0.0859620765316643,1.0564123466187485,1.0423890967701177,0.9190290904864278,1.0177785441343112
p000380,0.43665704945102674,-0.45351130228394776,0.04916898723202341,0.0185406818366846,93.6527731585252,121.64585072942373,84720.28330056099,87690.77693715115,0.08350788901975713,0.07550059779371841,1.0183028068395683,0.9315764932060272,1.092770289910628,1.0764328136160406
p000381,0.4562578155239076,-0.4763164464949393,0.05059032488364663,0.018528577275725495,98.91192050906214,115.418654125175,74960.64684273137,78825.69838623374,0.08670147967670742,0.08122649810163934,0.9748871912985853,0.9285013057168408,0.9568208537115811,1.0682029151954597
p000382,0.4578434001945265,-0.4313297351245724,0.05138155066684276,0.019766136304911523,107.12963110156161,127.40563239710622,83454.90164873566,72089.12779839874,0.08025326685655801,0.08447273555185719,1.0273520336142334,1.0573945354449799,0.9605375010394047,0.9313000197522795
p000383,0.47516818587447335,-0.456511513520181,0.04635238240011119,0.021015485726688286,109.9717018444713,114.7616577638821,78353.9619060528,72994.0034343643,0.0833406017433514,0.07262117582646167,1.0309552432377216,0.9511886259259874,0.9767846810914916,1.0005914719023357
p000384,0.4675764860605036,-0.47830842582335253,0.052950925571432404,0.021949059534091493,95.35061582159645,119.9592068137908,76018.77800317164,78440.85636110624,0.08140469530857236,0.08219755564193584,1.0787543080216564,1.0741486226056869,1.0261733339960195,0.9660059625210444
p000385,0.4383920212644147,-0.42359483951948773,0.05336815281893407,0.02094339400398416,109.22397491924825,118.67168077586562,75422.33548595538,79424.7366822122,0.07941543173474781,0.08114183132192102,1.040336595921385,0.9885899775262125,0.9637044085755438,1.0250928824749954
p000386,0.46012710318359223,-0.4333243046264414,0.05377615236024183,0.018516521367374004,105.2535316823993,117.74697407291241,75766.88871562753,73415.33405610813,0.07611986718115486,0.08702414152377214,0.9650154789069895,0.9410945467454173,0.962613546258384,1.0093870712786597
p000387,0.4629302322577884,-0.45202183787462785,0.04890369256575077,0.02083625376937191,102.34124535693573,110.72141613309623,86661.50961391552,77332.17314073502,0.07417103717985471,0.08753190160433794,0.9099853691443724,1.0653076939803081,1.0189201738254616,0.9674929076115502
p000388,0.4614237435378856,-0.46670510336561144,0.04912395475497779,0.020745821178319152,100.91479277350994,130.2704781111757,72134.86180228177,73776.7407101944,0.08213987195010007,0.08008639194064428,0.949491635668245,1.05392815590893,1.041041349043362,0.9126717961654655
p000389,0.42013837716926844,-0.44810003545160787,0.048430965555959576,0.018779460798142147,104.01625427852571,128.09135226460953,81295.41231970448,87821.03009214994,0.08143454820093357,0.07214012808381201,0.9559432054722848,1.0079127792350597,0.9917546865431806,0.900448027358063
p000390,0.43941183949464907,-0.42696644984293813,0.045860395365290955,0.01828270495756021,97.69850234921186,122.10253901064942,73523.29789024817,85163.01648287884,0.07914815954137083,0.07595683765119243,1.0615949410736327,0.9137927995372547,1.0564429381131775,0.9136429657479749
p000391,0.4632633329702114,-0.4449174278345975,0.05438133592452553,0.018819739010823257,99.20224148210288,110.90386457797901,81552.10841211221,72675.66160783675,0.08664059404091211,0.07921437407414975,1.0197948226026874,0.9242908534082434,0.9854781694322752,1.0838967362473018
p000392,0.4299023650164053,-0.44683010212259117,0.04601259140333155,0.019989061209474655,90.65498723484296,108.89821490260017,78612.90113406903,80813.26910359271,0.07332767310182714,0.08148522591318397,1.0295088137671455,0.9820354265850194,1.035989977394854,1.00636990940335
p000393,0.47301485802559884,-0.43175086443192867,0.04746656451422304,0.02114224773877215,98.21160760137984,126.6662177764816,87268.51856960094,74699.36118246078,0.08553694159710454,0.08203622409452375,1.0114254323945482,0.9774554867994454,0.9044168216978913,0.987898729671573
p000394,0.44580346322319697,-0.44368680937774124,0.045324804197995026,0.020127899950236523,95.68975686947806,130.4169030521431,77257.03481997839,80683.51025059032,0.08568336549673838,0.07955198872227003,0.950413871616889,0.9205773763546516,1.059602678706096,1.0926795633791413
p000395,0.44783260613376075,-0.4343741654637151,0.05168798858317986,0.020971313211711785,109.86695265397059,116.04969971069374,72554.45332201535,84757.60403040987,0.0815762684633163,0.07994851479991237,0.979657130529304,0.9610581966510632,1.0756894609867647,1.0341785000214825
p000396,0.43389498262006415,-0.46576155203632924,0.05107392609901432,0.020853703156775233,90.35875167294758,111.55841505727699,80636.68933898052,85964.44737116693,0.08223390108074118,0.08778316184424692,1.0460304370840612,0.9927657946898154,1.0442668177768204,1.0147608685603748
p000397,0.4489246757610061,-0.43771781428471146,0.049882644721928424,0.020215255143370355,107.05229378101089,112.42018530400738,82511.42175484054,87944.26183630877,0.07955404227227832,0.08299037807006746,0.9360100786525941,1.0004908278277642,0.9978399709191098,1.0807930581616083
p000398,0.44246658192030686,-0.47682497693618414,0.050677005652204565,0.02100691893309452,107.42522784097174,126.96709219917778,86386.01801856382,87992.36272875995,0.08425741288888808,0.08483597342641579,0.9004006137634986,0.9503927592623451,0.9542212014091838,0.9183631390159261
p000399,0.43262525218173326,-0.4383430687720574,0.04852283578652277,0.021422928370664684,102.01512851468694,115.10132396768198,80567.42265129338,76045.44258788846,0.08090717796421516,0.07596861097157974,0.9206914114737219,0.9260236433445145,1.084339355777538,0.998013374985402
p000400,0.43810164795185075,-0.46595665749707943,0.0518814204272966,0.019861593056313385,98.58601387681378,124.63736012355741,76521.0831017647,85453.85386627835,0.08760014273824443,0.08296620734600325,1.013115512302463,0.9770212757795602,0.9177071484519167,1.0114229080904955
p000401,0.43775259802013794,-0.4524650042369294,0.05326047712461045,0.021375877797340924,104.12161275750995,125.6354715377443,86235.48575732132,78068.11472062716,0.07433726372521973,0.07844736355036538,1.0754858145840966,1.003599380156557,0.9559621063512077,1.0089559696443253
p000402,0.4336675155060336,-0.4633438495823005,0.05380353563798318,0.018179929923478066,95.96392966704613,117.63648174547006,80102.92588820813,75260.96015049303,0.0736755644199428,0.08459588292358772,1.0030631830159027,1.0461270322112761,1.0097545947504798,1.0755733227956712
p000403,0.4392350573917768,-0.43923528584742844,0.045247271052312674,0.019746878649997617,102.75847863625798,109.24987951634833,82908.61335664219,87039.55057931787,0.08423832241789889,0.07248244763057143,0.962320082979543,1.0304713845016866,1.0922391567739864,1.001195836960553
p000404,0.44982996270067177,-0.47702689452778196,0.050307669962113784,0.020912855426359785,97.33613656140955,121.09954975284688,75029.34059370308,81984.4506518855,0.08767081007062846,0.07456647505379452,1.0237243773285276,1.0509579141316165,1.0772789550846793,1.0757172064626161
p000405,0.45546217190717436,-0.42609227649973835,0.04655396524206042,0.021693976791422005,106.92992870732016,116.53664451487806,83743.239264663,82540.15789244648,0.08707927484817427,0.0749758881217926,1.0571423864312863,1.071651061861776,1.0707682608727285,0.9414348365324912
p000406,0.4492290263294621,-0.43315920860935037,0.04848521886148271,0.021786224616180436,106.06110739000445,108.37972748172558,77019.17237829251,72568.70383392797,0.07744988608127398,0.07438988956966608,0.9221236422205615,0.9630245736705919,0.9525895356328311,1.0733421841476478
p000407,0.4448273713142718,-0.4448124772997616,0.05325090206754252,0.01985527007041596,105.63273217642832,126.69534013606065,84824.6053079988,86832.56049807458,0.08741924656200512,0.07520239597432866,1.078805467128576,0.9177638113908982,0.9958296531464348,0.9515430021082886
p000408,0.4599801656622834,-0.4639692148475277,0.05040720669487876,0.018464669976410844,103.02671115050063,131.0647596539652,77246.43953631537,81784.19194513683,0.0855144891988677,0.07879967944392136,0.9955656504115449,1.0816745356113269,0.9926349686812532,0.9872715676148056
p000409,0.46218186981611553,-0.4364581073455081,0.045440384522219525,0.02164559726079913,109.57771089559097,124.10081729432653,82710.11952320636,75218.5634479179,0.08610125282375077,0.08071118601199899,1.0110531086304855,0.9235299823401848,1.0036606391166203,0.9883242142945001
p000410,0.4309984563997947,-0.4499862687703926,0.0494133225390197,0.02184883246252352,97.78475664935618,118.62389244126501,76819.08359212584,77852.10491628872,0.08039050322450017,0.08539524003864521,0.9527311099534482,1.0905895395950518,0.9784192813770349,1.064800102637289
p000411,0.43026754165292747,-0.4678872024594847,0.045642180053415825,0.020617507471498195,108.11980994942455,126.55594257630997,85283.2380377368,87054.55009040645,0.08480365463660591,0.08558279842040468,0.9406783473200833,0.9426942568752505,1.006332534900108,0.9865759227825543
p000412,0.42532590855844893,-0.46823379815067706,0.04901487833202869,0.019090577845498346,92.14290728180151,124.25953776554056,87837.96070195708,87874.99532885056,0.07781434329873264,0.08391134368820966,0.9008506420795723,0.9905188919952008,1.0937733461610424,1.0901260515669773
p000413,0.42333946676274264,-0.42074342467665093,0.050458596233623185,0.01848277018436529,92.69506468870487,108.69754221749277,80463.30981715559,74574.50850498572,0.07315303802555377,0.07805786999685281,1.0302272021936671,0.9588369388972025,0.9002923364199282,1.0815115531825104
p000414,0.44606106739922774,-0.4797031918735581,0.04918941739159076,0.02037578893495039,93.13663514186895,121.7780344044287,79870.5990087509,74463.12110184424,0.07432358068544419,0.08177812216811675,1.097453731882024,1.0070672737689397,0.9832095047891007,1.031257756278438
p000415,0.4541283370786501,-0.4355875437051146,0.04534066146714448,0.018007426174114237,108.72644262811914,131.19896673505892,86507.87898679228,80387.17501417709,0.07688273071789516,0.07722110585560284,0.9982363787892752,1.0701970812622015,0.9778661356671545,1.080269368033142
p000416,0.4257713103086287,-0.43009175082713835,0.05065383812432797,0.01875193954985285,91.98155395375042,118.46363053809192,73846.77383340648,75914.0757964398,0.08175784687899347,0.08052691205965563,0.9858925294093087,1.0612411058271825,1.0350822496386585,0.9628547685013498
p000417,0.44359976782352895,-0.4792985114620801,0.05154394673132892,0.018461308735947965,105.45041189815873,109.84261363836038,86769.41617725024,83677.98419161128,0.0767794459050509,0.08509623527275684,1.0679479312760114,1.0825115712931996,0.9861858532032333,1.0623776608803879
p000418,0.4396568732647609,-0.47849472751755545,0.04762589936294777,0.018086184519394255,96.72240845473615,120.24477288958973,78321.89610448875,87419.4610401052,0.0773285945474311,0.08340960568368672,1.0802188574022937,0.9968550856614145,1.0176358023103704,1.0356951148626297
p000419,0.4387582459637496,-0.4443994977674211,0.050896499346070025,0.02099247588261734,95.27891897259659,109.73497878432076,73024.41292443003,72043.4789813239,0.08384292293418273,0.07611284689199777,0.9564954655599283,1.0874439698501224,0.959868093495335,0.9763654248954075
p000420,0.47802868041906055,-0.43960083833291086,0.052294879803981356,0.01980867682937854,94.83421253847673,123.67174949165637,75916.05709493178,82917.15656304045,0.0807466754576462,0.07271262315706858,1.0157166548769394,0.9604994452012299,1.090261173879338,0.9851024579221425
p000421,0.4558258527022006,-0.47045678505677185,0.04971202570790389,0.019838626573547808,98.97356013900794,127.02420547750808,76117.98578560747,85422.88002304654,0.08468819761475935,0.07776922619111513,0.972939886744487,1.0934666477504744,0.9102870140481152,1.002738198552445
p000422,0.473346279754902,-0.4457258125493532,0.05149101544955952,0.021554904673728625,95.75331628332252,128.5529470398522,72937.16053280953,79810.86395967835,0.08764216965049343,0.08404993052595883,0.9937345732743701,1.013461268105904,0.9683485493183869,0.9000753159944385
p000423,0.4781679382872492,-0.4531012488816473,0.05112250152676306,0.018929250900517874,100.19378137066386,127.57325949387811,72117.55288626291,76746.40977347776,0.07563091493172801,0.0765730604028684,1.0152053190728183,1.0361978901867979,1.0403441371857522,0.9040882438148169
p000424,0.461728930476178,-0.43300624299180085,0.050514835604857554,0.020739182916295146,96.17904226066678,119.20072590605709,77069.88010214973,79750.09211574512,0.07990543205232264,0.07307805495744642,0.9625332692462211,1.0529012517151606,1.0914867765388199,0.917110040525084
p000425,0.4799837609174173,-0.44728580014657654,0.04831457892207902,0.021763176450726916,97.46554423892498,128.82955461037943,74133.08381463852,73203.70587131761,0.0761608852216853,0.08517956434879295,1.074893457182026,0.9227668458783896,0.9138309606327989,1.0233363275512417
p000426,0.46543785321178066,-0.47661327015443433,0.051001847418262546,0.021543678738492125,101.3005013922478,119.75109827736779,83181.27034314672,77436.75858532765,0.07472269404784679,0.07936005142409627,1.0094707381194505,1.0412583249099647,1.0849061651796024,1.0407327603749192
p000427,0.4306941252714737,-0.4414480492500184,0.0501396730426584,0.019142046877915216,108.40747117489477,115.63344981046716,80926.15096006672,76627.03535728338,0.08015529478305955,0.07212647311862305,0.9520808538580081,0.9167856030190814,1.0628010554717635,0.9085610858034263
p000428,0.4594008979167541,-0.4496514613025525,0.05141044638752442,0.021613849013531937,91.29106336861767,115.84242914363257,77444.8542482447,79284.40923564896,0.0788395110463058,0.07847517780563804,0.961472278053436,0.9717109189628479,1.0719035973753366,0.9694988358266242
p000429,0.4324029093601039,-0.4791387343623664,0.05000565390578863,0.021867842744467902,98.42914160515555,117.35168315408208,86006.28611771521,82037.38858578808,0.08502745553903754,0.0860033332265367,0.9869658495870206,0.9612235624688793,1.055417173535204,0.9018039367426497
p000430,0.4355333040766872,-0.4266089108221846,0.051770361068106355,0.01956328556787633,96.87409701191928,121.42769124823396,79139.77588745147,76089.40581840728,0.07751400123224453,0.08567919942201624,1.0312664806294283,1.0216120037429715,1.0508128980215188,1.0462881758000382
p000431,0.47639352291604314,-0.43636110583288046,0.04670320234213971,0.021400917971226372,91.36853192668407,116.16990879672088,76293.9504866971,84141.96010911089,0.07298090415436626,0.07718256319051967,1.037475502137688,0.9244159033362892,0.9187164424477907,0.9607746129828009
p000432,0.43228651438986765,-0.4470005473563593,0.053346311543073816,0.021800150665981684,98.95121182542175,108.79816287150858,74308.49125845548,76959.04783487476,0.07237015249620311,0.07808790508415031,1.0685215571594804,1.0923463352628175,1.0119980732326264,1.0698925393782681
p000433,0.47265897185729067,-0.4661843772968894,0.05330616722932498,0.019171660725193863,109.78526942244163,122.52773114212053,87060.18794937996,81407.82479765803,0.08329325941414167,0.07515432941857006,0.9364165213744254,0.9276327279611323,0.9209039945889382,0.91551093898492
p000434,0.4275499598437497,-0.4728529252032768,0.046577990852869455,0.020108735790964,99.96168349751035,117.38743039737966,80954.82655342764,85101.38803539531,0.07976883570655527,0.07452663255210519,0.9951302269754194,1.059674712645927,1.0423353371379867,1.0788038782093734
p000435,0.4629831506567707,-0.4531761928536719,0.04799950190675118,0.01937757665384365,96.62817193920236,114.99380123258305,72835.95318952813,80076.22337142935,0.07760733521172035,0.07617562570453208,1.0956827746270374,0.9639191014860031,0.9169511605139823,1.01938743127019
p000436,0.4320985616273993,-0.47575929333382366,0.04647245001424502,0.01996588061911035,103.16416029645774,116.01573308704631,78401.25050094866,72444.32948092758,0.07646806684068633,0.08089139192106666,0.9705713430904666,1.0279566770032726,1.0214171564194217,1.0868045943219233
p000437,0.4219433882718848,-0.45024442104666046,0.04984468430507013,0.019178132073586124,103.56865024526377,124.36300578261528,81328.23970440119,72398.96088100798,0.08443403234982846,0.07566099267674326,0.9039368755761543,0.951735350416405,1.0187191945604952,1.0159917174019784
p000438,0.42053894591686547,-0.4250519850500464,0.052821595406842774,0.021091246796601654,109.12873491209169,125.46992821150839,83577.00674254348,76115.84797915898,0.07330339984790243,0.08709888191838674,0.9348279471307204,1.044840063454326,0.9445929946804039,1.0538496836187536
p000439,0.4244550072679901,-0.4370353657154691,0.054243656354750265,0.01825273822842925,107.46293316202535,112.78558996427641,75286.74945977861,81197.97284903677,0.07280810183628703,0.08798879583265655,1.0560695175984451,1.0480341166199685,0.9931618808390783,0.9012556165167461
p000440,0.4579638190859397,-0.47515417466231114,0.05416138512570211,0.01876517177484663,90.8808087200143,131.72733060259674,83878.76378506204,79566.10261588411,0.08498118875031527,0.08041613605964078,1.0070612745190084,1.0319755019905552,1.0658577886236402,0.9758409934069698
p000441,0.44857629017581657,-0.45816753613821104,0.04824807685087786,0.021193121171884245,92.24228085107092,108.28305760153457,82460.96800038754,84561.61376613931,0.07399425983345263,0.0851490918449888,0.9040309369009398,1.0349258314060144,0.9154865536490707,0.9738212346330938
p000442,0.4771889739419232,-0.4788111225022342,0.052367537202975246,0.018378133230328022,95.01765366416639,114.62140310737568,81879.80572358641,86465.9066889327,0.08292236084261563,0.0856613740518557,0.9996932528100997,1.0808636640295262,1.0479673887890348,0.9484821776656421
p000443,0.42845718383783743,-0.4664214588332801,0.051250878200504016,0.021702027566255694,106.44916863427204,114.45128838785155,82140.75732410428,80468.57797680292,0.07756075080725476,0.0789722060293103,0.9400906444460777,0.9405552617383747,0.9953125034158801,1.0318707727566043
p000444,0.4584293135187016,-0.4738019079044847,0.045411396729556776,0.020796447645492145,99.77811200041458,120.07732695827325,77695.00196320427,81557.71866879506,0.07482449400450572,0.08682353615978747,0.9063089698731515,0.9499667870030762,1.0970556835018124,0.9103886982224721
p000445,0.44692346737845007,-0.4305618523699288,0.0526645769169452,0.019886064234815017,109.7522062059105,113.90526772309434,78451.53161385882,78659.56012354697,0.07319288073140018,0.07862032676284937,0.9487313884087608,1.02379674928094,0.9269701043111461,1.0578623804834144
p000446,0.4234682479280451,-0.4539544753721287,0.05017415718442077,0.018668863158081368,106.76380461158988,114.69240240689668,77720.10579006169,83413.08018114242,0.07831351915069819,0.08353592232471616,0.9214888284068686,0.9281767186226783,1.0148776049613977,0.9813390402440683
p000447,0.47547924503520594,-0.4225614174621928,0.05350644001669617,0.021384600598958175,103.61603577060716,123.94258941197513,83750.41896954314,81451.58879235668,0.08484137731890827,0.07740468543684624,0.963227652829378,1.0972562610216716,0.9657934140347877,0.9841400004265494
p000448,0.4272869709560053,-0.4332162338068146,0.05311391083148241,0.018207226338819157,106.96388734870945,114.65691675517418,79688.1514320911,83538.58282682355,0.08540279012331098,0.08711646458640021,0.9814199036010061,1.0730418219596662,0.9645001445992796,0.912379859758491
p000449,0.4779462587489358,-0.4431823940641851,0.0493159355160501,0.019532866862724922,103.81628341490442,129.43279818078398,82477.01102769375,75471.70346185379,0.0800079448250111,0.08466929786128673,1.0500461582803062,1.0658262123506885,0.9937821629370072,0.995697093820398
p000450,0.4334872363114745,-0.44344867804657523,0.045037101225992214,0.020501007862062402,95.89168087167732,109.19996863931513,73064.79160029956,82746.29033062872,0.08233812498942256,0.08370966982150709,0.929379051258241,1.04315033256425,1.0382895227028277,0.995480056918705
p000451,0.46471581121003414,-0.43816093312366944,0.047093923055520986,0.01827074753050694,101.88831151308017,128.46912657485316,72826.87314219194,87277.87247624311,0.07358664690172623,0.08429421441173597,0.9851264094081983,0.9794355443390941,0.940959986751886,0.9688995784426154
p000452,0.4508950251509273,-0.4514544556427341,0.05144026739565701,0.01912763492408151,108.70595950644517,122.94960987637279,79261.85231154354,79106.94656977494,0.08381057282438141,0.08270448489790097,0.9984548804332491,1.0368258050513348,0.9405931896530327,1.0189986661637547
p000453,0.4395366482814496,-0.4585118077142619,0.04740043442919533,0.021072814087080536,95.18507356558321,112.4968978113283,82052.67121305235,77245.05851641946,0.08342361366148725,0.07630900710061549,0.9772991262510561,1.077544046835335,1.0051106797916545,1.0141572726415693
p000454,0.44153266527341795,-0.4408753402480593,0.047025610763308745,0.018155100214428812,104.72533501677138,121.45319196251873,74914.72634907387,85302.91505307094,0.07414001897723424,0.08273871554510917,1.0486183403439566,0.9938718045867005,0.9825458384992976,1.042469516505423
p000455,0.42479920053639286,-0.421961917868437,0.05011993721799901,0.019346197479480718,98.39250507568536,125.5067244817116,78069.91783893744,75282.09907044108,0.08446860710169145,0.08116510701645456,0.9167362258629017,1.0137782600216303,0.9795687966412802,0.9449573956777916
p000456,0.4590295332330933,-0.44549766996980494,0.04637495484498086,0.020605157841868324,101.44052704391171,109.08715211062444,76084.85485807376,86737.80999458877,0.08404614620334297,0.08471090489410728,1.031823860755667,0.9647982094237292,1.0489995868667361,1.0484595922229554
p000457,0.47872116584179847,-0.44050289940645454,0.05457629417084256,0.020772635377855057,105.39910166847432,114.35123405467303,73785.49190209199,86614.743366788,0.08464778418266544,0.08728909602786396,0.9055067371566323,1.0720783542556394,0.9813557965673058,0.9832283630771699
p000458,0.45864422152233586,-0.4683596840443527,0.04728002258016268,0.01989340100148925,100.10449564161209,130.4767391770812,87396.74658883229,84380.77579214986,0.08262566128624808,0.08253746601291562,1.0146245606493354,1.03733825316305,0.9106362852236152,0.9346822553043848
p000459,0.47010278006613865,-0.43874219154954386,0.05272300071679709,0.019736399899298016,104.83936445770664,120.68465668344949,80411.86991172645,83053.94925742592,0.08533451186994362,0.08502383434495733,0.9760846947687459,1.0662763393911814,1.0209350690072618,1.0267816572058355
p000460,0.45118272135462956,-0.46275768756311453,0.04809900183004723,0.021163470109080526,100.44208994791236,125.15409366662038,85104.1350870704,83818.21023022839,0.08541677824524371,0.07828809745439798,0.9829388046205745,1.099266864297409,1.0393286934967807,0.9478957707334126
p000461,0.4411529255082781,-0.4478010636463678,0.050321050189260204,0.021274428104846435,90.22632299316336,128.70449694922678,74476.3831028334,82323.20273939123,0.08702953400520015,0.08551276822941062,0.9672989525551923,1.0023031952323118,0.9742559254876056,0.9281837274853105
p000462,0.4310430183873696,-0.45398309274075516,0.05230058274667524,0.02054374697939687,93.58412597293236,119.36147055975783,72329.21238775851,84260.06855006324,0.08019510523612713,0.07800547976451316,1.0601446836574304,0.9828303088401912,1.0200385631104623,0.9112255936171408
p000463,0.45523200471677705,-0.4351925162126392,0.051160207303449286,0.019292573165693338,103.91747305596968,130.80768093854556,76038.56103476748,79947.75975699969,0.081047030113404,0.07677764565127058,0.9942129603503957,1.014637768526497,1.0323386461925939,0.9870718035537756
p000464,0.47459943646086433,-0.44737164210149993,0.047491469915648926,0.018755602381654503,99.16080834994902,126.59780340181487,85559.33644901858,73694.72559114004,0.07853896268793407,0.08613919935155741,1.0008431225065177,1.0255008248935105,0.9521036049081967,1.057367405986046
p000465,0.4250937675178844,-0.44455420258125317,0.04760008080759277,0.018732807171854535,97.49623452486317,110.15740804974575,73560.42817471291,84852.26505195462,0.08254712112293151,0.0724279074016352,0.9498894590282851,1.0926022433462608,1.0156554934306723,1.003690875341851
p000466,0.42373299266427344,-0.45441472858038084,0.04568410401467751,0.01979588817045732,108.93050440168176,113.06239880359547,79785.66009559509,84944.42887004666,0.07766514858033562,0.08494884732813386,1.0047706358399437,1.0812415097242984,0.9060790125390179,1.0469671492016843
p000467,0.4477018269161841,-0.466987170665068,0.048954944583355475,0.018654624722694357,93.85521219628416,116.4296899200116,82924.43304767033,81411.63911997435,0.07219726344173179,0.07487774244635796,0.9771834193943698,0.9758418605548989,0.9122686081414505,1.0207731567715201
p000468,0.47588403881578395,-0.4274218054064586,0.04563607128775491,0.019819505952889768,101.60732147887424,124.07791074142696,74832.61581182234,73094.68443155111,0.07521747222491242,0.08029999217445667,1.043932241673432,1.0584491465947048,1.0785965624667238,0.9369727258308836
p000469,0.423065555452137,-0.4430945362202189,0.0509000982360832,0.019184756295830843,91.65198479343542,127.46391510599302,79475.58295937239,83114.83859708121,0.08242069140561181,0.07304468360416351,1.012334630337053,0.9962541309511161,1.076318551868171,1.0000529451952573
p000470,0.4348627012999104,-0.47098668661952126,0.04624845855617665,0.020381044338908322,91.6210203150576,125.11632781123765,78529.61436674405,85044.37829334346,0.0737463297065265,0.08011526122050479,1.0930722598535625,0.9135724462691621,0.9947464336941938,0.9253010263755875
p000471,0.46185125277040423,-0.4269550160217654,0.05028158706271208,0.02133824036045051,92.53564461526942,119.12776278587381,85490.77807579744,74916.75523570391,0.07302303944081806,0.07264494017378065,1.0382724190091404,0.9997558706082685,0.9128504665470879,0.91341964915719
p000472,0.4330701986849952,-0.45232317454334375,0.04793535919838718,0.01943444794771892,96.40799394578269,115.36659793409001,74450.11983528032,84479.87014340115,0.07554094948357794,0.08175322569304466,1.0893966501984935,0.9892218650446079,0.930650397968797,0.9986368276400176
p000473,0.44080038657733295,-0.4337992883478783,0.05322095707704955,0.018721439278167665,94.8604753203513,131.9074276482249,75173.5018514875,73056.80365143428,0.08073143930310182,0.07433970618833693,1.0922563670354375,0.952018456804441,1.0838044445822812,0.9411405668102192
p000474,0.4455689858749989,-0.42722984823013915,0.048342375132911494,0.020227774515744985,107.9216094737245,129.75553011342635,80354.07764497731,76469.2550308707,0.07583169319456026,0.08573116053682388,1.0970899923772177,1.0364335263342965,0.9449235775349619,0.9319937852884025
p000475,0.46710153884721795,-0.44980576052370247,0.05049693895836095,0.018739700011620952,103.55050674062751,123.28887824182775,77564.05967054237,85482.92674829486,0.08100799136203043,0.07702713963047295,0.9628579975626688,0.9978320595877228,0.9887277250019421,0.9545833539845086
p000476,0.4615291283575259,-0.47013169911396513,0.04886912885267433,0.02180893914767017,96.80710487462537,117.67748675179978,77953.14793419639,80724.38029475296,0.0739108377924434,0.08242645601494367,0.9337890085146436,1.0727523721056764,0.9962932868778599,1.0084372254993696
p000477,0.44728738548213165,-0.4727087165807903,0.04783721099689097,0.02157051362168554,100.86199482215581,112.87291043733981,84891.88566451418,85381.12783346156,0.07993628685961297,0.07221382079266576,1.0542388885289908,1.0104316123439947,0.9259973066276048,0.9751811008435226
p000478,0.47176762374675457,-0.44749049071951513,0.05111733782626502,0.02073137195240072,106.32453652268183,112.53434100338814,82960.48637635246,82867.23720927926,0.07272958630664764,0.07373223854414467,0.944437002955453,0.9142664101126052,0.9733649963318921,0.9431185088944962
p000479,0.42095762278439086,-0.4744836671734208,0.04942462558236092,0.01933265656378273,91.12528075529633,128.75168229194574,85969.90164028826,81334.12394663948,0.07933257787160901,0.07454044586764416,0.9259111821391406,1.0259717988452237,1.04052067117532,0.9845299507010803
p000480,0.4530079635367404,-0.46996264555540007,0.05136233271708945,0.021041739806682693,95.06554672045274,128.61037946693253,86945.79592337487,74124.13377264493,0.07429498104645028,0.08328803840731244,1.0879178748654688,1.0766427313805138,1.0810206742761208,0.9056267526796038
p000481,0.4212851676014888,-0.4339399116383414,0.048540098911979974,0.01888443689963297,107.82648805101812,123.82230952749312,74742.68340951981,85349.33590413266,0.07703344133698903,0.0777929466100538,1.0082128486470785,1.055397006221746,0.91197633964197,1.0795251366421652
p000482,0.4378675901668325,-0.44179240879586734,0.05365749303932476,0.020892854141977796,105.4949868327618,115.45600246041079,86417.1230069465,73368.31804801972,0.07461377405505423,0.07720501868377908,0.9658089893213235,0.909866105678471,0.9325690740194511,0.9223194421356421
p000483,0.42214538799809875,-0.44357560129528356,0.04666286350651393,0.01971546807846946,103.20059320750917,125.31554613820174,80683.94765896474,84504.04100896057,0.07575051194125638,0.07423899180806633,1.0860915964433886,0.9392733873804459,0.9093247047881641,0.9898483904284339
p000484,0.440665567835085,-0.4758873236505556,0.05354224077858861,0.021226306047431663,91.22475178592198,117.45966032441677,86990.76641678883,75823.99880449036,0.07362257343485648,0.07730511063761267,1.0000860257778763,1.0029608002845039,0.9430713358123128,1.084751516189039
p000485,0.4752356008875863,-0.4590747298284822,0.05469515470310225,0.020416133321178087,100.78030163959679,130.77681408034323,79418.58652758217,75985.70601184353,0.07285792384403066,0.0830952053512842,0.9547872023874424,1.0084204143235687,0.9859163812635923,0.9285055839813554
p000486,0.46278690185247817,-0.4572984617817168,0.049063397345956994,0.02004716168165288,91.34039567607914,120.97067219782082,84674.67449143736,74618.638245508,0.08743110836396557,0.08373000418014032,0.9554466285188259,1.0881004857849919,1.049735987408282,1.0049873284286546
p000487,0.47086234783434605,-0.4326162093863103,0.04999042015056234,0.02133072148654879,100.32341150943844,116.65530319648433,76720.18276617044,87384.131467839,0.07478060774424698,0.08641635605346035,0.9977638957697641,1.0330567480077135,1.0100741636004842,0.9232058627207612
p000488,0.4794450282057846,-0.4489193036436769,0.05245275730386052,0.0194714635799043,90.74349060515462,128.3699966073361,72276.41397867825,83555.2793158503,0.07951262839966747,0.07903742574236489,1.0693778798876572,1.0841787839088817,0.9494086334994787,1.0743679493115137
p000489,0.44915425261025055,-0.4734989755600687,0.05415038625780995,0.019957413060099606,91.4479828276551,131.5272372012525,80032.65574048579,80953.74448551578,0.07450512104709847,0.0842831039271781,0.9174421481758228,0.9783935518391738,0.9517435404407544,1.0165607675838122
p000490,0.4582774131042625,-0.45790066578754635,0.05491816037499217,0.021408970877144374,92.86272080681212,131.49128969475726,72632.51124516931,78148.83781699852,0.07849795117200864,0.0759349470120221,0.9330811213987295,0.9190503921684131,1.003041847249377,1.009889742506033
p000491,0.4684196351477869,-0.46809460164851063,0.04597874030306872,0.020367788573044405,93.62466222656573,108.38422518463393,82311.7847791583,74057.43649589359,0.08537300355173873,0.0742533330427873,1.0631571283185859,1.038822843140047,1.0239965220062677,1.0320578496988255
p000492,0.45590366189690046,-0.476751610594329,0.048737730813975574,0.021505744888731086,99.25661489943514,109.53249548753969,73496.95366237505,73975.92744059069,0.07776717934468197,0.0835687834402334,0.9795470337266086,0.9050927776834392,1.0044042102219768,0.9046143205788741
p000493,0.45977469994579717,-0.42418084529906863,0.04804168234410749,0.021308775074347554,98.17091897199141,122.65508895819556,73383.21136120972,72706.87526523715,0.08589944309748639,0.0828643608534374,1.0261686150146043,1.0264240465996162,0.9070135197187797,1.0910599963571432
p000494,0.4507378944655506,-0.4722477201700711,0.047913308660799694,0.019664850947784515,101.20319228290113,116.6360395032368,86604.40437698679,87744.97604429774,0.08577261012170931,0.0810950570254513,1.0714344182712825,1.0601947137572856,0.9059904040659291,0.9599349497901966
p000495,0.47911366617140744,-0.42093648387739213,0.05191400784700659,0.018174331242344917,101.01021628568881,131.95841596897367,73018.10545377566,75757.30977940676,0.087553625842774,0.0741584211845125,0.9332991766731359,1.0441433611687532,1.0493943690420293,1.0532494496936478
p000496,0.42955131168675736,-0.44789917463566875,0.049946841777297954,0.02126715860783206,106.54559642888812,119.59420872007716,87618.8829971775,75028.88121837736,0.07876112429174859,0.07986204858795909,0.980586518306961,1.0213849434253777,0.9554270693314539,0.9143902942136185
p000497,0.44344811571214354,-0.4346357393873242,0.05213719623690768,0.020534609110464543,96.95339191351803,113.62838169291831,75836.44007656409,87920.9847895973,0.07954923211375702,0.07226605416618596,1.0723173805284034,1.0288562160921493,0.9251024860499464,1.014944868198083
p000498,0.46695521880545676,-0.439739497848065,0.048506457220945445,0.01904997578969288,107.9663376142754,113.59574902395602,87670.6295674122,84971.63560574483,0.07258322408663755,0.07725109260336951,0.9420860602247999,0.919617084727499,1.0516768397183696,0.9863649226122088
p000499,0.4226329875589749,-0.44505185579443707,0.053471321787389545,0.018015366577581782,103.33394005186523,115.52200491727038,73928.5467094322,79499.30211709518,0.07701707492823813,0.08624276393346106,0.9187805276658092,0.9212103155902726,1.0874317380042393,0.9038930852605702
