point_id,vthn,vthp,u0n,u0p,rdswn,rdswp,vsatn,vsatp,eta0n,eta0p,ws0,ws1,ws2,ws3
p000000,0.4234365103953708,-0.42734977576274563,0.046858571953786975,0.02124468454769843,91.63850698784935,127.92473890211797,79428.71159926556,80946.4013602892,0.08076877141324412,0.07389895765603924,1.0566426349426783,1.048930039269866,1.075269237719021,1.0956752136498844
p000001,0.4385851188093784,-0.45135080113004744,0.05478771426138644,0.020220264288295486,91.20594484135992,124.6407448487266,75180.50073232152,80374.61532224387,0.08146647392801054,0.07495117607553876,0.9751297177920827,0.9206519862528096,1.0072584578242845,0.9768702246382384
p000002,0.4412218319567484,-0.4307630137474692,0.04604202080639133,0.018848057445451528,106.33016537226798,109.8201735517741,86962.93392030598,84348.61536325897,0.07227588612751211,0.08752157800195015,0.9846705970718989,1.090292830079449,1.0123878226111014,0.9982420419923383
p000003,0.4749397065793697,-0.46541460992979133,0.05484756025913967,0.02080731246380304,91.72541980599175,108.02162809816494,85199.81658239433,72555.11784205357,0.08242113130239512,0.08757409653644488,0.9347218087527162,0.902933642790013,0.9916662275932282,1.0172604633230784
p000004,0.45698540930683473,-0.465911144162913,0.049061878710332484,0.01801914791176094,107.26589431331558,119.19930828754309,83115.11660361086,74228.42539120631,0.08333318407117565,0.07485826349247236,0.9374873353706881,1.0402740462526263,0.9631431572584296,0.9591554539599071
p000005,0.47376905242998535,-0.4381974897734844,0.04657364419129499,0.02006637420638523,91.68393069614235,129.30517116789485,79761.97007007022,73254.89821693697,0.07687436011901222,0.07357256779630757,0.9727784107841853,1.0596385218468038,1.067993072579991,0.970853196331212
p000006,0.4465074290127994,-0.47904816243924914,0.04937462150229791,0.020943994360847706,102.1859029521953,121.51247607270275,76798.92835420776,81477.17113970045,0.0870059807564787,0.08185168528002226,1.013155332028805,1.091055519464482,1.0543354831719607,1.0925722597339191
p000007,0.4641178313591029,-0.43156683286764874,0.04949214918349994,0.019232511234166035,96.9417888507346,130.34880300148794,86395.9223174029,81164.88618385357,0.07726865339291364,0.08010016161622181,1.0272218652004599,0.9370005571611447,1.0919616786845259,1.0474802432110324
p000008,0.46085728681887345,-0.4537995112652721,0.0502308042639171,0.02147813230556178,91.3337205920235,110.19492264743913,73047.53652824476,83476.48983477194,0.0787847755593915,0.07439722649693167,0.9478545830807871,0.9383677961468511,1.039823965864869,1.0198971351913233
p000009,0.43898190954296984,-0.4207955777282331,0.05007338760665118,0.021098741818180097,95.67490815540286,127.7121304939927,84984.83035276987,85567.69622768289,0.07539331711668104,0.08587453937288034,1.0764295775922734,1.0514386389337016,1.0973274737910053,1.0625368133664146
p000010,0.4341180675041685,-0.437201822335726,0.05062418908905893,0.019077035983565752,91.9456262488722,111.36269150023344,74710.84140714115,86959.38721742063,0.07685904305740347,0.0832120274230985,1.0429221758825729,0.9114642502718584,0.9384697858273998,1.067993627925735
p000011,0.47254889540614337,-0.476822253541251,0.05064551605291791,0.01817492530583404,109.49849052747504,119.13373145662098,78111.2685950186,79077.05930517071,0.08319134202083198,0.07335297400931995,1.0812984232583243,1.017989481273235,0.9250470005376892,1.0914992594703907
p000012,0.44404361557707667,-0.4627428268703511,0.0521379160626359,0.01889824885644195,92.64572772859587,121.25903512837554,86799.66560386513,79846.70652251592,0.07763905099384687,0.07564028731273009,0.950362898447801,0.963679866456639,1.0616673242403294,1.0003592111377153
p000013,0.44215245734149106,-0.4775067528342139,0.04894496597445981,0.021632100456429285,104.72818311184724,130.47690817976374,87820.47315666557,80100.61514730677,0.08178667325779423,0.0850520985163006,0.9723360242646284,0.9629364925461316,0.978801349922264,0.9084735514956154
p000014,0.46304182904219604,-0.4487919410993912,0.04520938333529452,0.01902759848005543,109.47096472826075,119.24901782875044,79219.95331065862,80180.2034632915,0.08141147858066719,0.07263043272327362,1.0296853875907697,0.9946785234833067,1.0135831802193231,1.0382643114848105
p000015,0.46287802594398836,-0.42865555633480046,0.047259624277167185,0.018991532577334914,99.04863567507978,108.91033880517648,82006.4739997315,85951.47868294148,0.07491015292469323,0.08420152094544421,1.0143917735422983,0.974626063015567,1.0540053105321294,0.9691220227596168
p000016,0.438021811563985,-0.42832249825279844,0.046290751494683785,0.019360954342483448,93.53079100155612,111.94085123148048,81970.929789872,74935.74479638245,0.0838476831583319,0.07210662996305423,1.0667688073780122,0.9167650038147666,1.072456652067649,0.9167618644723133
p000017,0.43939643299878894,-0.464245772632338,0.0536243673674769,0.020445161107224677,109.43126044373861,110.22802055483645,72121.42585318454,77238.09319228189,0.07897473016233669,0.08036557574742556,0.9760881981726435,0.931887942192494,1.0761416317588588,0.9323104265530957
p000018,0.4720073109934074,-0.4651383144735026,0.05088900151508004,0.02047449449407293,109.37145588660628,118.25059633606736,74617.3668810438,74641.36071411346,0.08709256285826433,0.07554824505524572,0.9912371315126902,1.0605957301345557,1.0507586680862868,0.9461373076347127
p000019,0.4676223107960083,-0.4521978699777018,0.054906969891480376,0.021814836203282444,96.42536159467987,130.0485828401041,74221.45684128591,79697.57375496825,0.07584712679651416,0.07602428716334035,0.9283750549846133,0.9441695409948619,1.0856365200412177,0.9669110265797134
p000020,0.43264450588664355,-0.450240131699087,0.0454652550787644,0.021492520148810736,105.23834448805667,115.14718470462213,76325.4932593095,86490.2871627569,0.0814751999139242,0.08224795473238618,0.9981859913518064,0.9886736664362104,0.9232235458931135,0.9254411744997235
p000021,0.4790583782808328,-0.44507118775859755,0.04876984111442666,0.01874786806076465,109.75536434441767,108.86703852477434,76742.85471132066,86609.55046269203,0.0829630055315345,0.07801177018573112,0.9007044412819334,0.939770835036521,1.0835416298683316,1.0746541943893224
p000022,0.43133059840756205,-0.46486241514623305,0.051312502892619315,0.021427512990238855,102.47948950867682,109.53138611541608,72291.4329225538,80402.37270662915,0.07289087704605482,0.0844573338419025,0.9215177699472235,0.92027469082151,0.9632078218994274,1.0314019636622824
p000023,0.43863594235900183,-0.42325768197752756,0.04517531675329872,0.021989259474554976,97.08792321882667,129.1324376301774,84422.92926887199,78543.4551143405,0.07557712534641141,0.07327167890032066,1.0693934593381167,0.9023252587688478,1.0277831632880647,1.0232279290029278
p000024,0.4664626844087436,-0.47516825449385797,0.04875500231886897,0.02126863948995055,96.29115268722359,128.9267889818174,85544.464561801,83369.33684482399,0.08301533295725587,0.08691762646775752,1.0583516705708027,1.057866148377593,0.9706076143229407,0.9866495303549101
p000025,0.4747658026119585,-0.4621144066723602,0.05072650476381652,0.018599392029773495,98.69329698045223,115.202548262448,84143.44672654026,74850.69572909611,0.07392094347623217,0.08631025534650741,1.073101910399259,0.9232151387536032,1.0723317529238119,1.050716242890917
p000026,0.4225983205434992,-0.4413668807474548,0.04615413546175211,0.02086785399105279,96.80760272202954,125.71522898200224,78571.3413510361,72661.57778678843,0.08007222809929018,0.07503949366410377,1.0689909460107632,0.9213286683071822,1.0512590521899252,1.0095249942373674
p000027,0.47479112146754293,-0.44864216074293684,0.051853619960119286,0.019186704891350763,94.74238600160699,128.03188665734146,76234.50873679965,84612.79080757633,0.07401783980871326,0.0746060307854664,0.9921212411591195,0.9788315800134363,0.9924227434901444,1.0469972339395686
p000028,0.43706416853932506,-0.4697676601430855,0.05216085166327113,0.0198109086240283,101.87146038721384,108.0341755122042,83389.14722774415,72857.60591553146,0.08480721205328184,0.07887176118277851,0.958624713820136,0.9157171844626185,1.0493725738585797,1.042979902517413
p000029,0.4494922941087876,-0.44160737408347983,0.04510591771861675,0.019013689163593438,105.40470457959204,123.58315491185529,83036.11848742588,84230.77947859067,0.07243448491865045,0.07347564334012387,1.0187882809799118,0.9159847634790215,0.9730572560411151,1.0963989674946832
p000030,0.4766043376674166,-0.4413429977455939,0.0517018153091124,0.018934156086255705,96.72494510388142,124.16528194985457,78273.01405324551,85581.76247145556,0.07991457703472053,0.08167082097994346,0.9253200693583006,0.9935742336329884,0.965783588113112,1.091275551610968
p000031,0.45387918032048596,-0.4338730866833311,0.05398913105791892,0.02137160766002371,104.52502933542304,127.43468407247576,78944.08535144058,87879.3830977635,0.07579765760131606,0.07265724595868955,1.0844614958389467,0.9519778173594902,1.0320653518382934,1.0937082977395611
p000032,0.4699244087578211,-0.44402991756489296,0.051643556537828816,0.021243395222468747,96.4761021052686,127.40277775063088,79868.19764798335,73307.39103795236,0.08654336692731418,0.07594663650305207,1.0912382246740855,1.084378164703446,0.9583516661749971,1.0270819505105164
p000033,0.46268261048047615,-0.4409291809315741,0.05066400484576178,0.01862606609043483,103.57032395597548,116.457122016854,72802.8587792556,75279.61793621429,0.08715263154508957,0.0775159547362239,1.0205322197620477,1.0188128181405012,0.9038010830968712,0.9439515711111671
p000034,0.42229137154160673,-0.47923988866075934,0.04618975461745937,0.021433232300599292,92.51678095616171,131.63441783909565,77207.26977640303,79394.36886245431,0.08083673482887255,0.07761017921172336,1.055647659134818,0.9562533356715691,1.0577669600791335,1.040712656825189
p000035,0.4549654895741957,-0.4450148686009665,0.0528425436708858,0.018426709820634074,100.91271704641284,120.44518081652554,72848.12659886714,74553.3420978776,0.07948571452713545,0.08578404636462303,0.964778868054807,1.0209714807133556,0.9769732269516578,1.0220374750226249
p000036,0.4632942132061883,-0.4705481317933289,0.05001690566155831,0.02000797655565686,105.06984013419515,129.7987822308246,73747.04388792824,79976.83283870266,0.07800927657824064,0.07804200410353543,0.9513936108250435,0.9228023313886018,1.007047464743622,1.036567493010306
p000037,0.4210726939990494,-0.4363606541661553,0.04789168291298076,0.019258795883988898,105.57946930741751,117.06453012826128,80797.7540610876,83235.93477651366,0.07352338678093633,0.07553575780402601,1.0925550919965796,0.9072038607804769,1.0351064378719281,0.9262344572902973
p000038,0.4379129263511003,-0.47010011245290095,0.04855394688953235,0.02053361487613254,103.86698689006597,129.6248182869872,80259.49910049478,75843.6165696928,0.07329614538737182,0.07388097114484966,1.0967734539540563,0.998865728765453,0.917519221091855,1.000863293115741
p000039,0.45180829664946076,-0.4583542305736155,0.05124236235683261,0.018905619757719844,100.72971779047886,124.65673607495937,79828.95871041842,82123.56647428473,0.08512284145064887,0.07884476889858662,0.9933582751365151,1.0183277603215728,1.0848672943818911,1.0322985755831513
p000040,0.4321203900719742,-0.43370028232077085,0.04557670247141364,0.020554899974765506,102.64254842076363,119.90741943607384,77162.21397961839,83568.56025321221,0.08524241555061848,0.07860587022771705,0.9996595981585802,0.9814763992067482,1.016384415322867,0.9484995913829929
p000041,0.45483924150817095,-0.4719342066036284,0.04535661167339718,0.021832093554273346,92.9078493941357,129.6906553038026,74235.95450736306,78575.09937035588,0.07817978263743705,0.08502947606183461,0.9086284475879692,1.0404434816047734,0.9919215949424491,0.9526564925056272
p000042,0.42097169413594243,-0.43738695036914166,0.05226206004381959,0.019261405650620123,90.53441314152717,122.35963433981247,81558.68464248747,87209.97182638243,0.07576117335833503,0.07489093792082921,1.0281915205306267,0.9810832838114574,1.0333758572574074,1.0473474835558776
p000043,0.42736250062953274,-0.46560511752997297,0.05018531200254949,0.018215152721229897,90.28329588578839,113.45394757506337,84451.02280469496,84666.38934918656,0.07809719793552633,0.07795259022828291,0.9756713073474366,0.920457224243661,0.9445973867578608,1.050186984483304
p000044,0.4512206762357835,-0.44740458203957645,0.05165526782930909,0.020152670970228725,101.23827841333645,131.29256803649864,79545.12946536731,72456.8216035075,0.08791027649198825,0.08328364942675427,0.9849777821227421,0.929410241521483,1.0935900197602022,0.9908053731420704
p000045,0.43232963697017085,-0.4780629170879418,0.045726802129258975,0.018952614856627487,90.2214452968937,123.05581171809968,78937.8461671142,75522.14409567289,0.08173748395495459,0.08035153826486938,0.9745852531321406,0.9050329498489488,0.930780547308528,0.9374273887391307
p000046,0.4568227240645027,-0.42102828057626807,0.046641599407193784,0.021621165575232713,99.15466863275552,120.99038186403905,82525.03432266416,72068.14404476344,0.08112070828566267,0.08449377313422937,1.0036499442317752,1.0185211266752314,0.9787540671048613,1.0516997785059181
p000047,0.45405548888829517,-0.47770453474287533,0.04564089727154312,0.02149065753335997,90.86960416877403,124.56580840587168,76094.77831764602,78478.60331463176,0.0817987635917619,0.07831029120496658,0.9024345293582688,1.056714921005634,0.9331813328260016,1.0726198710360746
p000048,0.476765472456352,-0.43491900439067827,0.04662429556754829,0.021177020050247637,93.1171122031757,126.495203924773,82830.06225783034,87564.62394108709,0.08044065166182944,0.08415549541075373,1.0953935755433257,1.0666233200062492,0.9532166774227515,0.9990798367532739
p000049,0.46033971199946383,-0.421351507304851,0.049172292158568005,0.019312227744808445,90.7286948103749,126.07210576459272,75354.62013367585,73854.05973847845,0.0831747794764182,0.08129012199300925,1.089116424001741,1.0370192791772659,0.9089570728864227,1.00415518221172
p000050,0.4438593727336702,-0.4206515597923304,0.05316045611537916,0.01946086973380325,93.4609838758942,121.30493573186864,82386.8020144245,81134.69434565867,0.08345074074374026,0.07920508632369161,1.0757797664744457,0.9190627297189482,1.0113064424664417,0.9418234131290647
p000051,0.4532532874199544,-0.4633652553715424,0.04608086437719087,0.018261751458107604,93.59514146807645,128.04596147862117,85741.32342098316,80193.78555419963,0.07762689668995033,0.07622063479499556,1.0246435993280087,0.9367423595315739,1.029731733304449,1.0866205458378284
p000052,0.4707310417410273,-0.43993927232874736,0.04792013176097793,0.021811693514240577,106.16087209268048,112.89177185694227,84821.94772428044,82540.68856608798,0.07269071473959951,0.08716389232425396,0.9094269931222428,0.9412084522711307,0.9490266032595678,0.9705826878830741
p000053,0.42905082397592537,-0.4637390074441521,0.04579217377195937,0.0185363382974197,101.76163380318643,122.56349318059499,85863.47151858384,85698.04342084903,0.07606947982554328,0.07864622900559357,0.9053762115200475,0.9478208432102854,0.9243261619522706,1.0943495230825115
p000054,0.4739976393579399,-0.4796848142514962,0.05482959597226814,0.01823494319804954,97.59091497165971,125.64442785970716,86437.2906440306,85683.02957068902,0.08071125042381554,0.07233475956276128,1.0635183022906471,1.023723290512483,1.0939391419642184,1.0120516747373047
p000055,0.4219326429863561,-0.4419815594787225,0.0544972297297681,0.01973089673537004,98.51869472701743,124.8710114334556,84814.62278901892,78812.05492614133,0.08338817508771938,0.08207074109897582,1.0184079227725755,1.084096877802593,0.9348343263276737,0.9340811031698433
p000056,0.4302053523772761,-0.46403284037293335,0.04822285461102633,0.020443725253315562,91.82579054070189,110.64176752778866,75777.33693604344,79043.60279579756,0.0751642443667312,0.07483099827612763,1.0630528188902815,0.9102371766145764,0.9847371246478949,0.9468972226103222
p000057,0.4730678399020349,-0.429367878813103,0.047997757085935754,0.019503298813973446,94.78393235517055,120.97147176276505,87375.13844450116,77170.69911116439,0.07410113019089734,0.0861346899520406,0.943447449623773,1.0360658577508737,0.9806244624156532,1.0161372862228637
p000058,0.4462548857875785,-0.45585190322233937,0.0455810420945523,0.021715789546698724,92.06658628145567,113.14850247980195,84047.27360234155,77521.80615549746,0.07326739337522573,0.07718916769575408,1.0270597118180076,0.9042087589420109,0.977867720292253,1.0397665470064448
p000059,0.4278663141248818,-0.4698385473408422,0.052699250573542133,0.020710682115861346,95.3775733074293,126.8809230246806,81290.53425698039,77616.82947633583,0.0801610766621332,0.08649982903974161,1.0777900491682362,0.9089606054948725,0.9914969080616521,1.0872539617762234
p000060,0.47636923004986764,-0.47744357668921217,0.045854727744522525,0.019158555668886627,90.01653592820097,124.38551439758328,81900.20086535125,85745.39620549131,0.07661306530592744,0.07794606751277307,1.0815627439169742,0.9314704357378604,1.0917436018013607,0.9802005887331287
p000061,0.4493345849024755,-0.451187981525604,0.049196399107222025,0.019239889379526285,102.2014622140916,115.38424428716702,80564.33225497366,81604.53171031573,0.08403472319355779,0.08079254763023057,1.0053437242403913,0.9196191689342024,0.9935590641959895,1.0559863826196643
p000062,0.43833564215416476,-0.4288557820590383,0.04534132018882408,0.02168552213309452,94.17503043826463,121.7408376182946,79630.51368191211,81833.0726300792,0.0875724803597894,0.07654392038459257,1.086858994023942,0.9530850176449004,1.0064965607195848,0.943704888936551
p000063,0.44289158957446095,-0.42040083936389494,0.04808941287881329,0.018698674585327674,96.91497360283465,126.27807563464745,83732.11607299099,82086.88407898878,0.07506450800298214,0.07766544237547325,1.0365560074189493,1.0372279326759288,0.9443617900645833,0.9910715152909619
p000064,0.4495816103051905,-0.438409017037304,0.05086413041674602,0.018342208505107153,107.5336379954161,128.58388401332618,77512.22502534046,84529.31810111477,0.08754123260122931,0.07584831900458026,0.9417684541825594,0.9957542383074351,1.0726046503951436,1.0175770583329138
p000065,0.43434887054414784,-0.47709752401526057,0.05360466056247268,0.021502447577929452,102.59230244462259,131.8315948680992,82027.59657563159,84890.57827039137,0.07369785474821834,0.08594883420808495,1.0992871534514503,1.027291861913185,0.9749791961103681,0.9052202438929747
p000066,0.4620828867523936,-0.4437488508126951,0.04686199036838826,0.020295954356230838,95.89908709829717,119.62913144413761,80709.73355199397,78880.36137565902,0.08670799800436366,0.07945450415027927,1.0079365706051122,0.9026055696752875,0.9503424741742171,0.9516076309985079
p000067,0.46374061564816593,-0.4540360066875101,0.050823357836724696,0.02034198056757381,104.21613677010771,113.42090903605957,79456.74924914227,75057.12130777082,0.08571155541997791,0.08555689485826577,0.9451187140705436,1.0020039082946173,1.0634069672905901,1.0260975678444266
p000068,0.4683477691881309,-0.44276532561053117,0.05140784271820935,0.018859966593796,106.4121570032055,126.72090021790254,83510.17324078499,73328.3182805745,0.0871680719043606,0.0813166263838133,1.0062950477397365,0.9375086176378156,1.0708783415486678,1.0976506110146027
p000069,0.43585136491495224,-0.4694006849869022,0.05159282390594128,0.018817714088021777,107.63468758478791,124.39929340801638,87529.23314814524,80019.56011910264,0.07660417475222274,0.08648976768490446,1.0941566977015718,0.9481541320601019,1.0743634963469229,1.0020802515280633
p000070,0.478222989546073,-0.4220878090738551,0.052958050532284626,0.021946350475031542,102.22894496111688,108.97775651138356,77010.42881367219,79355.71494592703,0.0746214707722723,0.08165137052091208,1.0914548549196186,0.9179531918152946,1.0952846271220593,1.0591747185601523
p000071,0.45661790100100463,-0.4490960078987832,0.050241885857152724,0.018115846596974853,106.76907565350464,124.91995325526125,87199.59185081236,81555.07706284255,0.07959675336777514,0.08237369074255421,0.9854976172876219,1.013983846790658,0.9738731004438927,1.0283681770862365
p000072,0.47109791910838356,-0.4623556038187213,0.04676177621865634,0.018877117184261653,107.55454730266197,118.24454318587718,80739.52001761162,72280.42338098494,0.08125674597222002,0.08671211457576843,0.9223880853687472,1.0074627248078316,0.9647868323067841,1.072230671960798
p000073,0.42323794770467976,-0.4398293097048282,0.04553454412648625,0.02146884501011116,91.86723311130123,113.92358456449189,73109.85208554423,84786.98836481875,0.0820863673760993,0.087628939720164,1.0522538359195157,0.9031657525369604,1.0104792349176563,1.0979925805752069
p000074,0.44309862426745145,-0.45312645924706363,0.047914381310082445,0.02100252070467458,109.6282972680138,112.29315759089013,77304.7409575735,75318.62189604338,0.08398514423787247,0.08075682947097922,1.0676264897454515,0.9259065810636471,0.9530245589410155,0.915774714130802
p000075,0.43806300982043656,-0.47622902963194025,0.051942538158989304,0.018844373412331278,106.59362226484555,116.067605363755,74905.65216713805,85037.85611069668,0.07773442938572897,0.07778933594355025,1.062188916495862,1.0619864987036798,1.0161913360212902,1.0965262638512991
p000076,0.42569720890625373,-0.4561004229022573,0.04946599410970837,0.020402790998666806,92.17587870942637,127.07180007825644,82312.1112747973,79963.23092034344,0.08564769279563694,0.07591600544401844,0.970609128614536,0.9008605163248562,0.9222895566524205,0.9315641490922196
p000077,0.43687002740099995,-0.4794784973017169,0.052410937569469525,0.020041973002189722,90.1564495967223,125.80137588231548,74195.06571940842,79914.47852814148,0.08510629602243099,0.08546481985310676,0.9008029946609092,0.9193362831533852,1.0801314293352977,0.998600873050248
p000078,0.4445168528044146,-0.43222616557454935,0.04580245903276194,0.01987393897078091,91.2346464927908,116.41912315114591,80032.80949488498,85914.08034806156,0.08447034234205132,0.07624270639228746,1.0701799971840738,1.0506390200696196,1.003159030869644,0.9739324047166674
p000079,0.4297059197473245,-0.4432326705069284,0.04910580875643523,0.021463359038055796,101.16099134682351,123.41419065487499,85298.23891820565,77266.94254549869,0.07358159283307618,0.0761407972825025,1.028493518067437,0.940308197887741,0.9504197308435814,0.9241831582050418
p000080,0.4793308016763117,-0.42928964185901014,0.05403327806092707,0.020920179525774046,90.19074728732824,114.34948878823738,81232.80365686794,81590.43333807345,0.08320546392390134,0.07243706929276401,0.9099417223114531,1.0680181724165263,1.0269768929072696,1.0690071165083057
p000081,0.44261834625755625,-0.4428237660776605,0.05450796784159503,0.020800517178076423,91.13561933716935,120.24381450474795,85413.11496628099,80745.04322209962,0.07415923980594122,0.08682426764072063,0.9765260105448591,0.9802867745545767,0.9902883386176357,1.0745167524396515
p000082,0.42427691944519286,-0.42844337998474846,0.04809161475954383,0.021303851768991237,95.8255833236901,113.27642688145997,76512.52266623464,75259.68830846876,0.07530784360542597,0.07484279985906424,0.9146987724818135,1.0476908772659164,1.078643188752485,0.9431639063222803
p000083,0.4705750604069692,-0.45487377541729923,0.049408964573790924,0.02084918904224793,92.25762667719505,124.12774656014372,83920.77481811802,85402.18589712575,0.07360374241114435,0.07812005798453404,0.9373092324233547,1.0555777073559625,0.9010666251521235,0.9750365290854464
p000084,0.45240255445838545,-0.472585407393769,0.051992712622231596,0.018998993410386675,91.24469414879317,126.16905315268012,86999.80949115928,81136.28891594637,0.08412086346668506,0.0879656628444786,1.0554896363495938,0.9175441934235072,1.04584658983752,1.0487298101842608
p000085,0.46021625002738825,-0.4701655925635479,0.054284021316551884,0.021108299568950037,98.88277421437883,118.68569031838913,87240.02818203413,79021.0773048916,0.08274529861875171,0.07746398894853655,0.9226117830663672,1.0944051558374348,1.0228073858630282,0.9633033022726556
p000086,0.44713748674236,-0.42871185004927304,0.05211322204156637,0.01932681421794498,100.70897954792441,116.11733447272569,73786.6514713643,85139.82761417048,0.07846656946640794,0.08485109711977866,0.9359844774956582,0.9455197476537107,0.9312986226309089,1.0680594538057655
p000087,0.4513846715606824,-0.43799284900873686,0.05465901515056937,0.020772017965297762,100.64101849900153,131.79782345275834,75633.47065254036,77184.68298968415,0.07721214525065517,0.08210284959000874,0.9414019895362384,1.0414952047156811,0.9063216246326566,1.0513258000170738
p000088,0.4615176495441774,-0.45967641213763216,0.04902806674214594,0.01824235420147403,101.32334682408808,128.39497013655713,75235.6103484431,79520.92458492036,0.07816514398303043,0.07380582864015235,1.0435797372546582,0.932931447670081,1.0894231243010715,1.0317616560222198
p000089,0.47014203721168535,-0.47132571307297816,0.04625562475340682,0.021969663722425842,103.71249366735873,128.4391560642317,75321.94720234867,76744.94848399001,0.07292380617808851,0.07475772926678036,0.9603519749593512,1.0319417149341634,1.0837639794591023,0.9795975980408348
p000090,0.42620145468005194,-0.42668749605246814,0.05473791829536411,0.01853247724610412,102.26312983306877,118.40766589161618,77960.73035657108,74342.96464636596,0.08614385161507297,0.0805155751784698,1.0564892940082462,0.979155424790557,1.085998195025686,1.0490088784942606
p000091,0.4556021691915079,-0.4450847848836158,0.05049894583160278,0.018109169427587175,90.94634831188483,127.11620446808817,73991.7182066618,86603.38682572087,0.07612120927288912,0.0792400409346583,1.081995324552252,1.0494997641552795,0.9119680026444038,1.0215483140949846
p000092,0.44071187176894283,-0.445717298388013,0.04684037375519138,0.018943638756027194,99.93593442609699,117.26196386132762,78771.32361307438,85983.23180682176,0.08046542987000456,0.08309756614883347,1.0843720658082803,0.9736300427139797,0.9753214503785131,0.9193822791942344
p000093,0.42111397566159026,-0.45762873093919987,0.05172570562109017,0.019868932875706513,100.77100400883455,115.61572924704903,74568.98068770384,87508.76502632884,0.080429913583521,0.0836599873201025,1.0824587807525976,0.9338075023389789,0.9797293766169084,1.0447955326283846
p000094,0.47921048248421694,-0.47333917702630113,0.04515814091814241,0.019725652590685806,100.68614611612838,110.01289461944108,78357.8898744826,77777.466808273,0.0834642972141556,0.07499441756701292,1.0704482612262678,1.0294727261773111,0.9379887091639663,1.0596133307237054
p000095,0.4456688758863352,-0.4781508269641681,0.047206503469203444,0.018703518936492202,108.55848809479758,130.10983429917474,72098.54578669502,78381.27831515201,0.08468355191138509,0.08033473332085134,0.9693759339504155,1.0036866571612495,1.0022224196717966,0.9302555429644139
p000096,0.42674361815573725,-0.4243936668117957,0.04691733545325901,0.018082169670581422,102.07712871810921,114.31142577499615,74121.99958958251,84111.72648942246,0.0868164774042604,0.08683883376433899,0.9312070305160438,1.00280576011976,1.0381143232213708,0.9128949014399685
p000097,0.4485944869709616,-0.4359749865635315,0.053358992871323875,0.01834849482408962,100.12008699390623,113.21035371954012,84898.66462907565,82657.2456775124,0.08605962220681013,0.0870857662116437,0.9159896548405134,0.909351596177454,1.0866332677979416,1.0853869279132826
p000098,0.4657832716321532,-0.45709911198867015,0.050390439923692736,0.018028346432438853,106.43142061824679,130.96256503506615,80874.89648730635,72892.33382258013,0.07621704685010969,0.08483910856751709,0.9196253070318707,1.0930046367159025,1.0740833088105521,0.9689040893531863
p000099,0.4285250663746724,-0.4303798480273149,0.04786079807072528,0.021902320430989736,99.01919450798943,121.67890410047832,78206.63681715917,77560.43099475204,0.08030510617439783,0.07491362363497034,0.957956473997463,0.9683026203608615,0.927805883025687,0.977686918005809
p000100,0.4238936271033052,-0.47247950455692084,0.05069533131122361,0.01959896335504014,94.23962507931061,115.10223815039663,80754.3986078418,87494.86273587745,0.07238714337638032,0.07943512132446562,1.0951243222981335,0.9901315090094024,0.9920475525838295,1.0952666211086446
p000101,0.4600980545624794,-0.43938147279196504,0.050523297387045196,0.02126690151690198,92.72587662996531,122.49339607572051,80433.04731037245,78114.61520284392,0.08669080770734947,0.07517746910399077,0.9984258670727053,0.9081002634652732,0.9020217672917752,1.0877302588293323
p000102,0.4584784917643789,-0.45262580629062643,0.04626855313461918,0.019702704475094084,107.38362240348295,123.69243346580004,79722.49630741522,74501.92535819203,0.07831495599119724,0.07839908778632808,1.0978968689737723,0.9463163517793078,0.9803586204914043,1.0738658983078138
p000103,0.47264470373009554,-0.43680882968459167,0.04853936826399242,0.01903993590987309,90.20023672796727,124.70971628296016,74266.14618198365,85105.81436671784,0.08052935498293799,0.07971336917212128,0.911154135023933,0.960494945049858,0.9655580657955388,1.0552375170867851
p000104,0.43209417561741204,-0.44301121574811897,0.05464148057592137,0.020078873399511848,108.30986370499515,131.9610579030057,75604.18259255934,79156.64116566168,0.07382940737487217,0.08643210055716344,0.9526124322215469,0.9599255071856325,0.9183837542365292,1.0339953280585599
p000105,0.4248877987901787,-0.46817634426411514,0.04660476056516669,0.02137862166883562,93.04134182270555,109.49739051771068,85664.75337786338,82983.97679520662,0.07536276083267633,0.08685726988083688,0.9544641583240985,0.935897817674946,0.9163202795657099,0.9104655622143296
p000106,0.4211854163328908,-0.4779421350893706,0.04994400261008729,0.02120608155185543,98.98969769267235,131.41850371012646,83087.80591805038,73475.82690860816,0.08379393889376764,0.08441816322133393,1.011147616457425,0.9494201875804783,1.0765000746352547,1.0759608258451
p000107,0.43534945925483104,-0.4715040771879594,0.04830968016036382,0.020740771985616302,95.38584071090803,127.31520058467287,86853.382190821,79031.05944586337,0.07784959260395567,0.08798285168619524,1.0672772408738729,1.0665701005194523,1.0594820984819961,1.0060188531051113
p000108,0.4229457510509737,-0.4646165016251961,0.04648243921736951,0.0217220925887743,98.67983954358941,128.82637055672774,73571.05836358671,74527.60406142853,0.07553049365134935,0.08455115339975239,1.0220545317462761,1.0353762729060674,0.9249053571821877,1.0218649329376055
p000109,0.4297683241407248,-0.4361288398835953,0.045480133387707046,0.020367579232583075,100.66459195646038,112.05706523719138,87033.16213034237,84697.36484646217,0.08018838508865367,0.0857147357931378,1.0849567790670063,0.9820223476277468,1.081738410027462,0.9637241405772367
p000110,0.4399900828311417,-0.4256920390206233,0.05251915424080962,0.02174202452243961,90.81451300538735,110.97196507281727,76485.21257197807,81667.9587535513,0.08285533956596614,0.07241100119101879,1.0127593358733096,0.9325698815572203,0.988265832765216,0.9831840752611792
p000111,0.4687875853869274,-0.4431263402907609,0.05162545892460395,0.020242900835311405,101.63592524724356,131.50040324282676,75221.85793470428,76975.19185826211,0.08706483091586653,0.07934562958636941,1.0292431938009656,0.9865728223327368,1.0180046929125026,1.0311390593195677
p000112,0.4667207529276427,-0.4740974581627784,0.0470670555078963,0.021106430298144893,91.05192278135674,127.3258598135702,77034.3774881361,86551.5215158156,0.08725065616291416,0.08787209134508067,0.990927929092588,1.0500344893300477,0.9526184542796329,1.053318095073319
p000113,0.45928325725256314,-0.47823450332428113,0.04936762329723258,0.018843107184358828,100.4385316631747,130.30171568337715,73890.44673754415,72212.49344965698,0.07547642579652447,0.08444295484841811,1.0384275679187998,0.9539796364786777,0.9909146512215609,1.0110982325211841
p000114,0.42614325719493384,-0.4426075347400573,0.0520980700828134,0.020450439577347615,101.98247569277652,124.19915330240829,73396.97440967236,74900.35558094483,0.08064018611850354,0.0774846003183228,0.9553916405669584,1.0732987768759181,0.9598593916163122,0.9200450465625694
p000115,0.43051895905976173,-0.4220290253603699,0.04761919348723909,0.02195940278656685,104.28687327180644,111.0345670556934,79790.75876601248,78041.8037113666,0.07616487019287217,0.08069482574527237,0.9278170138380124,0.9034775057429136,1.0706554958519545,0.9781834425263513
p000116,0.4644467013504645,-0.47188648964075314,0.05005292546111782,0.020904764567151943,102.15573647240136,120.81816604760982,78639.43138512109,76214.07353871808,0.08606809684803511,0.0770467636385423,0.9925966738820008,1.0707094033936089,0.9548431366699934,0.9870663976083083
p000117,0.4745612307090008,-0.45699501382239904,0.048125497895470694,0.019961355440323205,96.2178705423582,131.43592476784158,85068.79208881066,87049.27268155511,0.07998165381259914,0.08614477992704593,0.9505602778756147,1.0812977088347768,1.0093859523343232,1.044084253272678
p000118,0.45937790949367785,-0.46649645980296306,0.04540213298167101,0.020185901690038907,99.80529024350687,129.58732257247948,75688.73367031105,84564.18389030643,0.07236299813104119,0.08574424391497708,0.9690214156186979,0.9264918351203638,0.9777813726366479,0.9294963660732672
p000119,0.46603406364385147,-0.4343448076909036,0.04912716917182166,0.021821813563123214,91.17792905466278,112.33023113813445,74731.08869491596,83006.36935817111,0.07294870801064719,0.08464903020758811,0.9971016795982461,1.0690027085952492,0.9529780608844428,1.0791564234753046
p000120,0.4684763915885971,-0.47068772356276267,0.05208995015411083,0.02082550478577836,91.91223393197629,128.18630916867488,81923.44886304038,79285.65115421839,0.07488141581366764,0.0760465377357502,0.9108533439793819,0.9633946351478685,0.9995407278070632,1.0320100194765016
p000121,0.46748614293648727,-0.42290593743437493,0.05368581158615613,0.021234664819616375,109.40149748395542,129.5734929281588,80983.34211067151,74604.34253521555,0.08437619231832282,0.08604505937792198,0.9304481820667923,0.9109289910059344,1.093188193735155,1.0015442862095654
p000122,0.4798324563251202,-0.45178399183424794,0.048431352286085055,0.01950936671160323,100.11155734268597,124.58794003747369,73975.08538006872,83299.28913682446,0.0742006734028647,0.08600873079638587,1.0066899820012338,1.0710879784615701,0.9509248459729346,1.0859103648398984
p000123,0.4766652015375036,-0.42350683924043364,0.04702054152690132,0.020163145821611987,109.02318187243651,117.95751150518656,78646.85241235506,74199.16294276135,0.08388981993176307,0.07868170995034952,0.9066024790758397,0.9199042898035575,0.935489115199451,1.0598231817574373
p000124,0.46111992376984323,-0.4378456844777807,0.048777887592870856,0.01926716674366552,91.71566469379549,127.81460336202946,72326.32438950072,82390.40505998192,0.07943489843484473,0.07668030173808635,1.070835590782837,1.0897696653450806,0.9628277764577199,0.9900688875269652
p000125,0.43063515885263054,-0.4429075110598383,0.05347906770075041,0.019419589910608725,95.08402373601758,128.76331468663776,72359.60199776953,87609.80718487763,0.08097205349853479,0.085625983235311,0.963991315022217,0.9347356181673071,0.9961450812144624,1.048509139173702
p000126,0.43369551556116387,-0.4731617423136783,0.04872254337061106,0.02142317644734866,99.78407282289345,112.1265168379473,78786.82264639226,86922.26701629671,0.07440470809437921,0.07969170507906631,0.9453073716001774,0.947331401319733,1.0987813991914699,0.9410177112377393
p000127,0.4312013826296755,-0.4643841456827668,0.04988776657854433,0.021410113836732865,100.98258977322364,120.7104747286625,80178.95297488176,73899.13253948058,0.0778130401894543,0.08529048637838023,0.9310097404905161,0.9650750467203035,1.0192520616376786,0.9566550110104654
p000128,0.4785766787834731,-0.42767670115889983,0.05175160603738394,0.01827238413416759,99.75827237788998,115.2562893146722,86635.00019895741,78656.54149578641,0.0858942136325043,0.08605700685090002,0.9260457911913555,1.0909210946951162,0.9434195284372766,0.9318452172444338
p000129,0.4359894839389553,-0.42346996655166486,0.05471086854111155,0.019000600013885437,94.32098828681521,126.05840800346849,84994.60745972928,85486.72272465895,0.07214769935696722,0.07879057223311618,1.0655314015879278,1.0298614065190845,1.0014640423283188,1.008528530307664
p000130,0.46463102934781597,-0.43357718312513693,0.051037565843338864,0.021765516721580613,97.421842231274,108.26405970811568,78080.48887211065,74798.53047906615,0.08034399714961095,0.08513722979483712,1.041503348278829,1.032226023295318,0.9771313647977947,0.9089723816415357
p000131,0.45830533696431053,-0.4611064729788515,0.04899534907444009,0.01940728291737731,106.5276082928194,121.99094744758432,86744.3430621356,75664.92375880202,0.0827583689800397,0.07959919476908296,0.9126618302337232,0.9117721388650645,0.9439543513850113,1.0077581031324363
p000132,0.47701433075666544,-0.4514473492129975,0.053493765352443046,0.018284669408631767,104.27451941015235,117.41344759898973,74004.21826487062,76561.69610688373,0.08466697902032896,0.07474060201355266,0.9272185156333645,0.9160831678437176,1.0854576436221266,0.9082967278324382
p000133,0.4234033390497383,-0.4470081956884007,0.04636512679133974,0.020249562965126394,103.92634177788769,123.81297952242554,77503.33012230067,84766.82248366447,0.08329745297239882,0.08373145749481313,1.0977994686634478,1.076187646974558,0.9393662450923037,1.0344574773606936
p000134,0.426453887724186,-0.4366218052144526,0.0503747695290151,0.01945342491967376,103.2280068353415,127.89900482855856,80286.3618574659,73283.91940440306,0.07956021346071945,0.07701099804208957,0.9331616731159925,0.9134367590016963,1.0898047618215931,1.0608531660512408
p000135,0.4469819421664908,-0.4280823322549557,0.05409319760036972,0.01902107651070301,90.47019370031859,120.00784767095848,82743.94679207368,85653.15933867416,0.07363643572835978,0.07590152098749872,1.0684813361084466,0.9223299022004328,1.0592211027596936,0.9508433156243048
p000136,0.4520517724275739,-0.47532452318763946,0.04842147741027592,0.019764205574967806,92.53449559105354,112.44968281910894,85606.02151233813,81638.80854351365,0.07214057445658181,0.08517425208573536,1.016764566470928,0.9299597632902016,0.9878791138088397,0.9809889051223932
p000137,0.4650842837578388,-0.4400238031284397,0.0533013281649959,0.020325280117000268,102.12847116979951,111.28079097684925,87065.62510962733,77212.97769388175,0.07859157434617425,0.08744788001417005,1.0831459062193372,0.9513458415979447,1.041260897082628,1.0973882228179548
p000138,0.45239852501514816,-0.4478047669333242,0.04972042091265194,0.0218411062065225,102.60299947032223,108.38592028919744,80428.01356632091,79876.44483530085,0.08359482786561968,0.07781350086234319,1.0668434350225224,0.924203888381152,1.089093498842554,1.0104737349665092
p000139,0.45669487531516856,-0.4657308790616832,0.052467068077950325,0.021189127632134864,97.86311237619525,114.68183374618584,74102.98758799744,84397.12102889917,0.07221974705358475,0.08533699161438675,0.9393888292916821,0.9020403905388401,1.0819928704316741,0.9912801744829702
p000140,0.42655802062735515,-0.4699786761805435,0.05245650135245709,0.021035480452627223,107.34402285903107,113.54304308232811,77136.01277119835,78511.4172546102,0.0790744259296083,0.08767416471906908,0.933517897810187,0.9663377209106162,0.9666970681327948,1.0970379859081396
p000141,0.46068692554325164,-0.47173936928627397,0.045322605664099395,0.01901886518394776,103.08298721042806,121.02983835148586,82919.109186486,79938.52124743524,0.07257646329775358,0.08187617490241576,0.9823336356707654,1.0786719619923852,1.0347684920589137,0.9196457444345442
p000142,0.4464538986584165,-0.44463059058893756,0.05302478069980686,0.01929758025244815,92.12420377253832,117.02303705666013,82104.14967404737,84435.91778265343,0.0818690276517205,0.08141746619855737,0.9034528257287459,1.0895828382479742,1.070061417143644,1.0650888155269904
p000143,0.4619410677899275,-0.4526829775079775,0.050450632283725705,0.01804368060504543,101.8900719698659,110.86849444835028,87515.6799616444,76589.68333501884,0.07587147273143488,0.08050272676143107,0.9178331636212311,0.9274538063141605,0.9853107980564275,0.9892280545511897
p000144,0.4669367179573181,-0.4325626279365621,0.05445231566100954,0.01838228685830857,106.82228652957653,125.59341620550283,76433.2978192091,80475.34951768974,0.08730181284538219,0.08291476123344134,1.0310941270577234,0.9743303713990941,1.0810052941981954,0.9154671521218379
p000145,0.4289987858500413,-0.4731182806786957,0.04806378212867173,0.020468644885136892,99.1250806836935,126.97785489049733,76053.82703042169,86684.13673399403,0.07563668362995737,0.07762271445140694,0.9995503662096137,0.9707708184869838,0.980803896240188,1.0622207824870518
p000146,0.4200691885846342,-0.4797222378579008,0.047504528000103644,0.020788296385892205,94.8023027208778,125.49323053208062,81801.63331373049,86905.66298209594,0.07699329286278124,0.07870754192953626,1.075884299030441,1.0218410497520374,0.9467264129245679,1.0213942910787772
p000147,0.43040019328866647,-0.43687854979545127,0.053437466475770724,0.019918872770095533,101.94924184403217,109.55351668618212,83524.33296444932,77765.60903399422,0.08631549547867745,0.07325942460239203,1.026484552977172,1.0473506447827137,0.9219240211730869,1.024109923819838
p000148,0.46154866438721026,-0.4484697137753293,0.048783939865123215,0.01982464277287746,99.09594248807342,130.0572579007773,86491.91398171877,73810.49986196277,0.08262063841374238,0.07639969195883146,1.0867890045290047,0.962162335210689,1.0156942111648877,1.0081557700084443
p000149,0.43123329096015345,-0.4643343612174335,0.05043437368572266,0.02141863956035614,107.66744212602201,128.46890102037187,72990.9951484762,74105.11613035126,0.07329572179904033,0.08361537812990956,0.9162338762114042,0.9391504636423152,0.9576957091302675,0.9249171319165767
p000150,0.4373616827917459,-0.4631787550879194,0.05227330268426755,0.018295103019856804,93.3209127953094,126.62323663813369,82262.26484334502,84847.88582762389,0.07542103998751684,0.07849911869914344,1.0712026642573975,1.0795004626225706,0.9217237521889492,1.0771387800433776
p000151,0.4714843047384228,-0.47404906361040194,0.054207146866660984,0.021752219135562335,98.32754326939768,125.04496421748436,81879.8684956173,76108.80209639829,0.07881795994716863,0.07601083815512132,1.0287584289147307,1.0836061813627806,1.0446866578253842,0.9822126295311089
p000152,0.4217732897511976,-0.4689378230484489,0.05273580652963454,0.02031699436094205,95.0250202189945,127.53749274568806,81648.92739115817,86981.28155763811,0.08407366606260627,0.0835358785033612,1.0899941112331182,1.0624888033708055,1.0545159486683724,1.0313478498506365
p000153,0.4353689472327753,-0.42757132841957424,0.050026738163492644,0.01844929309605684,96.02128590776503,126.248823353357,77073.41312662273,75743.8781234806,0.08350264932948952,0.08711012153852195,0.9286877089824365,1.0540532197755896,1.053093399125647,0.9610770753092388
p000154,0.4700274991864435,-0.46473462628186674,0.05200313671484884,0.0214580054732078,98.62719446213663,126.69065919162179,73926.88604019325,74678.16772124893,0.07949123369881994,0.08064048080917754,1.0261021225295983,1.0232886748299994,0.9308805891754551,0.990507179778184
p000155,0.46917308560073234,-0.4503867693498691,0.04628766045609711,0.01852751385752668,106.62975017206072,125.70199411674781,80902.36985098616,73665.4717207192,0.07999531317642312,0.07913232578845136,1.089463828468108,0.9577898932563941,1.0631267139133573,1.0115223828847226
p000156,0.426976385464719,-0.4386350790957849,0.05183831292029366,0.021467671608931385,95.50646783630293,126.47539078025486,75157.95240777534,77919.61492479432,0.07914620928835822,0.08536906367444212,0.9062395605765705,1.001757140396096,0.9185456980545192,0.9420954268373182
p000157,0.4686288015790688,-0.4632231946694738,0.048520684971467755,0.020859265914740056,107.15366466038382,123.50550462263737,73816.57541145201,73621.51486284174,0.07767770708974801,0.07990677814051882,1.0378393203446865,0.9721909316991859,0.9364699466237686,0.9326904500066362
p000158,0.4777731584716525,-0.4293333116120198,0.05207468522319099,0.021616222868895654,94.77129166788748,117.28024859946078,79583.526723599,76551.66366778739,0.07675329411284511,0.0845858877081276,0.9193271589500792,0.9507281402686003,1.073894676685478,1.0833374784624143
p000159,0.44927013278680794,-0.47528218976452774,0.048237210835854555,0.02169307887128319,106.96363618908933,125.0702617631732,77744.23633311484,81955.35793619827,0.07851399378023592,0.08115000509057609,0.9079356331987681,0.9775242878085861,0.916932226791337,0.9783085430260261
p000160,0.4375102096908011,-0.46446481859382904,0.053449801068497955,0.018950966752114,93.13320412112051,108.3200290873057,83416.86008829468,74285.50308465704,0.0817108738439718,0.08238684153297847,0.9570289353044112,0.9594004976162639,0.9772330341787681,1.0889108366990177
p000161,0.44198548684838573,-0.425080042633531,0.0539287882821291,0.020661022090147356,106.23240848430066,114.28263597046883,73854.18175138609,72199.08730067333,0.08281716359369504,0.07663219356483866,0.9853371450675804,1.0101602847850257,1.0143757133359144,0.9981676116912412
p000162,0.4206425838007444,-0.42196582779966046,0.05035664131170655,0.02027028045007275,93.56997519253021,127.20885270437111,79133.2398421137,84578.36404599456,0.08119612104176806,0.08793933920652199,0.9208703153964652,1.0881799215813315,0.9059733182054716,0.9413804314056045
p000163,0.4505412151057444,-0.4374763937920006,0.05065130968036334,0.021793161396224104,98.23074039586996,112.48229572972876,72447.57126669271,81289.44576755216,0.07318470428409848,0.08726573214269642,0.9731510790677473,1.040716804883142,1.0486242618580792,1.0106391017973906
p000164,0.4633738321366989,-0.45088432108820514,0.05287114261701443,0.021289323637814668,94.65515275611013,119.9814957866033,76305.24332807852,76297.95647049206,0.07495033223375236,0.08354533028996189,1.0431624938367425,1.0485790996530164,0.908553907696701,1.0656909285279392
p000165,0.47697513457439444,-0.4585259667145763,0.049265041229146316,0.019691763907178042,102.42775842994133,120.35138202212624,72476.86553074098,87134.26100070556,0.08088775471389317,0.07473083857969749,0.9353274408417969,0.9971397700466039,0.9593661169347365,1.0878093672867233
p000166,0.4517775687302573,-0.4625949270333064,0.04500784188332107,0.02163159473108417,108.42282140149982,110.40737596533268,73452.02911028881,81024.92303325213,0.08255287740140117,0.08669981708067132,0.9699173633948742,0.9806595873256096,0.9372964367797623,1.0408244445669161
p000167,0.45162711552911144,-0.45129298561981857,0.04861685617650317,0.020530779551205285,99.6434768308207,120.37237021256476,74873.59414877718,73136.53076164502,0.0855781677557071,0.07450753314988548,1.0775549989514803,0.9059372166986827,0.9171240397229113,0.940972320525411
p000168,0.4293791229818748,-0.46877725644515683,0.046611338400679096,0.01993379936249219,108.10495842123933,112.17259232833709,76893.6657077029,76090.98276411463,0.08218666163895447,0.07296565309012051,0.9674308036169609,0.9260128165409531,1.0383251192206353,1.0476333707393757
p000169,0.474994619275396,-0.4297014923957701,0.050135256683309364,0.01802329018330658,107.0239040921373,118.73567732702897,79080.85283702146,82881.6104730455,0.07394508808642049,0.07965709068203808,1.0228176219296328,1.0396824407792278,0.98612885411383,0.93210678571663
p000170,0.47951314699611125,-0.4407452076354994,0.04847479058203679,0.018963475033750496,92.81495392601605,115.6417029907333,72220.59411539255,77363.92134652579,0.07261743905935515,0.08692854955207495,1.0274920703933916,0.9054211483126117,1.0620899074705246,0.9256804588847315
p000171,0.42048300451647874,-0.4648125953391267,0.054568396667545975,0.020233382932234367,105.54594176700743,115.18054604501883,81277.66407184849,75835.31757378644,0.08353280779088251,0.08242051782424159,1.0921318575313868,1.0136797354162754,0.9007975882170292,1.0188690134485086
p000172,0.4666643755215726,-0.4683051516255376,0.04879122404693203,0.021012949637726885,104.02947827628242,108.64018617859702,87753.99304728009,81074.33815155225,0.07306711043545101,0.07570795697649557,0.968412625760847,0.9321467357281242,1.0961629405905382,0.9440495421189797
p000173,0.474383877648061,-0.4319331755761006,0.04967345812856915,0.021197595745750673,102.53999069337009,129.14579582144464,86324.16694089676,75548.4692908942,0.07446123098633636,0.07207675310527072,1.0227905537459812,1.0811862055219625,0.9867349503562672,1.0278725907179593
p000174,0.4686686200797519,-0.42398560203558605,0.050899099565629415,0.018637755229312356,103.06715099954249,110.34615011944297,77909.26259514276,79834.58608184676,0.08263938513184152,0.08077275627423983,1.0744289117137726,1.0817340382484923,0.9718314036426957,0.9502314453307557
p000175,0.4468135976981591,-0.4552565699711553,0.051984465360579074,0.021141273902745554,102.97460641529315,128.228803402595,76869.06817737046,77803.32987898438,0.07335072604068728,0.07462686818182321,0.9497799513057533,0.9544677463165832,1.0431154816432646,0.9031589362075636
p000176,0.4641658040683236,-0.45237797127905427,0.049038352643736564,0.02134628257525709,105.72939735852952,115.35969813609125,81766.81707056586,76008.57970690598,0.08200466574012627,0.07257993424949336,0.9480510440870388,1.0934269210575627,1.0396911343377977,1.0417659613254866
p000177,0.430682560156454,-0.4506921138090606,0.04757378388707598,0.021145161370053074,102.92849196894024,130.85407834301046,80216.17898375963,80248.58562608331,0.0851380361255202,0.08362196912930989,1.0606261015540381,1.0048680751641335,1.0932646158665884,0.9291600862867807
p000178,0.4426601574781126,-0.44615203548537574,0.045376488065297614,0.021781287835440713,91.06663483642552,114.78450758003424,84564.33109588275,83127.32737949362,0.07467595238313593,0.08026303545869727,1.028317460406476,1.032484467925045,0.9120914184896408,0.9758663988522597
p000179,0.4647105794835479,-0.42601167532548034,0.05447749482986855,0.0216120194702491,92.33650502416302,121.55428684207885,73599.18193699476,86084.37918437483,0.08167891097661095,0.07770106038771041,0.9763683875234299,0.9754291465251713,1.0710741651118756,1.083932803548039
p000180,0.4635960283914137,-0.4588757695860174,0.0513052808297966,0.021447645006892023,98.26029856095373,115.2396764711405,76401.47840954529,83408.20019222164,0.08080020405585239,0.0723501168258159,1.0946294137084402,0.9469950712284333,0.9180105869317353,1.0036146368151457
p000181,0.4438906973966156,-0.4655368113451605,0.04955158440356885,0.018790537276868573,103.82713532303234,120.68727037441431,85491.45688458919,77221.99753583368,0.0806611579359287,0.07226115944192661,1.0600566582830415,0.9749861352260262,0.9949182389825306,0.9286770749441142
p000182,0.4345771263051253,-0.4703573350835855,0.05380439201969893,0.02153568139807155,98.45189021181568,118.33416836806008,79037.58561102809,76641.82848319963,0.07996617382242141,0.08308142594172616,0.9164662877047137,0.960893680465442,0.9904406581635546,0.9160060845363265
p000183,0.43094818306410543,-0.4674115392460373,0.04765678580332805,0.02090923208711327,97.48545578850744,109.08124419571475,74036.72408156036,77995.9774150451,0.07789872680361676,0.07453364160092882,0.9240858374318381,1.0039176082135342,1.047222683687198,0.9386280666360306
p000184,0.44758409293723667,-0.42521326711778407,0.04873276828374914,0.019032072358603203,101.20544125621664,120.40033559121375,85504.22686474009,82214.88762257746,0.08342112431947696,0.08411116242537617,0.9188405479953842,1.048339930747252,0.9069659197150548,1.0243242202832916
p000185,0.4780758033506941,-0.44634238380730074,0.050443348327309664,0.018443841560131426,95.59531711045311,122.89963168374825,78503.67797511649,82186.60399946794,0.07384564180625645,0.08001957117767604,1.0559852513768986,0.9244782842640492,0.991184777718628,1.0907762152191618
p000186,0.4693349759085472,-0.44910199888167407,0.05249549666113923,0.02123715847376981,99.43994633282881,126.93650042781145,82237.08964344938,78744.6932396853,0.07815336258964041,0.08394074309062162,0.9117632131058689,1.0547890745373363,0.9636674148719451,0.9050549192142107
p000187,0.46976494663233775,-0.4265927060389789,0.05224523334009702,0.019095199735965813,90.1194281431879,112.26371146714013,84505.8432207424,73224.39468872042,0.07806415995940477,0.07221794676462752,1.0699818131070036,0.9826295764041323,0.9822781055763193,0.953040314962448
p000188,0.46046645883139065,-0.42922727989439724,0.04993442312119829,0.01898606236896742,94.29020283790014,110.06686871369516,78893.35897768458,78412.13313904079,0.0774530308318629,0.07847703698899444,0.9712444860090149,0.9230834883665,0.9382933542673454,1.0861894747466048
p000189,0.4595519730113574,-0.44659062203914496,0.05264772994150689,0.020038102627158834,107.56628385386622,127.38347591486618,78373.26686956275,75235.08991267085,0.07666242128170953,0.0720807676339889,1.0888221995384266,1.0982052213354683,1.0114189641569518,0.9063071618385343
p000190,0.4456867769396499,-0.4449178783549994,0.054870813919538276,0.01809922359557489,91.27199414944408,108.6579966245592,76126.81350503715,78425.98278024794,0.08120206126674323,0.08043466151992576,0.9884112031067843,0.9583999896114227,1.0299152873473583,1.098176462621228
p000191,0.44420981757389344,-0.4249599429687091,0.04983300007649623,0.019976936328412773,101.01393403540875,110.02929490421495,85117.74187525033,80384.20868987164,0.08287269701497185,0.0767873712315486,0.9002271159288625,1.0857349792673578,1.012959011708562,0.9684719575410031
p000192,0.431959513637485,-0.4424476050834778,0.048168181563315586,0.01824888372943967,99.58852695715517,124.34098613557873,87737.69440394368,80768.67304941182,0.08260672460705565,0.08183965256787072,1.0464096282729178,1.090061727559788,0.9036692390002725,1.0457555962504472
p000193,0.4207984765174682,-0.44932279635585104,0.047048184790237396,0.01978045945882354,96.34304110316883,121.44742304172003,78039.73354640657,86284.0974026308,0.07820567697541464,0.07910369440058115,0.9888995931382496,0.9770446247742806,0.9483442408578613,0.9498207706669611
p000194,0.4722494548112335,-0.454739029144111,0.0526724464835823,0.019225646691406913,103.19280481428763,110.39612028309142,87696.54291675704,82929.2380316448,0.07936918661739711,0.07843084553263568,0.9573639513480505,0.9351822117829814,1.0747998664874778,0.9524405134214421
p000195,0.47752954570940903,-0.44916040447262195,0.05028723737660749,0.018398576997433313,90.78933452570301,126.12388373674548,79147.19683817936,76391.58802000734,0.087757825257715,0.07311823083489544,1.0721895659012632,0.9669226749907495,1.0212782032956476,0.9218005259460362
p000196,0.4284655702967405,-0.47563138823575424,0.05457266451090888,0.02019298896557152,99.67756965181547,117.63845000873408,86938.57505060191,78388.85702923467,0.07588447513439928,0.08191559346883445,1.0360341025828999,1.0536880663047885,1.012043855746049,0.9312979689901904
p000197,0.46962047052859246,-0.47160203606957857,0.04767052248697809,0.018201114998843162,95.34695169486325,131.09310838904773,85557.60013557295,79234.85403735457,0.0750783488138877,0.08228219153386211,0.9059666416438237,0.9201413688631358,1.0055753218636188,1.0772393552249082
p000198,0.4281919007137291,-0.4435401941557099,0.05363327874255658,0.019537313982694315,108.28371409028423,129.87468061245073,80479.06656265412,87253.37272145507,0.07566162907879478,0.08293547257286547,1.0629636452083657,1.0275281895632618,1.065391101662343,1.0721375299007037
p000199,0.45836091287792113,-0.4595594171554634,0.04907527684750111,0.018184980877332863,90.50600817382299,116.91103087554727,82858.82502519907,86004.27154345796,0.0821539626818509,0.07674583734466374,1.0657826473831415,1.0847859193003888,1.0313961796331506,0.9563232694295852
p000200,0.46165979631429943,-0.46763042600267934,0.045130718829621386,0.018787619799433934,103.80464460539261,128.3719110692744,74457.76689599855,77046.37517496188,0.08794187541761123,0.08453790276009182,0.9385666161212578,1.0801296079651759,0.9193025156666214,1.0520621759992872
p000201,0.4617508488777758,-0.4437665412751348,0.05220080966261617,0.02048555254043326,94.66223212509655,118.27374374490475,73209.01980285381,83673.6613669868,0.07692998172142357,0.08508877695250891,1.083317474623584,1.0164661810434146,1.0990485692121297,1.007454394191765
p000202,0.4704074426548056,-0.4522497611506129,0.045660184595945036,0.019655520795691522,109.58787362107401,116.96218738308716,87387.52224800603,85055.61343611396,0.0832902989260976,0.08025403347982976,1.0504038595288474,1.003419772749572,0.912688614846823,0.9978881478459295
p000203,0.45217205119954823,-0.439335816153623,0.0477550754098992,0.018299657198238464,97.82607416207509,126.99555880549812,79382.58199957774,86322.72159784798,0.07294313448205124,0.07756192431195849,1.0904998799632426,1.097220887447855,1.0903944082641943,0.9215189059611687
p000204,0.4216697333813713,-0.4587967242828638,0.045620570212767726,0.02187226982337903,100.40728589161407,115.17349767036666,72998.0757465292,78683.3163055443,0.08368278031518032,0.07355786380767626,0.9897666444951065,0.9184781006368916,1.018318032778357,0.9182458070495052
p000205,0.46542637623526617,-0.476718790375987,0.054117872181667116,0.018155300255729177,105.63999628610719,117.97226535049082,73417.74009009887,76758.31477615658,0.07209680762313428,0.07373677675068978,0.973414683049795,0.9484075375715044,0.9189501318886925,0.9225543829372237
p000206,0.4792704816128084,-0.4694963268310704,0.052429014153164075,0.018495997140042374,109.00404690862158,113.05028058542798,81604.89080909622,81710.34561329719,0.07203330249270218,0.07918822019067559,0.9589490019719384,1.063625139093868,1.0962482836380585,1.0385913772452637
p000207,0.44245884974970306,-0.47733785535390616,0.052196836989650656,0.01964902639353706,94.01719084134069,123.33335128753714,81479.63200076878,73327.15966502001,0.07839854086190386,0.07375771112195852,1.0642690071754657,0.941558298314471,1.0573964068175319,0.977280729950249
p000208,0.42131649377948743,-0.4708168204977957,0.05206529403515342,0.01986645716288137,106.15715805140186,116.55946590858413,83015.8739959973,84410.3793108741,0.08528564512277434,0.07424908896786507,1.0018827890353188,1.0928055991484356,1.0319899596897124,0.9855271239623078
p000209,0.4738718568190527,-0.42160485060910813,0.051345560106065405,0.018605151398943632,98.52412539738033,125.09136237975764,81193.39383112764,76160.61312140887,0.07289798542465542,0.0831908542082973,0.9525198117069764,0.9014009185806533,0.908252276265952,1.0695348831038445
p000210,0.4507659997654333,-0.46860171955821284,0.054709755550162824,0.01862255269186756,91.92101316625057,122.1161115201028,72139.33175896619,79601.72281897193,0.0835177610752002,0.07868933513603221,0.9626250737429929,1.0304486205225716,0.9460952712659585,0.9066278464874049
p000211,0.43981250705042607,-0.4763374427086334,0.051522426037430874,0.02105947723794648,90.36004093224064,126.76032691527143,82967.70349725142,75774.96373456909,0.07809092657852594,0.0805371075270484,1.0235677393213216,0.9283259766493657,1.047029910047158,1.061552098815082
p000212,0.43951476661654665,-0.4518403067455882,0.04914113413067046,0.020177594619675186,103.47052242557578,110.88488956100679,76223.11438722222,78944.35440437397,0.08580297154673514,0.07592618280741718,1.0102095147788595,0.9301532202468983,0.9405420717559261,1.0809029830125423
p000213,0.47059795003124183,-0.4746096302280978,0.04610585229258468,0.020724797986792175,101.54917477657003,131.27975208846183,73436.89268592319,84257.63583393265,0.07907079658088532,0.08007948994212602,1.0795725324993248,1.056521865379904,1.0421128892508256,0.9718699035795926
p000214,0.4495568330857037,-0.4304677786616875,0.04954040236843112,0.02084590526332873,104.63529635628346,116.74271536227664,82589.92738171387,84864.31909288002,0.07969613079706142,0.07342875657006999,0.9600688744761309,1.027131096101764,1.0315028527160772,0.9134124587141389
p000215,0.46299189227102866,-0.4206728391540004,0.04672543374449936,0.021030720841051422,101.60206019862441,113.06825310514638,74529.60278516499,78752.2427485352,0.0869726887728584,0.07675644675273434,1.0964764661000255,0.9768506422904822,0.9613170058647902,0.9515532475860701
p000216,0.4225018522987959,-0.4527470299415949,0.05101280101195588,0.018064007524250334,93.72571947866096,124.25107846069722,74136.20807953342,85769.01823084093,0.0738761704272146,0.08247325606623095,1.0432198066231821,1.0458985045201672,0.9757768064103738,1.0896151143722712
p000217,0.4628244503994357,-0.4637812173578266,0.0481500051256286,0.019042950609314796,102.88467071222242,125.45203424557201,75310.9954786228,78779.13260363878,0.08650818136350308,0.08311096913281207,0.9499079835495413,0.9250352958604596,1.046531146410288,0.9355214199121981
p000218,0.4613033495053992,-0.45780254255325886,0.05149934272525766,0.02006846090988642,98.95535285428605,115.57461782150344,77636.15760940901,82781.19145807961,0.08449171369595766,0.0789742010525097,0.9285634684054554,1.0148470084368317,1.0589281389678449,0.9317089322836399
p000219,0.4218664963321367,-0.4297934475388345,0.04922572551130332,0.021636835553943887,91.65778359918956,108.16733320331488,73197.09183329908,73939.19436084115,0.08324715168437653,0.08483110193742852,0.9784309720565884,0.9763481983732132,0.917682507271144,1.0398432813262262
p000220,0.445431173917173,-0.42226261841438884,0.0487185877140725,0.020032059721951136,96.62411713020838,115.47918651782913,78553.6011863419,82616.42391406621,0.08603444185370489,0.08245438420254866,1.0916234321079807,0.9922408618407623,0.9953172226252908,1.0070683183639575
p000221,0.45715806825875466,-0.43098914412528205,0.052754322442888586,0.02001908058682505,103.291534842688,115.78977361587842,75967.96056494606,82725.07818887789,0.08003462553323967,0.08336520055568201,0.9449877822467254,1.0594438332610536,1.0354314876700421,1.0478866414470296
p000222,0.4466162120468515,-0.4479202842747469,0.0496356921265977,0.018429562568272075,109.68812042296453,122.83535756733829,79492.9836780035,86248.68603559493,0.08111924982368962,0.08162967210966071,0.9028301804823647,1.044134813488579,0.9840280570934721,0.9442553756888225
p000223,0.47342482689476134,-0.47952471839811733,0.05321903535484974,0.01816595452012606,103.37886999566237,112.83684046784037,83876.28721544659,80282.10175186156,0.07872000261998907,0.08254791441866427,1.0690448413457043,1.0748404261383928,0.9440780688999387,1.0444786833044446
p000224,0.4413300718089268,-0.4481716180268782,0.05168056505175941,0.018811668783854214,92.0943038761318,119.30196476073746,75700.22878729367,73727.2043026,0.08592507387649442,0.08472120608593796,0.9850313220290486,0.9120288284486986,0.9087344427776735,1.0118993870691027
p000225,0.46764362095179757,-0.4396967972387874,0.05300859833994119,0.019147900548415135,97.37992042301767,110.47423943540225,85203.90777161431,77305.52668105601,0.08015134438065044,0.08607933415000062,0.9648710715516527,1.026082627112232,1.0814488584526099,1.0854554128307314
p000226,0.42606067706107387,-0.43946109984885406,0.054266324368379804,0.018103727007453913,90.63418834367432,112.0357277801286,84123.60164129587,86051.6082270544,0.08625469616475726,0.08371175786959248,0.9594929872331808,1.0490997606541546,0.990126175876723,1.035261299359187
p000227,0.46006466395276413,-0.44412704249849144,0.049018618709429536,0.020623358533990395,97.81283928903288,131.34599276535056,77343.69354869085,72519.98957176035,0.0745538484392153,0.08028414343783283,0.9490647734467205,0.9722391741091221,1.0822553750859611,0.995305142508781
p000228,0.4515302222276006,-0.42562468829572336,0.04738350680714911,0.019300686368867854,107.24128874421461,114.90076062627212,81740.08692730761,74880.94342282273,0.08410967765543842,0.08784097787997464,0.9911860173333744,0.9872521634049927,1.064961707162325,0.945913480976023
p000229,0.4682274258983972,-0.47352710447777324,0.047682482585788506,0.019732820005324312,97.64669122503166,127.4485409144439,84968.49866454864,78351.98446725539,0.076131807961555,0.0803816034541096,1.0458653414605534,1.0071142002261224,1.0943306598228097,0.9365052514143323
p000230,0.44094397103488936,-0.4639699361057459,0.04728798012726553,0.020096516093745534,91.42728642240719,121.56043903601372,82804.4822830102,76494.60616346667,0.07903750175494419,0.0825427867397436,0.9338982955996203,1.0531492891608552,1.0745660689659522,1.0436125451989868
p000231,0.4778912382563619,-0.43875081825961615,0.046061236475310414,0.020636905876126436,95.97414628328274,118.01543532909004,78874.5187547182,75213.52938268626,0.07478492476893599,0.0864634903682931,1.0132435010288867,1.0496136732233834,1.0476420881870756,0.986174591595842
p000232,0.4387227237721568,-0.43693170826758304,0.05404152254398076,0.02012356385526315,106.6900125198438,112.2057279335957,85593.78656592885,86591.7043411048,0.08519095583615781,0.0809497424778032,0.9113257654740747,1.0854338767700258,1.0886048757351474,0.9125328545673648
p000233,0.42580548170404997,-0.4300516589423556,0.04619657113077778,0.02049327106011755,108.83275149121465,128.84771641900147,72970.94364119502,80499.25508752713,0.07891140807053243,0.07366123901410215,0.9378299400379949,0.996861066111998,1.0372129283500806,0.9363466766635598
p000234,0.44794201940789197,-0.4598373339303343,0.04897982473614329,0.018634409091409638,92.94041481543691,130.79420996888024,84513.55024327588,72349.55605544499,0.07636612897974118,0.07886112984223267,0.9280928712986208,0.9289858126642355,1.009042163842163,1.0946606073360547
p000235,0.42780610288242965,-0.45395463011821713,0.05008537797745676,0.018615259349411873,109.98332786635424,113.19239320466922,84362.40665171275,83758.02093948568,0.08291105352011173,0.07479555173368094,0.9516750169428128,0.9614744717424909,1.0976499686848873,1.0016448502602278
p000236,0.4372002466689837,-0.42688449213777385,0.045218723891044366,0.01803745188164729,92.9757787136872,122.1864369442442,72205.93012514453,84013.73659692412,0.07435265285058784,0.0781069147274716,1.033957049413036,1.0481462938602921,0.978176915955267,0.9680492621973185
p000237,0.4400635515917961,-0.44344131070497483,0.052340735464685845,0.02113059696048401,109.95771781891062,108.52732805896918,86163.55538993374,76145.12991077366,0.08666699084721032,0.08172030890659152,1.0026589353710216,0.901139645351798,0.9873305947232995,0.9902788640394266
p000238,0.4295105700226946,-0.43808415634607156,0.05113816612724217,0.021837420147807596,103.9476669900496,127.46724644711524,80651.71556406256,73693.17597043478,0.08750393969228752,0.07875680867256599,0.9332525331491673,0.9272545106233365,0.9291511744439317,1.0732194530754655
p000239,0.45741926791007526,-0.42785288748962447,0.045014403612545856,0.019838692784706517,108.16298891358447,110.51604925721739,73762.70964970067,85542.76071686199,0.0808581726463126,0.0729777370858112,1.0352400026572934,1.074195506573554,0.9302427243130436,0.9486223813860217
p000240,0.45344828020106365,-0.4535298091476868,0.0499815127678963,0.019582522723668776,107.84538947316787,119.65040704372483,76541.30958972339,74379.41893409801,0.08435215409137709,0.07892773106842282,1.0134152679298478,0.9913054305459029,0.9144811586323455,1.07546637793295
p000241,0.4276104662352976,-0.4386899258947938,0.046780750080486586,0.01999534484077959,93.43604616073733,112.42725140113642,82207.62123969634,78632.46007665235,0.07768701511704684,0.07402901140736887,0.9887608360025895,0.9508480583875166,1.0155876081186308,0.9017677193642326
p000242,0.47166382261779755,-0.4702408138584812,0.0514369826861015,0.018973726119786014,98.8230411137501,111.73988330452565,78338.47541212865,83152.31828903117,0.08453821003564643,0.07586483851256967,1.0878614013144592,1.0963969538315694,1.0974770014041524,0.9807164835284701
p000243,0.45149931266217697,-0.47572339528738566,0.048703603897547784,0.01962649596364909,92.2614878399185,126.35005636485764,82457.07228823304,74823.35566273576,0.08438718079118233,0.07610700256050966,1.0290490984118665,1.0569262197348461,0.9912965798757193,0.9828875982455638
p000244,0.42990678520035447,-0.4305115329445572,0.04968291059568381,0.018461809311166977,101.81238278122717,108.25893344954349,79481.1656336964,83630.63849968331,0.07939574430854437,0.07351279154074711,1.099832551783505,1.0050287449896105,1.0279658727580734,0.9917120355354951
p000245,0.42845066247838187,-0.4311222975306314,0.047088082006797226,0.019718821837898234,97.00646497902532,126.04129998742323,86082.22336603643,82132.39066195725,0.07911926812389455,0.08695198705406504,0.9644413207211414,1.0276389874595426,0.9543631897476129,1.0307072937234447
p000246,0.470338229276814,-0.4342948887212204,0.04974161065702979,0.021891109304327597,107.33317592105351,113.11813382006207,75759.52668604875,87755.7466727437,0.08035315012838481,0.07342287634550816,0.9839060147859597,1.017758680792582,0.9280043680605246,1.029061746259467
p000247,0.47068511326530027,-0.4759030326335776,0.04621896556553889,0.019283952126816144,105.60258628481427,111.935951468053,73077.42438895433,76361.02680663772,0.07835560577565737,0.07538755249964268,1.0960162525417922,0.9061028571176722,1.0404291501218417,1.0089746967942763
p000248,0.4230070705219619,-0.4680067595608178,0.046129963057860775,0.021505434872665485,102.75102326738038,116.37002663573531,81542.65961038729,76348.24924334319,0.0841468015849116,0.0870676644432162,1.0305785322183412,1.0529038973541183,0.9276739012036773,0.933527554829797
p000249,0.44972251410289227,-0.4278604278675969,0.05394208935188629,0.019099491210526388,93.34774855864963,108.70290216592457,74666.23672986515,83681.2024016973,0.08778207248066369,0.07821797656104866,0.9262609204960174,1.061780430416569,0.9727766071550745,0.9253208439207941
p000250,0.4250655739843904,-0.4477226863922221,0.05247717874008725,0.01942200007186776,100.5769902283478,129.7131937631969,75197.0707465348,87574.38936908165,0.07457195304850696,0.07805241626005271,0.9456380484218978,1.0673584827602818,1.056739544275422,1.0238702084429954
p000251,0.45418362294541,-0.46954746071263925,0.052568624901943806,0.019206846288479334,101.10346679066711,111.29195854097557,81984.6979011833,80588.6824140691,0.08021857190110489,0.08073387012765433,1.0371364166018453,1.0439950820918156,0.9254669782275112,0.9377715704089672
p000252,0.43392757868122933,-0.45047034757335125,0.04502628428736776,0.0205565601138453,97.24367805749493,118.78907503120251,85159.32078796168,81313.53167915487,0.07581368126385526,0.08793220937612088,0.9075628138164407,0.9345744264210417,1.0906560710912465,0.9605388644138619
p000253,0.47190048536965723,-0.46385191713723695,0.04547299619835885,0.02199821325148044,99.85364429227033,118.85399922419988,83815.50828063385,84036.24511877696,0.0822667050571045,0.08550621188335258,0.9169139023160522,0.9690995677850579,1.003541101330502,1.0908569801668853
p000254,0.4750583226664077,-0.4438406036387275,0.04896818304410708,0.01990246435054154,105.5832939570784,127.6908389009569,73865.09744163087,73632.44143333365,0.08526199493740633,0.07900191059913474,1.0970419521327828,0.9426571060229515,0.9001062240398287,0.9220511222475946
p000255,0.4231761970396613,-0.4603106506046406,0.0504736408612357,0.021645007235994506,93.39208310996892,124.89458602533321,77777.38927032116,82907.71217111424,0.07234922360893938,0.08772748994725246,0.9806419112370083,0.9548022623989646,1.0187100324709748,0.9042272313153054
p000256,0.4367372473436567,-0.47962356583613064,0.0478243592589461,0.018229620590702284,95.6505745671778,110.30152194620577,78896.39494314777,80295.63826962505,0.07967552166836062,0.08446614421716989,1.0959221489783901,0.9624780977058015,1.0389738759995395,1.0975814196780893
p000257,0.4721666230828174,-0.4274845086295269,0.0530594075083573,0.01882110214539627,90.8482561129668,123.3658567655808,80975.33769198366,77352.56763849345,0.08555742300977848,0.07242947163837753,1.0855171289086787,1.0648178643831088,0.9522434878200801,1.067255067442527
p000258,0.44235790560501703,-0.42434400750958223,0.054332306963953705,0.020514291491623236,109.09678188356278,121.32065215366649,87760.0818972501,82745.731989921,0.07824163371767087,0.08664110981164937,0.9200834835709302,0.9830057499916114,0.9206977634753087,1.024657408552721
p000259,0.4365039817683702,-0.42035507286002827,0.04862604176517529,0.02107380025677554,106.94682155189642,129.47327071448404,73839.22313981327,72008.50244553165,0.07273899719887955,0.086767083301066,0.9561977992427322,1.0113990946428182,0.9326331544807215,1.0540172801653998
p000260,0.4489731293744679,-0.4328275756201337,0.04977490468527025,0.019464136124763467,95.62618004156866,119.59801363085677,83268.33831368295,82224.7312850828,0.08704639251674774,0.08081697814227876,0.9922638954726953,1.0870271483044838,1.065076953896667,0.9624277306791011
p000261,0.43308244048158057,-0.4281185482494686,0.05286204288525538,0.020336736231644913,103.34329107755634,119.71537508159459,79613.34405019313,87889.55577114786,0.08241557055481988,0.08563232531886476,0.995942120434855,1.0697231595914376,1.0673495083548286,0.9653635211371079
p000262,0.4770845646929972,-0.4754990382126423,0.04687257286902584,0.01989420886249,100.832722476899,116.04018559972947,74290.53605690555,86065.70949796944,0.07968380746863507,0.08760691362256201,0.9181633546710467,0.9805461205603105,1.0273506322600547,0.9472518811375418
p000263,0.47965577220876743,-0.4313837063771581,0.051882783780818495,0.018912523858982632,98.21918510376038,114.50394202336386,75095.72826472718,74039.34607550736,0.07993531953145887,0.07501618604294777,0.9622351921321971,0.9785955258441942,0.981423889034252,0.9356497494003642
p000264,0.45323631454884095,-0.4342379065981684,0.054070715571147905,0.021284463744550952,107.20028527051565,112.17771529185363,85360.36609155015,74945.18365798538,0.07880791013243774,0.08154985802849435,1.0151324493644185,0.996495772214795,0.9065244331223823,0.9934584240504136
p000265,0.46797307756630735,-0.42835598113566525,0.05328944033050338,0.019666891134601336,100.06113965220045,108.10111138629044,85872.35520937286,83956.06935817722,0.07378894477866423,0.08634513586869252,0.9930164255021388,0.9680222160312294,0.9790854130099805,1.01458877506362
p000266,0.46340397260491983,-0.4254624196415412,0.052539659199037414,0.020787851268679748,100.27486461813939,130.3786425812791,78215.46319649677,83015.9244659367,0.0829915637526529,0.0873733784101084,0.9936162636328535,0.9333007970825868,0.9865950039224897,1.0713656985948512
p000267,0.446673139877451,-0.4553364396930584,0.04884415659407161,0.01969466723782073,97.39791455742134,127.96311624028073,87723.99276800003,86573.45411102133,0.07656444777367634,0.08122584632533594,1.0441302606424874,1.0725775404801048,1.0494244781780573,1.0421032871433518
p000268,0.4349149813503359,-0.4613224853110346,0.053380868700426735,0.018870106579660796,107.30981181364957,123.33742227613972,82148.96792254866,80436.50353847428,0.07678344223298245,0.07471958062830117,1.0073752336587831,1.0675922612825317,1.055867562946141,1.0435962316218412
p000269,0.4760846802012691,-0.459342241702678,0.048821423169884505,0.019818871876237328,91.81279992742473,122.31130065022825,76500.53707964995,80011.31880515671,0.08162128156533638,0.07894170026612617,0.9809230828278392,0.9902128947382908,0.9076721142393773,0.9620103149371209
p000270,0.4368563422562742,-0.438942583979305,0.054520386643985314,0.020414077793238717,100.39254957678116,113.01736998512418,81842.25825033835,75609.73233802192,0.07965466069342272,0.07322794165830983,0.9266654116526878,0.9235442160250097,0.9699612950684068,0.9233158215085289
p000271,0.4788256166162011,-0.45612079879466205,0.05238454048383925,0.02166492881234634,103.2687161952029,108.37495351006538,85750.93701761188,83844.16748824427,0.08414246342577016,0.07733198907067967,0.9742463349621411,1.0455132020133127,0.9489383833274304,1.0035538578107017
p000272,0.4723309017531833,-0.44534153634694706,0.04796183036971856,0.0180134906860756,99.6986531738112,129.97156797223528,74982.96764515796,73865.5635290145,0.07381922954761361,0.07352144771134062,1.0716177989521816,0.9801536179057256,1.0871990625692076,1.0288907245977967
p000273,0.47832505656884233,-0.4597799358235786,0.04828209017537288,0.01803309351423132,100.34361069821736,114.0805519536756,78479.56345537836,81581.47074566057,0.07202241948880737,0.07947220457362122,0.9380001270941899,0.9309231748310925,1.0379918734153777,1.0847214012241695
p000274,0.4668785952869251,-0.4777982432410794,0.04904859147293362,0.018760408973692393,95.87720443826309,131.3239643615633,77393.41531004068,85409.94788688145,0.07379983687808515,0.0837995257186259,1.0451743270517908,1.0586408126458873,0.9377488441389479,1.0818155313111442
p000275,0.4433249614247602,-0.46453619831664,0.04763538776702535,0.020798010164736355,90.43434148776358,116.4468310098114,72911.82331220052,81661.29753243965,0.07980977623510753,0.08248293798378309,1.0278217258919908,1.0452961635514737,0.9712859553452196,1.0928440643902446
p000276,0.4652812567378518,-0.4707415748998651,0.049232242153813534,0.020976436207931392,96.75486465695947,120.93110850033072,84107.85473034873,72946.68577513401,0.0863933848049043,0.0767321076908217,1.0154512549442107,0.9601195347859011,0.9328847663063553,0.9836250746022637
p000277,0.4425274805620299,-0.4263710187187105,0.05073771505739057,0.02024682468255073,106.78853351081287,115.06411323878754,78006.56440992255,73425.87498923155,0.07647467401764564,0.0789599690286237,0.9708738747754148,0.955507152101568,1.0258162465687686,1.0357204547489576
p000278,0.44837467622523375,-0.4661718798775466,0.05476820752294266,0.01895950849705819,107.99611195365098,115.40084478741475,80769.02159207607,84149.2284029439,0.08475693476889905,0.08565952276291619,0.9715234187075341,1.0435198163689705,1.00454204817643,1.057245223506491
p000279,0.45279330289561665,-0.4433847066117853,0.050670318036262,0.01914160193261433,100.97472202446482,111.20358700369609,76966.36116105052,81884.3338579797,0.07437582414913055,0.07362389610307021,1.0542627608907218,0.9487022019563008,0.9607635001419205,0.9075990382634072
p000280,0.42625480769386825,-0.44650558278228386,0.051517614290152024,0.02014180700582162,102.67727437846472,126.58821836785876,74146.82833164728,87691.86970656287,0.08203387835572155,0.08725553285255694,0.9610304870435954,1.040131138119939,0.9966534690654798,1.0958922109967368
p000281,0.43364369274106584,-0.460641666989989,0.04833379413825411,0.0203975510466035,93.84518968141282,119.51817095261025,77612.79992965751,78189.80007949295,0.08582049725619195,0.0755736942518254,1.0644420099241991,1.028568481462768,1.0443859562596296,1.0530211031900123
p000282,0.4314363450299388,-0.45618153413953977,0.04551703790287822,0.02020443532393124,93.44170303314257,112.10323214324654,75655.40963140645,84468.4822573606,0.08249884424065623,0.08187149348203615,0.9489186176597243,0.9933711504870265,0.9123039570155459,1.0714157530662305
p000283,0.47017844439912,-0.4312483785345213,0.05381665863477658,0.0207288519153589,97.72429978978113,116.67331459426329,72416.838122213,81528.97564086317,0.08537848063892454,0.0811244572221875,1.0942477660303185,0.9704384493975581,1.0777743251030023,1.0296801178022552
p000284,0.4740737494909196,-0.4352488932485474,0.0509356751634517,0.01900736507413699,102.76193507574602,122.00500078966589,78599.36993923094,77874.48332566343,0.07232404790161458,0.08742033558098744,0.9150925860497316,0.9005557817211077,1.053239702802392,0.9666294183443227
p000285,0.459484143580893,-0.43672695239913717,0.04575887038546435,0.018574244519409193,95.7984044050876,123.57185485106773,85353.95558592118,76436.93836886389,0.08401236243610782,0.07665024512373539,0.9954920565533536,1.086364180002318,1.0721323300395538,1.0931629001075462
p000286,0.46236074180293335,-0.4649991830570172,0.05237175538250709,0.021912266337135333,95.25320558375859,108.12575685633094,80527.65771091741,82454.53759389483,0.07523836807793502,0.07926456496205919,1.0446242930392398,0.9118861594945781,1.0198799092354984,0.9950767163830526
p000287,0.44472169869982847,-0.4793312357836082,0.047102729742997854,0.01911432082516016,102.01930200844292,114.33197949306619,87340.24281489664,82445.16769793033,0.0785314712996099,0.08488608905991304,0.9274959212903375,1.077326991663459,0.9246217242821565,0.9351014745058289
p000288,0.47431741304816816,-0.4610428688719347,0.053486150048812485,0.021659197904861413,92.77613082439039,127.14427199605377,76863.89175767655,74171.76424297251,0.08134473458166244,0.08267095700130009,1.0453924167395265,1.0268970903025467,0.9167034593046599,1.0171074114123828
p000289,0.4588480164727099,-0.44216831395370976,0.05315632964231482,0.021215438466011014,107.48758005238251,130.55579894041108,85468.27911222693,73168.2560694168,0.07658458423547429,0.07619820799383198,1.032282132401038,1.0427269791711176,1.060829730327424,0.9838882127153838
p000290,0.4624747031196317,-0.4722255100822814,0.0508768750392518,0.018669557566981028,107.94826685842972,121.40196800371594,74893.5663270848,86721.1504938638,0.07583435393833995,0.08416934777048114,1.0615036119239398,0.9303066148900409,1.0139805620970783,1.035457157064656
p000291,0.4668275905519354,-0.470611091924023,0.04814531133923393,0.019797718085913695,105.77576057125319,125.85847516487595,82904.10873109574,85514.50347277636,0.07695259187660582,0.08641319278625119,1.052449553458428,1.0469666298580413,0.9016268410841134,1.0462107724203202
p000292,0.47120641805867547,-0.47976734538936094,0.045235146541977495,0.020150123030599328,100.84025989582352,122.17326414798566,82484.33968192796,77891.49549747453,0.07466416837250443,0.0772707627031349,0.9686023392988458,0.9951388664163907,0.953945039498548,0.9629731078131086
p000293,0.4626077240061491,-0.44076223567585276,0.0485807000434305,0.020895692631042018,97.97028851737993,113.96955176455852,83611.0959780619,83328.21020883335,0.08398303995067556,0.08746589822502703,0.9250900899502473,1.04930602575581,0.9344818950792341,1.0244837170783825
p000294,0.47997017704445377,-0.46247098733648434,0.0454542985366275,0.019493879166502175,103.77733170186144,113.79232827723446,74972.26112560945,76686.21724539397,0.08132056749316072,0.07971023093250743,0.9904311130708043,1.021476106764644,0.9497429671256019,1.0995956408667311
p000295,0.435816666898162,-0.4357637938734685,0.04668636251862993,0.01882671560027955,92.39356154834138,114.54993902469269,76301.23570393279,72757.4026575537,0.08489416315705148,0.07901383519902583,0.9813036205161904,0.9373892046722434,1.0230490657458637,0.9513473607070556
p000296,0.43112915493303344,-0.43516246345311527,0.04753801896449927,0.021299096746749027,104.24358613237037,131.76451862830731,80480.62415115004,72864.21922280319,0.0783472060074115,0.08244329831968818,1.0076557145572185,0.9575310586482838,0.9351218078063601,1.084842220649882
p000297,0.4416316664851057,-0.441690267029778,0.04674060211368404,0.01937298031770881,99.02767603480893,131.90251858617128,75630.45258621809,78103.04153811428,0.08295695111948266,0.07744050575986472,1.0783282473311153,1.0461698854070434,1.0843291577758545,0.9390800055630827
p000298,0.4558061484053642,-0.4388180922832348,0.051784367035966075,0.021929955971242303,98.55948823889166,130.8888948853008,85996.8786874084,76199.18511779682,0.0861561286139351,0.08145175456723211,1.0637793145290497,0.9758125064522052,1.0945935337135284,0.9065994330615803
p000299,0.47875031191050577,-0.45375070852599586,0.050985847538462026,0.018422986178336757,95.28969988097157,123.52921013463342,74488.48697379537,77653.85477589958,0.08522723455338733,0.07224777378679283,0.9568961237162363,1.0194546395997008,1.0555589946918225,1.0340121240623021
p000300,0.44524238958327983,-0.47366616319494903,0.053203152649382565,0.020002720044333407,102.63830350846231,119.44393094866835,72917.52394271783,82049.98689710649,0.08460441639161011,0.08235517133073211,1.0503151564976687,0.9945855269490925,1.0039641209327446,1.0967128376237716
p000301,0.47097396382386214,-0.4267213398279782,0.05100954925895523,0.02059135626452125,103.51974833564817,122.95334028713472,77419.91924444327,84169.85032512152,0.07743527419105407,0.07521919863131799,1.066402521642838,0.9729889911756302,0.9605379807646544,0.9589348506927364
p000302,0.4648050982204772,-0.42261714051241717,0.04598233721879396,0.01827067417387807,105.97742706165698,123.83430915220909,73338.06425971752,81493.19714626795,0.08741757323570333,0.08527072434621422,0.9946694101856778,0.9973170011380398,1.0059847319580522,1.0192930643893257
p000303,0.4639760991278229,-0.44589282321333884,0.05461249896588112,0.020238409633476638,105.94421533699047,108.76048096446856,80627.87320560681,78459.86640867504,0.08052280649725042,0.08659169547876855,1.0045806985989847,0.9930665783333749,1.0083889967907145,1.0767175043731925
p000304,0.44454006808610186,-0.4218412386386171,0.053936252459227306,0.01934913029110331,95.2131908351278,119.10206509627695,77762.44991718212,80844.92215851581,0.08732107285763407,0.08553147366797198,0.9026442982700047,0.9590807190941183,0.9958768781244441,0.9471201895425803
p000305,0.4609387287797023,-0.46668356341630124,0.05488836263069115,0.02111846238576283,91.151497785855,108.2239900506919,75995.17909192025,84914.6619073242,0.07603348360151269,0.07330075468057454,0.987421934145716,0.9665044775262036,1.0099215672297663,1.0023967338699955
p000306,0.4255215091936848,-0.42912930940891825,0.04890977541711858,0.018815887863569185,105.824101959252,110.57874307549446,78749.5841342858,78307.22791189155,0.07935692730694643,0.08602469475451985,1.0289019463394096,0.9334412748964288,0.9645304137069464,0.9617556636176756
p000307,0.46815925818148063,-0.4570688695593723,0.05324631426082839,0.019831294998519572,107.47904569913942,130.9904867413889,74283.07952456936,78172.41603343784,0.07956852772777978,0.08698859874534037,1.0239696989614713,0.9447947513855536,0.975059487210814,0.9395956250326228
p000308,0.4513484603059151,-0.44210807072667324,0.04613672150584232,0.019496843197540643,93.83336898877177,127.79363156995052,86065.04743625977,73567.79254551379,0.07866473548836364,0.07513400569264779,0.9395047506401069,0.9453835702722488,1.0362020564815848,0.9907801914139167
p000309,0.4753935685367601,-0.43062909524605286,0.04681422868892817,0.020795249923954044,104.88354852016839,125.93176943655494,73881.39671508853,77153.10933856656,0.08340542475261634,0.07289606015666267,0.9871812064696355,0.9657971687133173,1.0344319567018339,0.9770815805735259
p000310,0.47849535446435076,-0.46504805190582865,0.047788698193377485,0.018119082348010424,92.92415469811925,113.94808828611039,79361.95594730416,79927.69293598844,0.08123887152395698,0.08770692407478665,0.9157050662564034,0.9483939903882408,1.0602631295823515,1.0799913459553978
p000311,0.4793917865599831,-0.45925257977688955,0.046735350550562736,0.021511140974799843,91.89795044185713,125.91561491876837,87485.23218125913,79893.82244855826,0.07620485649971517,0.07378391971992021,1.0058919430826023,0.9979390417821924,0.9680883095305863,0.9014537987671978
p000312,0.43518498786253745,-0.4332884741360633,0.04766209459711987,0.019708665576629904,95.4684435746359,124.92522810907971,84654.55036424549,83862.58967918917,0.07910341192621481,0.08340481243769615,1.0811722229900702,1.009340164051258,1.058564506629465,1.093275239340011
p000313,0.43497576159423446,-0.47169012910685215,0.05257365411856141,0.020074066560825627,93.19724854342974,114.4400743964622,75575.1529512066,73501.6202008056,0.08365761464455226,0.07441840015074801,1.039102238872909,1.026509866059527,0.9755989794580464,1.0499402438111831
p000314,0.4578036630736406,-0.4709885356675887,0.05229784656195022,0.02184513159705334,97.03775635536377,122.7919686782934,81665.4803895215,72303.68406841968,0.08734664409966265,0.08230294846347462,1.0137201290750906,0.910562960661952,0.9617646004942784,0.9999134391599114
p000315,0.42575094503044836,-0.43128356261817713,0.05060359343570639,0.020919457966026112,91.45151825261615,122.20808785274804,72517.81257973706,74176.73891358684,0.07745785531177732,0.08401556961997532,1.0910345344721124,1.05160494780902,1.059684848784041,0.9086967989366551
p000316,0.4575040667353322,-0.4486198663189611,0.05182422489826923,0.02109451657632392,102.24264092198305,117.7331004206374,78703.40526758826,81736.63469813729,0.07718690538068308,0.08015025686231189,1.0837399948022857,1.029392492808297,1.0158073895984487,1.0636813558473595
p000317,0.44779331680432194,-0.42976182922498307,0.05097582006013315,0.019136337732358875,95.3053445951327,131.35373394116453,78728.92670332498,75411.52125654886,0.08486200636623469,0.07447891209561974,0.9632751772449496,1.086623836676886,1.0357421427950935,1.0148802735025364
p000318,0.4391807299436689,-0.45632481701528443,0.05189822443231566,0.018224461139896102,108.15558216495711,109.98032550345755,87318.02866318822,79505.26717685012,0.07389687111595737,0.07904239274737644,0.9032848967809561,0.904830670461623,1.097140605791243,1.0518561036964578
p000319,0.4597407477245846,-0.44531868915719147,0.04641018129116327,0.019951066955592213,93.87357509856587,120.33181558904353,81309.33786683159,82513.95345617441,0.0868136854638208,0.07532113422693282,0.9969240380194382,0.9602322527603886,0.949561244535581,1.086392255915166
p000320,0.45272303516824325,-0.4748863198251073,0.046434768531251155,0.01964347260588445,102.70948184211457,120.86790887203865,86032.58144585679,82011.16786761557,0.07546443810720352,0.07259687692810908,1.0082944143743666,0.9552480212649664,1.0759487630166409,0.9397204950288562
p000321,0.42471257186158273,-0.42528333804332613,0.04603392405089677,0.01854312496282731,107.06181068785457,116.38611690087626,85687.74896810588,78524.84578675384,0.07791160209119292,0.07802627620099263,0.9397859098605195,1.016374424910111,1.0600169901339391,1.0891305681994943
p000322,0.45048200097722857,-0.4200891606390433,0.050346739932285875,0.01823677223300972,105.14288707398808,124.75762128989652,86337.07392305596,78069.02874630828,0.07275424805778144,0.0848059048249836,0.9135390017765334,0.9926459161007737,1.0249041102570589,0.9071298711418248
p000323,0.4523185535503219,-0.45727180766374026,0.052707269069837,0.01928450751093712,97.63661228106407,128.72226304382667,82049.05912996788,85369.44846755487,0.07929879034378756,0.08135043048230203,1.0963854750319537,1.0095140373034197,0.924434596304323,0.9217308966635263
p000324,0.441713321900445,-0.46080438943191765,0.05127659661959959,0.01892777584901602,99.50330225178189,118.39090932919287,78913.22605848392,73925.12675697939,0.07989503015508363,0.07333368912861363,1.0533350310547758,0.9899277497899011,0.9187145789965384,1.0284792535716099
p000325,0.4299752565068831,-0.46411057572016834,0.04669511001678072,0.02030460569948295,101.9140408721115,119.83382984831631,84312.23653494514,80094.64772510515,0.08216957570188699,0.08127403060026729,1.0828829760191527,0.929704017277218,1.0056826200431879,0.9296212701827482
p000326,0.4435918232645048,-0.42743129973832295,0.04570747600993173,0.02022587673833125,97.51279010216285,120.50877224209404,79064.88232913049,86823.3465389958,0.08505908895625713,0.07952487559270485,0.9842873827297856,0.9376050047608686,1.0280404188082224,1.090048459673605
p000327,0.44999188045870864,-0.478896776264563,0.05180345589670212,0.018803933276470806,91.6736715676954,112.52832731075145,73059.60529645809,80878.65383217315,0.07264356727371495,0.0861774368601011,1.0563606811304984,1.0992788487205198,0.995635186792278,1.0350749595861148
p000328,0.452885264497207,-0.4636623189891539,0.05078494121252013,0.018783543221267598,95.95514390071237,112.71692873441937,86217.81725773009,77333.40833382381,0.0789144746310393,0.08404867497800583,1.035487208882992,0.9990185831043281,0.9927238512738584,1.0228358344532666
p000329,0.44139345092623905,-0.4692802315378541,0.053771933330132166,0.018390907700885917,109.26790802761185,130.68549309017823,72282.75824361274,76600.02966222423,0.07663749121001168,0.08774442819277418,0.9752856328993587,1.007672948975522,0.9160944234033506,1.0751346680026017
p000330,0.45524051110467767,-0.432766326106173,0.05058636372773071,0.020972872861046897,108.62859994083061,112.8975321182177,85241.24163193759,87933.33051576169,0.07690084907680272,0.0793321398032031,1.0003906173563604,1.0456986338751713,0.9842800860740462,1.094595845736683
p000331,0.4315455307398762,-0.4791007355466337,0.05444294127291764,0.020899398392437842,102.86821094520049,123.75795386794516,72042.4477975979,84220.20359122177,0.08472422603981748,0.08071222027844979,1.0506662141349605,0.9941709365353173,0.9399575358394194,0.9994987152923082
p000332,0.4303327839175425,-0.4655886858155516,0.053032467960637916,0.01989150342439081,93.01811570504995,131.46318561147908,73295.40926260623,80044.81952680656,0.08143032456906281,0.08500753042344741,0.9664817390113483,1.0990108895344528,0.9829226832298159,0.9798386275877843
p000333,0.4590696081868884,-0.4529413005128199,0.05355603467628416,0.020642978830361883,104.41892531086121,128.13688732396758,78988.55125332302,80521.54657862644,0.0725933001070203,0.07349316607086845,0.9306643466644905,1.0879584235825068,0.9492668143961133,1.0150554715189202
p000334,0.4282565396912405,-0.43953429126509136,0.046072586604149014,0.020202053246532858,103.84565945808468,131.64334671015482,81201.07477502334,84383.84404953069,0.08348094488067717,0.078625681627255,0.9328059473886154,0.9579165817690608,1.0306238154626899,0.9660867082668849
p000335,0.445974226872924,-0.4235578174662884,0.05004582957615413,0.02025981274318678,96.4144898081499,122.57845376248717,80702.1479630097,75159.17745904627,0.08714140224308427,0.0739344538255331,1.090882463889069,0.9660764400889683,0.974449793781782,0.9859591127068814
p000336,0.47083567090064876,-0.46445190189213553,0.048506649374053454,0.019063122035009376,108.18769111591027,111.0682463416376,87993.90068448958,82418.74501537523,0.08107494234027791,0.08519674585581206,0.906480497263525,1.074281147383621,1.0450233209041018,1.0644212038334504
p000337,0.4432393883436099,-0.44551767605164155,0.046583848778379275,0.018548345589911724,97.7654539432369,117.14506275089306,86374.67460564968,83936.57402784798,0.08253951392802686,0.08688269033847845,0.94056928347261,1.0739057666550098,1.0618966636198208,1.09416883465034
p000338,0.4758254863995517,-0.45102330323650636,0.05314880167082839,0.018829229662429007,92.18862794787947,113.3092314779151,83834.75069837109,86739.16142040695,0.08550862945260329,0.08520371594145532,0.9859739041788983,0.9906864126084088,1.023489820457148,0.9571009041446283
p000339,0.4498561904419642,-0.44948420903059405,0.04913521818608539,0.02142999532364398,109.88038185723734,129.60809553946365,83799.24972028291,83507.03182112514,0.0862148885124513,0.07608854174234625,1.0241070169219806,1.061007820446722,1.079734579834457,1.0887865286392397
p000340,0.45557878480388875,-0.4296009267862795,0.04819599452199439,0.019801156054399287,98.64414610909122,116.72543164534002,81495.26232609931,80697.32224148235,0.07333171667550087,0.07623667586636106,0.9820759194318459,1.0737510006286266,1.023370664656184,0.9657160257802395
p000341,0.4687428392385846,-0.47762976246645145,0.05435471602151571,0.0206013635024691,103.88269610602916,130.91500002673482,81399.4403333901,84507.5007500746,0.07527893915790662,0.08203223803815328,0.9798346884739565,1.070498528632959,1.0751935671235195,1.0293073723733022
p000342,0.42549922819989733,-0.4758319781535428,0.05262345860768011,0.02110045388391647,109.72581694410113,122.42271767039962,84799.29673284822,85230.38723737687,0.0865126998126226,0.08000927555591841,0.9160758532650495,1.090533635010983,1.0001869449243141,1.0841564063351121
p000343,0.42807536933443663,-0.4608619935785547,0.0538783862707769,0.02081237128025331,107.97993740283866,130.51001075270338,72504.67190675561,85430.39500509162,0.07443997182281367,0.08621377274703639,1.0594415461922648,1.0279063964366686,1.0364833054912739,0.9359481002700034
p000344,0.4441261328763574,-0.4772936302422268,0.04714707621911013,0.02042017878972352,109.54869677046626,112.93044163376916,72026.48305102257,82800.95466217257,0.07739248439754234,0.07825798604122271,1.040006338401563,0.9247856876260664,0.9795475948577972,1.0455594087565632
p000345,0.44395597434032374,-0.4225035447528349,0.049272681987087855,0.0210412830004633,102.55790455110763,122.03742802464544,81051.54377592496,75352.48173813136,0.07921852643973945,0.07519153603312846,1.075239804572921,1.047881364551772,1.0587096177194557,1.041411305651565
p000346,0.4376796109727424,-0.4599273893567429,0.05128280349476612,0.018010443181560493,99.48722684958072,109.24138065873278,80383.21578903796,82283.09846804338,0.07373156817019347,0.08155971058625185,0.9862568303428038,1.0553466739681951,0.9650990270198244,1.046741235688387
p000347,0.4483933150788359,-0.4649258457921693,0.04784497320768584,0.018124256412244272,92.46188573373485,126.56341940340496,76245.95796095188,75287.83356309828,0.07304696765335522,0.07308138685065683,0.9349222997247031,0.9187335916042758,1.0732193761941144,1.0202684022857673
p000348,0.446187224262881,-0.45152337856530406,0.05451285401703075,0.020107726146168705,104.60581826435741,113.55570793282388,75515.34851877912,83894.20177615105,0.0784516457634515,0.076282633211558,1.0570404806627873,1.0975298154259516,1.0285742603804937,1.0807253829980952
p000349,0.448245311937505,-0.42465891847314524,0.048680676798803287,0.02191811582556874,100.16972731734481,114.03395097522123,82127.80106504021,86707.30558774991,0.07502594561268326,0.08357820692184416,0.9442981015331661,1.0959854733588863,0.9941365171553256,0.996412094810482
p000350,0.42435267367977214,-0.4493803536259513,0.05354720072680917,0.02043420609432416,96.27418637294576,122.0426199523984,85476.28733556921,85080.43796660904,0.08291715663659158,0.07785274207106366,0.9202892394952565,0.9812440667772646,1.034035870084401,0.944441465812301
p000351,0.4360466132107073,-0.4469089295379704,0.05259343827341427,0.02195024780762303,94.70953607861476,109.56451307182519,83297.08284577653,81798.08027239611,0.08128063442394731,0.07477222718149165,0.9539834447177349,0.9144612799990163,0.959470159312039,0.996856713048043
p000352,0.4506867160940211,-0.4403346667470692,0.047220937176717485,0.018222389815192565,101.07568785166534,112.60965916976268,80203.36366997461,79456.81121512885,0.08612685515624222,0.08541108507547444,1.0244489898875684,1.082239622861393,0.9889019221562375,0.9185504713429083
p000353,0.4324136856571359,-0.45638545033557903,0.047038103007364454,0.02132279020047939,101.38917109262574,124.13469338695657,72722.88264254773,83488.36006856222,0.07282783882014117,0.08430327776810087,1.049276114249999,1.0217451704509048,1.0581875574066382,1.0760980137076848
p000354,0.4305764627541391,-0.46191118400277476,0.05228687410285124,0.021539583974808554,105.3520009823715,115.82521359329449,84537.99949009714,78445.40363283217,0.07665149488942714,0.0767093377760895,0.9576358038258627,1.0885242147670622,1.0214704755826762,1.0183628030078513
p000355,0.44558519926259865,-0.4414451583435181,0.05017797784931635,0.01808577075687799,105.13527491466826,121.94412085751273,76461.9595176104,83780.59601414407,0.08502723169580546,0.08690138454205598,1.0090852779971478,0.9013716716553689,0.9521270867429843,1.0166194328219984
p000356,0.4788861643179979,-0.4535995667532229,0.048803936340886256,0.021395432646203888,92.48847943850546,126.30758563433973,80056.70214023165,79447.72734090856,0.07871529417468838,0.07498681019593471,0.9439351909319189,1.0145237496483384,0.95735328971703,1.0813344203917274
p000357,0.42124417114315765,-0.46021227268892695,0.05469182308766304,0.02002684568901055,96.85530363423872,128.8661936474998,82946.76506719651,73162.99497856443,0.08281314837621032,0.07607584663753975,1.0575896962451214,1.0395762729756537,1.0675914163751603,0.995789026783467
p000358,0.4727855690299534,-0.45665498049435405,0.05491909468293103,0.019835794267477717,94.03701860249578,117.53658788091874,84751.34088559817,75750.96889260448,0.08049470392107864,0.08413378415433968,1.0363520414775338,0.9658192293024424,1.0548572167788217,1.000647494521914
p000359,0.4427681500195874,-0.45363575645489,0.05191848313689489,0.01945065019137939,107.16464820849869,124.61450482394004,73660.530043395,80752.59078181058,0.08707210786404282,0.07735222569261413,0.9992752638980605,1.0060033946202107,1.0905584151640269,0.9677327144621652
p000360,0.4314789653017659,-0.45774130381257533,0.04943235209943985,0.019586058074844936,104.75925071268506,126.19717361036612,78167.46190185587,72597.59739030292,0.08584224148033119,0.0777578708741405,0.980428932113284,0.9437654615559732,1.0079717249076268,1.009688482424699
p000361,0.43357410993352885,-0.42097655102039777,0.046676573429819554,0.01965857420481095,104.79171185111326,123.24883441373136,83003.20357742209,72142.57243398494,0.08479540544452173,0.07776351514681942,1.0262765766972002,1.0721036802334256,0.9026261732138411,1.0949014142648152
p000362,0.4457949116027479,-0.4353597342014958,0.04574954251225589,0.021983885825285845,91.48995915900251,113.44700516366218,75490.71972997663,81847.190990223,0.08464606401502353,0.07506895076680162,1.0627359395460658,0.9256167812055655,0.9447060647951875,1.0019663464102895
p000363,0.4316585858296754,-0.4373134993292427,0.05319860194126877,0.02053652029606293,108.94490411829963,111.54030140741185,86523.15917981433,77390.22268168349,0.07593615814256274,0.07837485694519722,0.9343792750524812,1.0542764027117404,0.9475772848299047,1.0992692982257901
p000364,0.4671957157735186,-0.43417240815470337,0.05215413681630738,0.02112737429138315,100.49022920642868,114.4080687142468,82758.91023357322,76821.01384598402,0.0724490743986992,0.07293793284592595,1.0743385093781357,1.0383172461274184,0.9128434037989797,1.002542848386746
p000365,0.4734630943862903,-0.46014372036085743,0.048464008942651786,0.020954050083883555,95.45570153162016,116.9462775251452,81748.72403912728,83987.04693924711,0.07496586300280621,0.08272171675619219,1.0407279836623957,0.9488331506764139,1.0923177529836956,1.0782333424492128
p000366,0.45315458515248563,-0.4334437316678973,0.04700618916233904,0.021037592537096063,97.45546881646338,121.65175206541895,81950.83442680839,83065.9559609443,0.08209962280178082,0.08539542474771361,0.9583483556650304,0.9848465829833887,0.9990212950925232,1.059590025029045
p000367,0.4378281497417356,-0.436060327036131,0.045265653130561495,0.021017284210027843,97.5616028139582,131.70565541251503,78484.25475972879,76802.7949569716,0.08139415489681354,0.07880534080463805,0.9341532800746566,1.0865522681835666,1.0638997285528768,0.9543231646457462
p000368,0.4301422993972986,-0.463880948451466,0.053825212289812296,0.019249215896333764,105.74994493376367,126.51220675152318,83577.54639226953,78724.22883623274,0.08698592124321375,0.08109363864571725,0.9230939025732713,0.9429479006587026,0.9414028217451672,1.0163309832396796
p000369,0.4675694043627875,-0.42500770876113236,0.049966178867009256,0.020587571585841333,99.06975173846959,118.12243322485261,83563.81919041557,72746.47190986155,0.07351453538316849,0.0837792180475629,0.9045268975342416,1.0876419150372438,1.004031725641464,0.9698322492910759
p000370,0.4240771574295881,-0.4564713498966713,0.045078666760432255,0.021698101758038348,108.73499626289993,122.50985860250931,74523.38846089396,83094.5478960172,0.08000435655057783,0.07587255740799678,1.0804698233444212,1.0731191290754933,1.0069656609765005,1.0527025756966786
p000371,0.44519367725583975,-0.4277178570089528,0.048893911930945555,0.0202837140756586,95.3312601539159,121.69538938225955,77435.23672697323,76778.42387538674,0.08232613287515904,0.07354981870192938,0.9574986913542763,0.9560646995821613,0.9833262567209642,1.0481994212510546
p000372,0.45157316161138883,-0.4551073949314733,0.052835396634436455,0.021349249145852383,109.51382565847804,109.36287433930387,84733.62599966234,81329.99028553786,0.08094147037036073,0.08240746334981949,1.0417603703073033,0.9006278859451989,0.9984915659578298,1.0392355342801403
p000373,0.46291877675564397,-0.4759301552222998,0.05016247635581007,0.020180692604651034,92.57940884166837,123.63507844591142,79278.14313080239,77736.96019938403,0.08665407347585766,0.08130369683818582,0.9945539837002632,0.969932954756008,1.0598151459306617,1.008265317703886
p000374,0.4539135574967205,-0.44565105714820114,0.04838137772441118,0.018728898232040707,104.93808629685888,125.56067561227283,84351.8065914381,75368.59205632718,0.08127253108374935,0.07573602613433368,1.0426977077887079,1.0793382684216466,0.9111133316619682,0.944683075782781
p000375,0.44109093490805773,-0.421746731914566,0.05371234271793791,0.0212109105565397,101.451909557275,112.31306813230067,87655.54018800604,83739.97418419774,0.07842315653256533,0.08619520660520143,0.9433612901171765,0.9942332410750541,1.0957913844110743,0.9238894718237319
p000376,0.4277354602726114,-0.4574275660528745,0.05442144451030219,0.01832147560393007,97.5361138824991,111.68979867968751,72171.37090950533,83520.13591668397,0.07976725599680348,0.08104324025592984,1.0033430990380512,0.9421194405079721,0.9158075374615333,0.9293929395113837
p000377,0.4561362303136549,-0.44103459939024775,0.051455110328650105,0.01830764419313225,92.84518928379953,127.61815480084422,72686.69297497778,76661.27188807665,0.07738701669413788,0.08199942107996587,1.0663791256475554,0.9066652454880616,1.0005610685849842,1.010265134571124
p000378,0.42348145157865913,-0.45792599911848647,0.05272961507039455,0.01905080891265502,105.50641928603285,129.44956666100634,87798.68268926801,72042.31835804984,0.07938115079686701,0.08103320903732622,0.9235650877684487,0.9461293228378825,0.9824363477649181,1.022792823761473
p000379,0.4573607555433816,-0.42709110764272035,0.045382765842154414,0.01849012465460493,102.05161790591279,117.28936010074261,77626.17989185617,87290.59105393043,0.07391565324111797,0.07406901382659843,1.092215123157736,0.9703006540002735,0.9143966648032668,1.0588769501550577
p000380,0.4447821490435619,-0.45873630462939746,0.051203993252616764,0.020288029870154167,90.07057812092607,109.67622733203955,79951.95727429836,83549.26035337182,0.07905527791196938,0.07577911515372567,0.9423805155586436,0.9357893554434574,0.9673267222571112,0.9114127873195205
p000381,0.4564204096221147,-0.4593618136866874,0.04956347784074695,0.021880496421469345,94.04192063700879,111.82958048821635,74774.13875645159,77938.53987859903,0.08683917026109243,0.07339868587776467,0.9776843904798656,1.0998506504169012,0.966370472386104,0.9852700556622651
p000382,0.4242285919189187,-0.47413195918448253,0.05255679133150469,0.01936591266003686,109.07756828167754,122.10694766530447,79248.40700255732,77852.18250955798,0.07338722715924291,0.07303523767921674,1.0010049885010772,0.9866346321696847,0.9325050869138103,1.0757991016947905
p000383,0.4429672719071638,-0.44762413021046965,0.05277345647130506,0.018977793268752423,105.05422723139736,111.1172081130605,84149.18604774175,73247.33120076713,0.07578950297226528,0.0821559912725766,0.9054835033090944,0.9155421284789265,1.0028880380503244,0.9722785736774984
p000384,0.4741823561988111,-0.4401040190981259,0.047339549474792575,0.021650463233914702,101.18159101363402,116.6919888377657,83224.15434211012,80549.77568603489,0.08370123143263888,0.07789396307136473,0.9133395059391681,0.9063063962784728,0.9996630502637113,0.9113756312511584
p000385,0.45843647037429286,-0.46509217193360514,0.05441264749507559,0.020990842367503364,108.69071916748982,116.89774254607991,72623.09738502282,86118.36341435518,0.07553776392871664,0.08624618347163686,1.048032562419118,1.0466578854035777,1.0096653096473849,0.9131386085973828
p000386,0.4476178004437931,-0.4640711104784881,0.05011070401855078,0.02100936377962599,103.40477367660573,115.9141684103741,83843.59540266125,72569.93304205466,0.08520221524975763,0.0819234417139422,1.034474578680902,0.97821195880716,0.9295974598237082,0.9370018361818673
p000387,0.47962341234670125,-0.4467268214064191,0.054557076627980323,0.018676256228094223,105.11482046088429,116.10563914692433,85223.6716621231,84910.1405812031,0.08554260431640064,0.08176027341417384,1.0471746959030317,1.092456297713577,1.0043702510930455,0.9914538848711625
p000388,0.4516833693607622,-0.4585997561093593,0.05136338876658131,0.020119818015458046,102.49229903917356,117.80614574122914,78717.3011745051,81398.77035825263,0.07498710396576112,0.08368470018320157,0.9195943295115073,1.0785139527915861,1.035964119590747,1.0492300357281075
p000389,0.4718302248001602,-0.46338783398351835,0.04694352519878048,0.020088245735066526,100.08929915356502,110.4365021153557,83969.89532560541,74736.20167293445,0.07425391652332587,0.0863345667389458,1.0472500274876115,0.9322676701767464,0.9820968471439253,0.9465627420185981
p000390,0.4289337950834163,-0.4289899073723312,0.047796522560558476,0.01925470395330165,102.10880785100575,110.97660471915565,78159.67934433241,76401.66733455099,0.08443224212864206,0.0756745826157519,1.0578912356795782,1.000307672082589,1.092456455605363,1.0001134513695549
p000391,0.42562115475376266,-0.45483203543247686,0.04670961779159174,0.020874832422158936,101.30833678312547,115.41784789538559,82292.6860291762,75027.1736137005,0.0747743620181823,0.07568329014564923,1.0306902671957316,1.0886363794048075,1.0188973875607656,1.0268567215889646
p000392,0.4740086063611673,-0.4660587212197775,0.04516979413582964,0.020062322193267645,101.50710021120035,128.49463704146018,75038.09045476124,81973.8542103233,0.08546066826413976,0.08218291411799768,1.0987012530618547,1.0331002275005423,1.0538702754707685,1.0560588437403662
p000393,0.4480393605714748,-0.42375134650953206,0.04802960366043415,0.021530006629512134,105.64997013491343,119.39884126890851,74944.37117807195,84776.13493999356,0.08540227992403326,0.08608838970631412,0.9902785696679075,0.9241751207848751,0.9536485641993258,1.05818131612478
p000394,0.45198048611731806,-0.42286751049522303,0.046954027271373794,0.01917517501514022,99.8829405133403,130.65835840039085,87179.4799304959,73912.93027866658,0.08686291549696558,0.08028878629743129,0.940712014568496,1.0943523258581842,1.0376797270902318,0.9482607243830968
p000395,0.4580487182309587,-0.4668647522667506,0.04645012048092191,0.019010251125249553,94.12495083446065,131.1760430511476,77275.79137251353,81748.1869951986,0.07926554411272609,0.08656805904591616,1.0622877512202833,0.9738367624969899,0.9859893092468375,1.0062677505534823
p000396,0.46253789691070973,-0.4581439237031082,0.05079621526387554,0.021624250429295534,97.2032155781774,116.21512654127594,72405.25097686837,77470.64645472637,0.08014174579085674,0.08567568793027357,1.0313385969595577,1.0978966538132844,0.938880870012028,0.9003266388248473
p000397,0.45382048355551025,-0.45591423859517216,0.0484068516757079,0.018051181556200467,99.70272854406177,113.63072345196107,81032.17853825874,77746.56569131943,0.08674585885777393,0.08356318519845592,0.9662236313322264,1.0123090468615794,0.9320810499251538,0.954427307522247
p000398,0.46789057906183495,-0.45215729776909014,0.05463348269373593,0.018514413332975866,98.40980880476627,114.82116154667258,75253.97019229786,87118.37244021751,0.07766383897836449,0.08325708764957443,1.0611466215853003,1.0832257134617576,0.9498472666198694,1.016447850417924
p000399,0.43172405785607176,-0.4661186961991611,0.05114509511003815,0.021653987468309842,97.91068821143121,111.88147718925907,86732.45022839862,87742.72492764523,0.08784785498457764,0.0837602197630624,0.9828310406742481,1.0509560531105837,1.0937291079472775,1.0829788506888054
p000400,0.4684102415054333,-0.4765176189272176,0.04947064517930495,0.02186459440446299,106.89980933479248,125.67971796152358,86453.77706674667,76787.97914597778,0.08199949990899616,0.07469186530672783,1.0101412163507288,0.9255505626830276,0.9732514530731058,1.0326987291853322
p000401,0.4579371087768035,-0.44596020163320615,0.05263898309625369,0.019569863471360343,105.85911558822704,130.56992168231943,75831.00164000566,83428.27463483666,0.08484733751399319,0.08722329273989143,1.0770400369477833,0.9266302694409028,0.9052210418196438,0.9843126962357234
p000402,0.44429162370791575,-0.4517213062133673,0.0509527869011627,0.02087117826828394,106.10462652079686,114.12273935079871,75820.48593864818,79767.06979890526,0.0827867320859676,0.08011655279786169,1.059394431331099,1.012016990392772,1.0171602861805047,0.9019880102174217
p000403,0.43398641195152843,-0.4603226870637992,0.05147456766453992,0.019059557354891052,92.69581998790125,112.97756610477643,82566.18920091755,77586.50916970133,0.07480513156643884,0.08231630373264387,0.920508197030907,1.068216865101762,0.9687844412196098,0.9149271014890356
p000404,0.42663495707199806,-0.4356029029832432,0.04751722142359103,0.01919588486002008,109.60715764088974,114.86658735039106,76757.05964346418,73659.24980233678,0.08565893288809541,0.0721229513213027,0.9371489250366422,1.0156963470881493,1.0655743910816493,1.073752010907584
p000405,0.47731504297887134,-0.4362538447530854,0.04623175729792674,0.019857870464882146,107.73012392114708,115.52100656893101,86278.36606400006,87001.12472007217,0.07876361201721939,0.08659450217955475,0.9036525874520243,1.0327800057239611,1.0119222442646008,0.922632226647339
p000406,0.4635211606192556,-0.43208491080210665,0.04639765395539911,0.01942405882339562,97.94944804146738,131.051025171382,87454.51897605725,82103.34720327149,0.07218833846165461,0.0831318335127554,0.9797281347748765,1.0008467623411959,1.043552464109355,0.9176656138770208
p000407,0.4375685967427736,-0.4446895672441412,0.051799964763497776,0.019180041675706007,98.49810721786531,129.52063139453375,81180.14523682538,72367.32962791547,0.08220376875840618,0.08515708125071293,1.0266146841833632,1.075580238709664,1.0660325467664018,0.9467102334095658
p000408,0.456946251482234,-0.44796096493445353,0.04638519753804783,0.02151966026693457,107.42782800960913,131.12630835614698,86181.72992203891,85605.6733164359,0.08372001076406912,0.07827839975643645,1.0119386038445046,1.0083091831512656,1.0868822156115114,1.0635409215974982
p000409,0.4724978352404617,-0.4474454717356027,0.045245872651288654,0.020551945939138734,109.16321336911953,126.38422872657867,75330.79098233444,87153.1895418401,0.07522266552488611,0.0835952534184331,1.0784495414302808,0.9057025022753634,1.0026509512415145,0.9920582468728472
p000410,0.4702253936972806,-0.4793952695580146,0.050751913302110985,0.01934301357721519,104.98192491669165,127.66546215490769,73386.06338600392,72164.80814503922,0.08728781112614856,0.08654843687449129,1.0411355313326258,1.0844809893642733,1.0666738632036228,0.9345362551595424
p000411,0.4727327361914383,-0.457519835517479,0.050504382596927584,0.018888353067632993,103.30298723234374,113.99682852967078,80299.70425558089,83055.21481492335,0.08632349602668347,0.08175918732918389,1.0528364866636317,0.9959811438543741,1.0940189873551251,0.9266932493337992
p000412,0.46848341796365034,-0.4495426855679907,0.04976647326919136,0.018655442802130228,92.9856686099667,113.3607149551986,73913.55822523776,77449.93242319571,0.08770460132037293,0.0820536577677006,1.0780937458276834,1.0044489327742596,1.0265122909646396,1.0998292634498883
p000413,0.4692486239302677,-0.46622580705190025,0.048647862003412645,0.021063059140931147,109.35107302764732,120.78785325398373,86648.13658039768,74623.73760099847,0.08787988131294588,0.07427850209728325,1.0661303403138849,0.9822430148357537,1.0874886208460237,0.925833609231763
p000414,0.42159630211792615,-0.4245238593364603,0.05186722876701942,0.019753459291203423,107.41447917974052,119.76674402070336,85911.90567115185,73211.43152920439,0.07832811668277834,0.07694033765214686,0.9786014565164005,1.020514626552198,1.0578856230535745,1.0831152922912655
p000415,0.44086446523808903,-0.47298833130063744,0.046326386680113185,0.019968931623339334,105.20790092813829,123.88698916749462,75487.7954707816,79362.30220281602,0.07825662966767195,0.08158444295443287,1.059628311623309,0.9124914981290096,1.0386530789973794,1.0571741856768437
p000416,0.4690948793343625,-0.4594663846900908,0.05339878972172452,0.019380314625446586,95.18477714924715,114.64123216842953,78290.0808391174,82917.54420208326,0.07208788160455028,0.08119858172886017,0.9956167178722657,1.0949191012185626,0.9545842043142605,1.0470038835034319
p000417,0.4725683440039116,-0.4294634802218282,0.049914962331118466,0.01947830352394328,90.64323687126347,108.84003682580992,83720.98336700273,77030.6178212365,0.07463599920487442,0.08023179687469137,1.0608719759429832,0.997785627895186,1.0967962848818291,1.0029151406228114
p000418,0.47587559313753097,-0.4423775482363694,0.053347629445156405,0.019290291600497517,95.07392250465499,115.55607782022318,81097.47994863204,76239.96010169502,0.08225018482282788,0.08418103125870655,0.9383536046199785,0.9362703376449226,0.9431419929749842,0.982737999429411
p000419,0.47809378143584585,-0.47146171999737674,0.04736056037052572,0.019533888872311545,103.4893960832205,117.31693254019967,82331.4077920705,72640.08781425655,0.07924629454047809,0.0840673427115577,1.093163985447846,1.043629275593602,1.0330566715892249,0.994082727511858
p000420,0.4214520719493631,-0.45343169794059884,0.05252566819109673,0.018993834935668225,96.09151488674567,131.15090351495533,73482.442853242,82859.58833445184,0.07309649629101064,0.08799832267704376,0.9462935369520951,0.9778089520515691,0.9892710680366493,1.0868543665869068
p000421,0.4677480445477602,-0.4331410854378275,0.048873382920599825,0.021186934091160414,103.7246045426824,110.37067092834843,79921.83980289285,75697.17993236362,0.07680538417241811,0.07949709213520584,0.9739019955806253,0.9517505907258724,0.9723997595830328,0.9076311114451842
p000422,0.4648853715585036,-0.4682883626707047,0.05260348202709051,0.0200442472857092,93.1514800442344,125.5697025235954,73012.06174703497,75490.81971227314,0.07626252199092977,0.07443311526633187,0.9121437655481505,1.0615761018114283,0.998187621821727,1.0709513801274222
p000423,0.4376160023583885,-0.45201896689471593,0.046053348803461146,0.02093567725149401,99.56213403979969,127.7575856491531,72529.97645625244,82332.60744475195,0.07667589873632195,0.08140268758309085,0.9085634996184735,0.9033574388549704,1.000646784329437,1.037964350655578
p000424,0.4578756667471396,-0.4344838010506315,0.046757833476362205,0.019178437354258653,90.13261996961707,115.97757805646846,82871.22676570447,76021.49600610156,0.08181693619614175,0.08134310154377249,1.0170701219212466,0.9024491429260539,1.0216353405692309,1.0412052316526565
p000425,0.4417350005486992,-0.42187736883952476,0.05055131654844468,0.019954383390353447,91.0973685742398,112.68719910497823,86099.24198244537,72257.97282392264,0.08380944136841793,0.07507202469468707,0.9292794148171725,0.9984940478845542,1.0316600615616056,1.0669674820362203
p000426,0.43500615264847525,-0.43337149186996693,0.05163357507000464,0.019389414712085898,102.4118571321451,131.54287880692908,73272.47332904233,86938.62855032196,0.07513749369139165,0.08585121926158223,1.0195143156764739,1.064513557618325,1.0132488784002858,1.0204386267960208
p000427,0.45287293846430776,-0.46528675862502794,0.05232659678627558,0.021757179561986698,97.04368812862027,121.09808406582447,86944.86602685435,75225.47619002097,0.08582821990075364,0.0827828316264316,0.9000782599748539,1.0620771800052218,1.0425185299036637,0.9977595684881772
p000428,0.42589756718510907,-0.4711325641421789,0.04966186779372369,0.020734638828062115,104.05691152852158,121.46968887019688,80448.16151729276,82509.91020250623,0.07698729210347159,0.08091865725747692,0.9773902776042609,1.0892695311245915,1.0985664401982254,0.9565289983477899
p000429,0.44901434020953024,-0.4208463652622749,0.05292563494957875,0.019823350995328757,108.91317760820034,115.60293073814779,85015.0436156147,87027.26987156335,0.0757113425180296,0.08284624070836535,0.9315021911498763,0.9271444350294006,1.051680247086078,0.9373957950576313
p000430,0.464845115146177,-0.4781110581322587,0.04951662201275453,0.01813211128215453,91.38994732299037,117.6100617880728,86123.025131719,83194.69756263295,0.08689175924806045,0.08754728354868448,0.977064349942233,1.0819034239556278,1.0238959488848758,0.9389123318323432
p000431,0.4649822457840584,-0.44977629459299745,0.052352081272092614,0.020768027742834313,107.13690174271571,116.65046109766777,83765.30654322183,84031.02462939668,0.087720039377312,0.07977632138345925,0.9612371767772623,1.0320266188289458,1.023631436653784,1.090554984845266
p000432,0.4449096485756866,-0.45604409269461543,0.0470164797342595,0.019687276245362095,96.92272396734018,125.26003163668865,84924.16840172643,82566.85418644908,0.08496581866288418,0.08392151836388782,1.0403313906722114,0.9700870898662342,1.0804180720413634,0.9815871692487675
p000433,0.46803281184008305,-0.4241049996204619,0.05210951628692756,0.02034538322288624,97.33252291628298,131.60967280472502,79561.27054574771,84418.04179816363,0.07355236360239333,0.08557573340460786,1.031540822499856,1.0821028079486366,0.9156960309442155,0.9382503074343858
p000434,0.42076116212637305,-0.4232016519434306,0.052684394006597565,0.02095921108532522,94.39268703895112,122.71780434459018,75589.98675810834,76953.28381998008,0.08572416874907841,0.08022180504714686,0.9636494365960065,0.9711951112861434,1.0021037840758058,0.9958018180457073
p000435,0.4713363319996625,-0.4216448830521581,0.051027974720911744,0.021082334272642295,105.42416555095011,118.60542769911514,81583.05668397999,85959.34307438672,0.07701889669442824,0.08178224606077578,1.021787888150023,1.0808600847041991,0.9742554764823237,1.0800686345559882
p000436,0.4762624501090097,-0.4404038321321989,0.050561875221385014,0.019167947352751444,92.44143372969339,126.44934893031949,84163.8247897991,78622.07779900952,0.0870202824838752,0.07214547839957074,1.0269856378535733,1.0964573029024214,0.9615630438095338,0.9992355002759212
p000437,0.47726597488945616,-0.44902540603163743,0.04829745117798433,0.018267549467704158,103.39588731949301,130.2098286834539,80727.52884798445,83078.4636352002,0.08304589325901678,0.08276387129866683,0.9983739073170865,1.0131405889891607,0.9622885586979442,1.091155942464753
p000438,0.43714847123038736,-0.4545922749184086,0.05025366296257431,0.021849587596217936,97.23741283566926,128.90072537953284,78962.68955528272,79812.19610053489,0.07600892695434244,0.07752000577637688,0.9906937551528677,1.0343965447780659,1.0049656170816905,1.0716980962324025
p000439,0.45258208621588153,-0.432457420497976,0.05432861857230056,0.019967826587705115,106.26796473663174,123.72230535474118,80115.6608416302,87100.27060368373,0.07518559753676177,0.07898661350070066,1.0544838783890822,1.0907733445310819,1.0251191855393738,1.0529964326206178
p000440,0.46407166401481537,-0.4685244117084874,0.052994874923852076,0.019563042735397922,102.3635837373539,125.01160929557338,86414.42032592329,85173.82212676377,0.0824576187404023,0.0721681369111914,1.08629855225147,1.0562574126578614,0.9565874049845922,0.9271840510326654
p000441,0.4625472550784411,-0.4432842258346207,0.05276978841525539,0.02196614367758652,100.8728813972175,126.91863077230903,80997.13502699861,84716.27664586721,0.07538294216151206,0.08019151073703647,1.0748659051065368,0.9388186947775274,0.9714300506626304,1.0870855827008572
p000442,0.42173412396402254,-0.4779981931310345,0.046800475347748366,0.021387505135337995,104.00672755852207,128.6001172382215,72186.64849353103,84252.81351780245,0.07771016068043192,0.07409997677316277,1.0086929714129427,0.9052625139264758,1.0781237336575573,0.904558135805829
p000443,0.43929653577581873,-0.4440884170986601,0.04924460512360383,0.02102279789261556,90.16077190573051,109.43890707269217,74396.02266984285,80786.4757273591,0.07805299011937121,0.08766301017249074,1.0734806028950665,1.0782372057714005,0.9642742945598025,0.9342094018508179
p000444,0.4768546616318992,-0.4350912689740333,0.05174743822971771,0.021574236271436828,101.29591047225868,108.69271402046482,80659.3726036603,83283.83343168432,0.08334938757088041,0.07688219604297039,0.9123565123388678,0.9342341131975277,0.9146319331072861,1.0775516905117732
p000445,0.42047881139219545,-0.44094386922592216,0.050321877962869896,0.019119769881293432,107.91724338331107,127.34490094397455,72574.45233744707,87084.2188822439,0.0849780283516688,0.0720179497464801,0.9876560634216736,1.0797914429411792,1.086033249823468,1.0045762916935737
p000446,0.44769271038721775,-0.4264598625492741,0.05111438473324703,0.021828575759397513,90.97597643548312,130.8346031173607,84407.25585829851,73613.4038140544,0.08076481801434426,0.07658058610572514,1.0727961675812825,1.082959494071876,1.0274285447851492,1.0525967770215303
p000447,0.4468277615900669,-0.46046401770932555,0.053758738971920995,0.021995129573241273,100.5292037596425,128.9492246079898,75450.19722886426,81791.01248467993,0.07597376096035315,0.07516038300363237,1.0864538873878153,0.9226507000855828,1.0534951425422625,0.9612738455439314
p000448,0.4709361854842157,-0.4592341437984562,0.05467328630160682,0.02005822011781321,93.23469435969066,109.74948306101946,80529.39791428039,82193.88476206266,0.07426688642252247,0.0828089372354764,1.041322981689621,1.0142906115515347,0.9396200136422829,0.9163171479092714
p000449,0.45620644008448463,-0.46582963252555964,0.04741900465554632,0.021452169718643336,104.34824801699162,116.79152157150541,87863.73530344886,74807.48064252654,0.07483238686688223,0.07401532410928688,1.019137252866908,0.9129805759914619,0.9484255335941186,0.9346817411725462
p000450,0.42694749131003207,-0.4669257564328613,0.05373877442187898,0.01846936519400168,103.16611204104413,129.76504495514004,79162.76917501027,72729.99663154024,0.08491240789656986,0.07729700860071984,1.01883147869336,1.016893830750642,0.9933089557648784,1.0939199820887184
p000451,0.46521854181625466,-0.4562557219596,0.05481959304620642,0.02188465499160758,91.10550040319114,128.24957893525342,80350.42192815198,73405.16946667232,0.07481807738530143,0.07877841605662309,0.977883882508928,0.9151664256765702,0.9066916801220509,1.0734459685090925
p000452,0.43339251580649196,-0.45543866715719766,0.05197158738011099,0.02002220600635326,93.03660893795436,108.95226245737423,86472.32029759546,81537.76877591947,0.07822743384056291,0.073185934593772,0.9640582759181754,1.0339223733544787,0.9449288059116548,1.0555892379842606
p000453,0.4221550776372807,-0.46097844003460303,0.04783309090639644,0.018936921193841005,99.36404978245307,129.42730397784277,72069.33686650412,76137.13793669363,0.07985400647687521,0.07288384916884273,1.039780540367473,0.9337281470394418,0.9963006717157235,1.006412991176402
p000454,0.4348439560578527,-0.4703219279633582,0.04962966381955745,0.02190762001881163,94.72756553174936,119.08743677870925,82418.1559312019,83633.13158942423,0.08069004185886886,0.0854861288141194,1.036977880475608,0.9408370404923901,0.9669041972727638,1.0927552852840159
p000455,0.47372948068809684,-0.4257427899548884,0.045544737994368346,0.021319962520315507,106.87453224522778,121.43361498148413,76772.29337773696,77958.53388325592,0.08675963192958636,0.07345216089704909,0.9546459882725251,1.0559777762823677,0.9395360993039785,0.9961814204746906
p000456,0.46217082286496364,-0.4745288386269962,0.04536618794648049,0.0204992500449416,109.15352135284974,118.92729342956882,85250.41731874723,75626.69789512202,0.07982989974071575,0.07274886036662785,0.9482345937443998,0.9176326317142357,1.0947951707341685,0.9403776476457211
p000457,0.4765563829635883,-0.4665382186129713,0.04599342243091689,0.02056726719462963,94.93481758381733,119.75490958881426,84613.30181015303,75003.99472997432,0.07428355131752629,0.08058955054375742,1.0468511018842301,0.9610120980940612,1.080879677370553,0.9579728296121739
p000458,0.4308938132811227,-0.4492726447634802,0.052806559384817466,0.020652435012082693,105.29769724193267,117.91526251925613,86705.34707249861,73126.10307773283,0.07207790251236636,0.07961887488825269,0.9115212860348567,1.0308251538359658,1.025357045916306,1.010117382821024
p000459,0.4781783610662627,-0.466325752278045,0.0549562084044928,0.020175970778370585,96.06039052485991,112.00014123133784,80094.15477848555,85990.69623703133,0.08313359719510008,0.08424607741653181,0.9673533517392154,0.9808865825421302,0.921014961535692,1.0449930210015381
p000460,0.4656661551656592,-0.4710940161767951,0.05261068340972389,0.018190634511698434,90.31895267084366,118.20074079712491,79893.4271732388,77515.30484258474,0.08789298267867912,0.08597620017606566,0.9014833632542733,0.9393087881874295,0.9261225913717975,0.9890648197562326
p000461,0.42307274846750353,-0.46215160611521044,0.048741333754192845,0.019459657351157976,109.56995005727723,119.41688159443882,77520.46275942863,77706.55649284249,0.08038548325378186,0.07254974795269419,0.997739129388906,1.077743061068284,0.922823790230911,0.9746371837227876
p000462,0.44470947819815804,-0.45493635172857744,0.05051918670387987,0.021676916757013515,95.57864879218533,110.61888436246143,76283.7348962373,73970.46790452149,0.07855445999521844,0.08123416776255578,1.0540318947213234,0.9688085269859987,1.0374236792791618,0.9753596691147821
p000463,0.47765281314896235,-0.4202688656533699,0.049416306960242934,0.021818699629622375,97.85558936501634,113.71844916092525,73026.71136529499,75864.10365315364,0.08164970463350188,0.07541120306679029,0.9459743688552241,0.9451644808775232,1.019668024722437,0.9793396076906284
p000464,0.44989443909585936,-0.4745713935824053,0.046630316228820384,0.01883472569194193,102.7829645853968,115.34373352988186,86596.65848130573,78794.06084109057,0.07649276145979685,0.08338967254916885,0.9425220664008672,1.0315136314069102,0.905059916942752,0.9648653701232751
p000465,0.4433463801913328,-0.463293721509225,0.04957582245938133,0.02119287767665351,99.95902054026892,108.8021851664554,72054.4895865709,78963.39577017781,0.07953574672943203,0.0792947307945845,1.0838966465695605,0.9501583860670768,0.9971355494707588,1.0509829771461363
p000466,0.43840759694864484,-0.47445377665053895,0.05022078791864069,0.01994673743567055,92.3593321930953,109.37932307760009,80169.07044419477,82370.42734185293,0.07670145568426431,0.07844490177111231,1.0972848029680649,0.9431743241750844,1.0845780543669266,1.0787870728328623
p000467,0.4382688163555809,-0.453194146707232,0.04801497477893583,0.020212717971790257,98.58733041296335,116.19103569493653,83940.68267734331,87475.65897957725,0.07986339089771742,0.0746116064945793,0.9520291551431417,0.9330210064081923,1.0146872719263806,0.9046952634229014
p000468,0.45730263159196205,-0.45948017501142424,0.047374153724858786,0.02083323510384053,99.31338282946042,120.60317871973862,74332.79577413904,80334.56633762526,0.08783893780115287,0.0797645931705565,0.9088627475263866,0.9445644460652065,0.9665971997272783,1.088403838595829
p000469,0.45356712767530427,-0.47000823363455024,0.04716728540128889,0.018436597300583262,90.93583621871466,127.51709909685928,78454.2769043667,80267.96948914448,0.08597161415150142,0.07835834357192825,0.9755936935796187,1.0533841220373326,1.005207605921083,1.0704979468978362
p000470,0.45210728429720193,-0.4571993106534054,0.047608445342665964,0.02187059041906451,96.52442773733964,109.15591216609374,73941.39568797736,79805.03516785195,0.08663718343142321,0.0758253568503439,0.9360626255210797,1.0047736809694394,0.9363039317797549,1.0659379338496509
p000471,0.4395751623219669,-0.43087109697544895,0.049903666190608084,0.019229391195320536,109.1392812588385,120.93802645268933,73609.3541535646,83355.24717891037,0.07730274572057039,0.08700018844073452,1.098085282871694,1.096824483729793,0.9117604170553933,0.9736488335044827
p000472,0.4502188861801856,-0.4582980392956388,0.0515865135841328,0.021561086463229698,96.97269964790517,127.84572121291102,72882.01261033273,78861.41447881605,0.08243842611164869,0.08179615914786652,0.9967090064503412,0.9076140405122431,0.9292507659526783,0.9740435637025415
p000473,0.43726164659405853,-0.46713122805613666,0.049707948320308275,0.02126166204138188,108.98777866727761,118.64426739169073,77217.99882529808,87404.3657597936,0.08481959603531887,0.07404707889305898,1.024968884965334,1.0687070008268424,0.9138206162497993,0.9119454103371266
p000474,0.44773962251760296,-0.4557715195572285,0.04705146843969576,0.018971624962180578,105.3165868211384,118.31345635993361,79525.5406687925,84929.39022596512,0.084717336837277,0.08039012456338823,1.0333879423068337,0.9982052675725442,0.9541946048413109,0.9429724137119506
p000475,0.45308418341493983,-0.434143883726248,0.054011784339625994,0.019959621628602913,108.12006010964424,117.65668821898878,86927.50655924829,85584.14971456773,0.0788720572426608,0.07438171895708065,1.0494031974997995,0.9239496138708098,1.0878950524115565,0.9332576915875025
p000476,0.45443251026959697,-0.4646598890833372,0.04780435499158443,0.018750510748867695,99.38983980176403,109.78146076141407,85954.61200438197,80858.6275414142,0.07487091711508957,0.07825136049006848,1.0906569199440204,1.0954590986774608,0.9626244660681058,0.9353399449409868
p000477,0.46677846198644474,-0.4549976210662932,0.049842183728022925,0.0204282429378112,100.95300024848774,114.20149914314231,85096.23648179868,86771.2497991209,0.08405403254477327,0.0798006661444298,0.9431857616894445,1.0191115106895954,0.9558697018917109,0.9745639035762845
p000478,0.4755361328500744,-0.42959443630688054,0.05453152992947098,0.019216592228733773,96.50470603053411,124.28042123989822,73303.79015422298,76530.4562808823,0.07475240833650654,0.07309821181191481,1.0014709181748218,0.9348124041670045,1.0978262423286318,1.0700872521996596
p000479,0.43611647782037616,-0.44226639536497614,0.05184702067467389,0.018645320907747325,94.36288320853974,108.19596060681208,76583.08858936527,77682.18212990298,0.0811496728777212,0.0859961542742713,1.057284131355941,1.0079821910924933,1.0466936525516115,1.069754415471259
p000480,0.4329617243758164,-0.45439148154496245,0.046658796573218975,0.01840121946974792,91.58805949999682,129.88891783252188,74823.55115274126,86203.38347515433,0.086592466445623,0.0743634929315899,1.0475018040786628,1.0989489074648806,1.0074598744396022,0.901143411483401
p000481,0.44242469324585604,-0.4396592252093065,0.049899898827924595,0.018715151124595975,95.85295840079283,113.82737453002387,73710.40147133608,86231.42890366101,0.08600877389402926,0.07548176225432153,1.0202263173310016,0.9646188461955899,0.9061123307497336,0.9281612064950339
p000482,0.4689099427858787,-0.4417523157815516,0.04550124204863236,0.02096016344736049,108.79936988004145,111.18595107181082,86802.63032309174,82606.72837272295,0.08492950408274107,0.07504909327424614,1.0519861311938539,1.0011315037161814,1.0011628597098643,0.9006912077213926
p000483,0.4377310859535872,-0.42129816939677467,0.04980046632079091,0.01864862224974545,96.76362867385068,117.8512648596813,83142.6281723488,82148.39715036744,0.0769755058674099,0.0753081962007209,1.0389419473629637,1.0419978480598486,0.9287555326307212,0.9720656627315533
p000484,0.43278449293749943,-0.43553890195960754,0.047479622502895995,0.01910858997250689,104.7663229170445,123.09480867914274,85888.18155934675,77106.31651626402,0.08270880955205083,0.07995960257795132,0.9801682070170711,0.9064651454540043,1.0210517576608586,1.0143463059722784
p000485,0.4265350993424976,-0.4397728565288291,0.046593270822865206,0.01825626590695535,93.3637684503453,126.00734989102841,79098.57281252265,76511.35736054284,0.07653902924954137,0.07415734087720172,1.0159197067147243,0.9280253416244404,1.0715143241758587,1.0091987314266395
p000486,0.4665842035075028,-0.4487281293023071,0.050125043585156306,0.021520194755163712,109.79294474236642,128.61608889967002,85624.85574018152,84989.02122170199,0.07928129866573135,0.07206279726257703,0.904330926681686,0.9799975040054332,0.9603872896783147,0.9507755763544165
p000487,0.46106222798175406,-0.4610165623229395,0.04594557210641816,0.018775209414685353,101.02193219864846,112.41474375084651,84778.82753628462,85206.70697765381,0.0726797286873376,0.08197213794895118,0.9630460651237052,0.9751505948213269,0.9819028157797415,0.9573104845935849
p000488,0.45108499084571924,-0.4721056516302858,0.05460763663675379,0.01813861020397675,102.44195020415182,125.50408207893106,84218.28442965238,86636.89789132553,0.08752710505633646,0.07395940781794276,0.9619852977933013,0.9558288972242989,1.0407896230531235,1.0544841988600904
p000489,0.42451591538912825,-0.47988876181165135,0.05105377645665067,0.018733133508022103,108.66041781665692,118.70455727858749,79055.57413089307,83806.57008718485,0.08131123674024568,0.07497396305805738,1.0372184977368133,1.0628831800647227,0.93690299523577,0.9862411188966613
p000490,0.44912648645429526,-0.44893712030164007,0.04726828605898542,0.020546066527156227,108.41881772852348,130.0202164620565,85389.0207881259,84181.38202221322,0.08378371265330668,0.07918355878485447,1.0584590528454845,1.0827104130798733,1.061029339684984,0.9174441499205337
p000491,0.46125205739104574,-0.4242698417545305,0.05212590410995818,0.018168977081605583,102.85246376757301,123.93034189000305,77536.47347014396,83969.17446802648,0.07728901028972016,0.08491552253441254,1.0121474237382166,1.099473782250185,1.079181964563808,0.9818168587113135
p000492,0.46223284508829204,-0.4272942204565961,0.05421276934827234,0.021200941775006917,95.4822419862819,111.07717110116107,82935.35972460198,73011.14229171586,0.0867940022013351,0.08663014486774077,0.9973504052695447,0.9110398260230865,0.9071960918229127,0.9159725706379699
p000493,0.4431529566807215,-0.45003094608500244,0.04975704061295397,0.018640664916184147,90.34863037914545,108.17980155133095,74672.47810095672,72150.71840976625,0.0734577651448063,0.0790395498129704,0.9220604899576623,1.0791827472124444,1.0833201344349779,0.9947640147206611
p000494,0.44639900593410914,-0.445782853496054,0.047344469246793815,0.019578932268655317,98.24121464603596,119.02779972981449,74581.85737864945,80172.54170905052,0.07399068580541372,0.07250466375682711,1.0300284002418851,1.006884565756772,0.9510754256024606,0.9821178603816172
p000495,0.4351089307552175,-0.4468665356864633,0.04518759451006635,0.021217808911807308,92.62058753191974,113.65119109841766,80600.17001898338,80053.13540768922,0.0760823783694105,0.07861624797985207,1.0827554078526698,0.9369303419801357,1.0821017671545707,1.0267272978543596
p000496,0.42495118250820263,-0.4471541071151759,0.04677852425297982,0.020159408826222098,103.12348585642461,124.8338681025614,72342.6653628852,84302.00632212471,0.0849563728687907,0.07251749976076748,0.9091735614296521,0.9777658839374352,1.043652634568061,1.095079383098566
p000497,0.4236434854780026,-0.4750011868990693,0.0520386549808358,0.02170039288961001,100.25179178726938,115.29499307677027,74796.45565744449,85305.12667542364,0.08234739339871168,0.07662080742239204,0.9782533126341372,0.913003472372588,0.9638740414912287,1.037692252856591
p000498,0.47444065875567876,-0.4454638235929462,0.04739000313191541,0.018885672795689604,109.39306309508008,131.84881742452782,76431.2674850287,86017.44709285593,0.08469148177967664,0.07703486535396678,1.0436909090567856,1.0781344872901846,0.9154847322441952,0.9299203757850637
p000499,0.47674330745753435,-0.4634670916707539,0.051716512878923086,0.02125542001312914,98.3719092442317,113.49359698222916,74998.92995069234,78132.388337918,0.07787713705887661,0.07713860688168198,1.0530905106828274,0.9708530277944905,0.9792432594323545,0.9789265269523793
p000500,0.4249995878995386,-0.4542655905555456,0.04931940166165584,0.020902322312243628,103.05405373449908,117.50206200994666,80155.90660490717,80529.8208080749,0.08155546237208088,0.08055709668745983,0.9398252494672118,0.9695034759316343,1.0607313673142462,0.9923638102318186
p000501,0.4552050184786095,-0.47044753419202395,0.045819277577797725,0.018707046205097,96.59899701141484,127.86722309095988,83286.72249360659,75186.06500277952,0.07802764128693333,0.08269875434292412,0.921904510664551,1.0033112446429873,0.9178576751195675,1.082176729061248
p000502,0.4391387065521312,-0.434662791060278,0.048205924017900144,0.02013052310827486,107.18678989288816,127.1879335358425,74740.22009427162,76623.70640332822,0.0839380618146504,0.0875892408226486,1.0070436169983918,0.9915582549179844,1.0564421425363504,1.0012170364960706
p000503,0.466229172622754,-0.47426614057736693,0.05304416041087484,0.02011192876330367,95.17034889024043,109.90915510624029,86754.58793540545,81816.25058092605,0.08500705378086088,0.07939900721548929,0.961683156143354,1.0858361338582125,1.0717813613670766,0.9554534285764011
p000504,0.42208352814613803,-0.44195902040261903,0.053521865782637054,0.01828179468787388,99.17695832332336,124.06241831726095,78311.79398119973,77072.60545676506,0.07945293337752633,0.07381685263766397,1.0823833223791035,1.0950635580198678,0.9271146755994684,1.038843231872961
p000505,0.46275513013595204,-0.4673897650233982,0.054892462760882554,0.02148178784001043,92.82382889944367,121.15002296803897,81721.90590171581,78590.82628636758,0.0759636099978315,0.07941566785481176,1.0686306909112293,1.0668677610642412,1.0255536461607893,1.0607067161735078
p000506,0.43137237780366355,-0.42612054029949575,0.05074177796322853,0.018336697829208125,105.19565770070966,128.42157959243693,75144.69451690606,87624.57615473191,0.08591444328186991,0.07986909229594326,1.034039438828222,1.0062168971790477,0.9562115175774123,0.9932369303942907
p000507,0.4436732004140942,-0.4664096557254449,0.0488645356957994,0.021716129079637103,109.87302353199527,110.84334051087862,76669.37675409167,76706.37887885634,0.07447981155132512,0.08250956868889878,1.0678830342644365,0.9858985179927755,0.9212119603581259,0.95297026632655
p000508,0.47528095713593566,-0.45798356172477356,0.0516682945794674,0.0203886670265564,95.93081106690428,114.5841466059834,84880.35060778598,80239.81043520098,0.08099738632897345,0.08118283913460522,1.0779630611813766,1.034547816077995,0.9884776755344991,0.9549755917282668
p000509,0.4508003802243823,-0.461470116040194,0.054759325308493256,0.018966275194652712,108.92267351944048,131.03858959236163,82880.09699915009,86256.27555107488,0.08154108370235491,0.08723231072886067,0.9367686332812659,1.0574764656333417,0.933935073800531,0.9742082827416577
p000510,0.4500828735285202,-0.45020866175475066,0.045395098919019786,0.01985389907248495,101.93536429332707,126.65751444968623,72094.91286903292,82495.74406002121,0.08025450348796254,0.07509686392912976,0.954173027677383,1.0086089971260783,0.9417087412492318,1.005891664586275
p000511,0.4751592237554175,-0.4269731053964932,0.05496807027297343,0.019604210598916854,99.98063188354774,126.79476842030357,75919.24323959019,73752.9293970176,0.08103825406339006,0.0814341999078477,1.0733328413947072,1.0957493319332843,0.9266725919546261,0.9764505094606026
p000512,0.4606359446520984,-0.43225664050792406,0.04771796361049922,0.019862709402080646,96.10943360738452,123.90052312411548,87489.13330371455,87416.49730140425,0.07336491438781927,0.07999581334699676,1.0336856547525517,1.0851179830420676,1.0263706745089447,1.0776596509431426
p000513,0.4643558900946739,-0.4290306211835466,0.04519085323525758,0.020387947019964728,93.55981136400177,120.13981730682306,87079.34142223031,76334.74776417571,0.08594044817772362,0.07741312771845106,0.9136908020773111,1.0591345582584695,1.087658476261065,0.9710390523612583
p000514,0.46565508256466526,-0.43897958750095567,0.048138275282192555,0.0212291894547834,92.89433813912254,125.40075580864473,79698.54645059716,85787.2098935512,0.07830170320392424,0.08008250360061908,1.0741806101541285,0.9183149880673368,0.9235777640150201,1.0349017390064938
p000515,0.4394543685754979,-0.45051663441268075,0.045681680229154094,0.020321173669625894,94.82950080437219,118.18017105590671,76905.16050292249,76850.32248577033,0.08322058130550103,0.08642137418804324,0.9303416220377461,1.0173670084399318,0.9259686724835385,0.9642957163937851
p000516,0.479121008952033,-0.4279481977165098,0.047218536602329934,0.020296955279292546,104.59000093159905,114.8510161435473,72631.51684079153,84553.98327845192,0.08672470230178916,0.08623049743170261,0.9023726412200935,0.938165498449452,1.0556425234972693,1.0450630288876155
p000517,0.4324462288874149,-0.45668358209338195,0.05033581781024396,0.01874279161359172,103.9126339481601,108.48815019192348,86292.85719693505,72927.8511991362,0.07590680732274754,0.07276085345515904,0.9615764777911203,1.0379548248593946,0.9676861988737533,0.926427987911281
p000518,0.465490351885664,-0.4736247350481211,0.05317152099897856,0.01929246986926462,105.67256292289137,120.55696647762224,81252.65720541176,74059.79015345355,0.07493042891780734,0.07235269896162783,1.0295715295488248,0.9760448281403934,0.9360885644239912,0.9147310503694518
p000519,0.4710036919431969,-0.4465780892162504,0.05222182153048142,0.01937807946554109,109.20136396254013,108.44789327915119,72829.51261510959,76126.89827526058,0.07403989848323689,0.07845708952055708,1.0956074384665526,0.9540809238361551,1.0328601361037293,0.9944261321570422
p000520,0.4543002308451247,-0.43454272749601686,0.04646895744042724,0.02045212281342647,94.1596124378839,112.56799615477325,77232.77627814883,85461.07639741567,0.08409274522785012,0.07645171925555068,1.0991275523648787,1.0153357710974664,1.050915257071916,0.9102587913232089
p000521,0.45425447398122076,-0.45549061033038146,0.04559572682045038,0.020313915488437286,104.66248042774421,128.74648321273554,77175.3503188058,78840.86130074249,0.08325935174937905,0.08389236817217323,1.052764210610675,0.985404575415987,1.0696441447793197,1.0917576756014316
p000522,0.43317044991350157,-0.4749355032065463,0.04731086451405367,0.021391547563819797,105.27728148249238,110.56760805916963,76341.20631650463,74701.95192187426,0.08009852276890211,0.0739938959054983,1.0590204399092886,0.9071449697878073,0.9774912379125639,0.9634853384135222
p000523,0.4213256109433372,-0.4684033229405599,0.05307855164389755,0.020310455590247523,108.0529272526022,120.17979901190961,83429.93455359037,84194.05895790325,0.07714222564502793,0.07960915602922572,1.0501821560641804,0.9464675504236427,1.002574370245143,1.0087628347531408
p000524,0.4643153861766632,-0.4392478069623442,0.0513863272231783,0.01919914570679336,94.24951009929168,111.89872315782539,87120.8316349873,81417.27726502484,0.08769173120646881,0.0800329668253836,0.9012147275540984,0.910086130996206,0.9046623450647123,1.0305045421802852
p000525,0.4347075200426022,-0.4447718088203634,0.04655098241676153,0.02145096802660905,98.72822394917614,113.85061509377017,77597.23516583508,75483.43537072539,0.08188673841761666,0.07665829444841349,0.9290956508867916,1.0000904855533357,1.048091433781452,1.0124664867483022
p000526,0.4446422322549033,-0.47277941040769444,0.05271882435134846,0.018805578230666642,106.21700095559054,130.70541860067087,86893.59042792016,86405.75260391018,0.07643270922647839,0.07540316650921891,1.0840048352518377,1.089179307045836,1.0474620405833492,1.0593421775561955
p000527,0.4543388301600608,-0.4788490434913251,0.054126756087624184,0.02160195618870757,99.27975079395017,114.99979098095416,72392.08545791231,81626.52430106697,0.0761100226405798,0.07391309462982822,1.0449598435588037,0.9863312520654675,0.950084437668265,1.0954118079117479
p000528,0.4718513386390095,-0.46915173219601075,0.05119646469192115,0.02074431957684418,103.119412983815,122.97879284611888,80365.24831469334,75125.78391367721,0.07803873212818027,0.08438207733330405,1.0106947288987045,0.9355086422408425,1.0271735472800247,1.0197540992254042
p000529,0.44808486574837214,-0.427539717204763,0.05144940879034615,0.021963064517883678,97.89188563735654,125.25562010422144,75673.36408627608,83403.72991609533,0.07860298428397564,0.0846352714493429,1.0299624533933334,1.0638624385096,1.0846187390412376,1.0136866078470779
p000530,0.4202694729584327,-0.4299373392526288,0.04656428053687768,0.0216614274138847,94.60427242958029,116.26389156475757,80800.9670960939,82872.53539592921,0.08230157864236282,0.08156935352020568,1.0094605993167947,0.9385658771098082,1.0969725452577912,1.025537624613061
p000531,0.42776665203834363,-0.4536686013543365,0.04614170315873073,0.021683571708921916,103.01260718095263,111.63669129367887,85432.25632981968,73887.15501600328,0.08773245469113969,0.08529634469672373,1.003953702366332,1.031056028288372,0.9013111991974031,0.9434481359556637
p000532,0.42794255496539996,-0.4266127492489607,0.04999805155147762,0.02185958832198344,95.00238578121312,119.3451488750458,74083.46116238376,77424.91744781568,0.07797240709170104,0.08016175651664159,0.9629453982412683,0.909926604589161,1.0605346844427728,0.9110175729102072
p000533,0.43004191693479915,-0.47441795374121914,0.04920501665050159,0.019748958861685796,93.50612007969082,118.08582352853374,81022.96192564153,86807.00236118633,0.07509856853343408,0.08264132461749617,0.9418028236064335,0.9162121943633094,1.0107640587617397,1.0256174595181964
p000534,0.4742916897612739,-0.4402677989411049,0.053086693381618116,0.019975117601602272,91.76628048474277,110.80086728392376,80674.54939664088,77316.13403355281,0.08636193819803695,0.08469380891660294,1.0163031017885134,1.048669206795103,0.9554012266601666,1.0176247031695107
p000535,0.430766332636709,-0.4654547244830169,0.0474239218844876,0.01845813861898685,101.09768992290986,121.11139302838812,86584.3150130676,81356.84076836686,0.07775001625564937,0.07515159683188118,0.936479146383519,1.0746135057009547,0.9437389140339845,1.0969495750891414
p000536,0.45684306448058515,-0.470829656416058,0.05301340785881724,0.018910904992402763,104.71514145878304,131.75546454576715,80408.64646323194,79626.98082211336,0.0785612801707201,0.07561368215748808,0.9471677052004762,1.06225111245772,0.9190800617987902,0.9337880866755692
p000537,0.42141186725265983,-0.4678282434805706,0.04693405863121579,0.02012436001950453,106.4478619404518,123.21294562232889,76000.91608157006,86861.20188038072,0.08306102518056528,0.07791714565643065,0.9704207173975338,0.9981661271910734,1.0488208911312031,0.9073023457655257
p000538,0.42266295427922446,-0.45204519339867394,0.053911693515230626,0.019737287658401353,94.0856564331389,122.94333849481905,87165.53560974298,74013.05569185707,0.08692934536586179,0.08019295435779619,0.9642519548391435,0.9536597410984824,1.0141536833590683,0.9330389565050984
p000539,0.4274996707376129,-0.438861817728657,0.05117331488144955,0.018916537975175354,105.91527526059042,119.45910615138263,79883.22630447282,83919.55475047058,0.07255924200345928,0.0725431684443349,0.9682756849708508,0.9292641362755779,0.9009097006204968,0.9882425518095344
p000540,0.45889862959018557,-0.4380289153169784,0.049692658535984334,0.02070637121547366,97.16926808861156,115.69347363896011,73347.79143122162,79180.0214520917,0.07254291465770474,0.08628541287138608,0.9056344319196136,0.9474780373104702,1.0888419415905939,0.9451317383296233
p000541,0.44023656575106723,-0.4773844385446501,0.05312674088351946,0.019223516615955297,104.91810943851081,131.0876224618351,78133.69309030299,76988.1288043181,0.0786502559951934,0.08225898020480597,0.9309837644801963,1.0630806931908556,1.049824465342841,1.098762147801014
p000542,0.4298284366323804,-0.4431715453656356,0.04755042087437759,0.019433263489950812,102.28541096097767,127.02878873377577,76809.54947845194,80807.0128935833,0.07683222773940357,0.08569601588249205,0.9514248322793328,0.9096096535345736,1.0409299492086612,0.9618337147259954
p000543,0.433461733689225,-0.4760696668670709,0.052314045627282035,0.02104585665095902,91.34998682866676,123.01785195220197,78656.33327498153,79338.28289098709,0.07758261828643206,0.07648016678527396,1.08167904257883,1.0365135523499498,0.9149878973067621,0.9734460360707159
p000544,0.423708934091648,-0.47616264805720976,0.04979262610042044,0.021688721716941122,106.25936365870956,109.82750474224875,80616.05589857737,86502.90842883372,0.08629361342276207,0.08729825335409798,1.051604825808302,1.0873399906192647,0.9133988308323067,0.9615470153439152
p000545,0.4454434682820605,-0.4467796073335357,0.051954274921444506,0.01992357591251645,102.30054385382816,128.0757371687694,86846.59315024836,74261.9596012197,0.0774882481564669,0.07695338849495444,0.9246461489721077,1.06132976544803,1.0224408619019858,1.0458510212163032
p000546,0.4547416300102079,-0.42172685907027746,0.04666199848644567,0.021071387090031462,99.61282231334513,108.42736609030601,83371.98036874489,79418.41895760703,0.07964673346969565,0.07397359005692573,1.0123469509441794,1.0030320929502556,1.0095148332994137,1.0273833193428055
p000547,0.46385566185979016,-0.4353969197508729,0.05454544592467873,0.018510805597681344,104.50183948513703,118.51169646441795,77810.97862504085,75724.45443834779,0.07513418343786954,0.0775707050097052,1.0456572398957489,0.9041840876345002,0.9298834597195258,1.031954477075808
p000548,0.47008617036124595,-0.4312101641324585,0.054275837855245423,0.018218602293689254,108.36637964079253,112.80142997262331,84021.47087252686,84957.1893316056,0.08636816186760643,0.08732253638032927,1.0616381954999479,0.9278543598592813,1.0553630693983465,1.0335559296733816
p000549,0.4536696877642139,-0.42996446268699046,0.047096094222265066,0.01940145111717591,92.22252247205756,111.12225538935347,86609.4062872061,76453.61400388883,0.07850991228815202,0.07712148498801373,0.9740466576418726,1.0241910425334546,0.9451048235991394,1.085198736577905
p000550,0.47564837424091017,-0.44541494514633684,0.04593152581024923,0.018199986788785892,93.89398954112961,117.46818189497117,86231.36088493116,73525.2953655285,0.08265477438083572,0.07227330691646144,1.013856096413047,0.9921321638311145,0.9452664510276456,0.9728164448469256
p000551,0.4397453224520764,-0.42232005373263276,0.05474814722555116,0.02132501247427115,108.2568372357024,127.23335161498707,75841.22535299633,87452.46963420848,0.08238966685080669,0.08074623590272466,0.9174171520258249,0.9139613575618473,0.9711930917961082,0.9242306023160336
p000552,0.4503284156922627,-0.4514096045132944,0.047542536973448284,0.019102014060526376,94.63582539280283,129.39202544025656,81075.49860543967,81191.40850938615,0.0807442545708714,0.07409142343086784,0.9952551764634637,0.9000206577389159,0.9551096852308274,1.0663207613227448
p000553,0.443700900702348,-0.42862676853397086,0.053226534137360386,0.019031129615499395,94.9601973664228,108.99074864759766,78815.8110567382,74469.57289199172,0.07543768444406986,0.0786686837558099,1.0934627856257781,1.015139963312881,1.0419254708377526,0.955803545459519
p000554,0.4549804518220303,-0.4577287029273203,0.04522374680871074,0.021596466776899623,92.03802983107019,110.70547711506823,82626.79111991182,75088.12305360808,0.07704460398026679,0.07782689081880763,0.9206333420627929,0.9861120407107886,1.0440572375108492,0.9032308424965443
p000555,0.45472779415215564,-0.4690907838694399,0.05336971900030936,0.018330789609664576,95.14581155666986,122.2951504423472,84077.69889740107,87189.80408751107,0.07501748216174708,0.0782931795254453,1.0671172790822478,1.0341598741580358,1.0301078879095147,0.9672043801441441
p000556,0.4786772888259783,-0.4204254473629501,0.04929248217683004,0.01939969362042079,99.73721866079653,125.53521734232923,73362.17942348242,72611.70553828534,0.08197934513177334,0.08367668286519933,1.055107555081683,0.9340753839260048,0.9688454807227326,0.9405279858957271
p000557,0.4537389349070207,-0.4622190702817246,0.0485140708537261,0.02141300378854495,93.98488532218772,113.51748026200846,82642.42823188144,75085.45879111117,0.08609460322404587,0.07906046484714896,1.0747594769551714,1.0658832199491182,0.974635512917944,0.9203307697828532
p000558,0.42604928081369964,-0.4482004549876911,0.04715812626892134,0.02180789013773053,104.69358118445335,129.01373129284121,82799.28122214352,74530.90485705789,0.07219778988248764,0.07615552412567564,0.959080487927573,0.9585063790198805,0.9411801428254088,1.034669759332712
p000559,0.4342277280565506,-0.4358756956554635,0.04959482257257106,0.020855191361459562,99.47064813957233,109.69734292897918,84840.59406756287,84285.02256427788,0.07623893719882716,0.07562056658569181,0.9321952853053221,0.981989158614382,0.9151356896717133,0.9963916627669422
p000560,0.4757999285276389,-0.43057259325713365,0.04892260297453968,0.019634430576622036,96.5663783457775,121.0446962776632,80304.21217429823,73114.4635763209,0.08641979159546334,0.07681971704028749,1.0929046813574905,0.9181672876256453,0.9868485607352347,1.0864429742222441
p000561,0.43795183094845025,-0.42474183555905576,0.04690648932583002,0.01865880948747038,105.17029569460307,108.29537909357667,79199.35562838205,87707.43739292049,0.08115345456757099,0.08219353360717163,1.0113216312966182,0.930617902194271,1.0326199144442845,1.0337714211959537
p000562,0.42254688375894217,-0.4715963522489934,0.05081229919838555,0.020516790981529632,104.1496886719984,120.73665003225364,84859.94355394985,73074.94649950322,0.08622906960858231,0.07982982914986779,1.0955697752357394,0.9091206187694204,0.9589815668155397,0.9881618210965583
p000563,0.44531672916066706,-0.4355595434848328,0.05294685968382062,0.02136490492831632,94.87708735388222,120.22255054015199,72158.89221911,86840.53045297411,0.08561461674788026,0.08116759804754264,0.9039596905575377,0.9208419178290961,1.0184924639558717,0.9172194276513886
p000564,0.4440621102460659,-0.4671637455868588,0.05282748606263353,0.02003108146985768,93.28316131017444,118.77463051315526,80067.15678457856,84829.21064040683,0.08727343760308626,0.07261251511905577,1.0750398085955903,1.034982986838893,1.0999987095811408,1.028667760347839
p000565,0.4757034131156404,-0.47865878083198254,0.04883694370714396,0.021527121646800308,97.99028986483754,112.35045603393709,79347.7363661433,82165.53509053162,0.07933278172615531,0.07556569760447909,0.9522505737690081,1.0883327278201729,1.0671305876692512,1.0803263204254687
p000566,0.47126663320759765,-0.42215528773914146,0.053324084873499336,0.021802505198151675,90.89172259091441,121.85142810903956,82343.82413208827,75995.67458133906,0.07827873075459865,0.0774030544013166,1.0050771040560043,0.9925696587825976,0.91739093569449,0.9142084564801961
p000567,0.447215159755571,-0.43615920577544626,0.05057833107010065,0.01883724879531947,91.00692053598317,117.50680842890962,85835.12859115833,73735.65905304934,0.07925172307123945,0.07890709090824,0.9696887938509656,1.067078214533987,0.9023243630152987,1.0515225732468263
p000568,0.45943311297242634,-0.4677362516565311,0.04577568020170303,0.019410576263273784,94.8446298946333,126.7708021405748,77877.67911236321,73090.18960908265,0.08251927509060233,0.08507429730964297,0.918449872461615,1.0570999476954597,0.9433153447900372,0.9127775762935482
p000569,0.4724191750454271,-0.44556630196324104,0.051180433247453916,0.01836014574294328,98.78264341183902,123.10958564266441,72009.31200280473,81218.58249259586,0.0847800603949547,0.07418427067770311,1.0835664523797066,1.0952336096423847,1.0218790080244573,1.0893894221857119
p000570,0.43204697563234107,-0.42876477388899475,0.04627511883008782,0.021878610152297168,107.10227050166483,116.16283118763818,80009.31407184621,82338.66724880403,0.07544064372824841,0.08212468311247298,0.9667078673375006,1.000582069417404,0.9340990326474207,1.0683787269670233
p000571,0.4487354266199191,-0.4359505100222209,0.04848069393428305,0.01971504241043706,96.45796529376305,128.17721057806176,77721.01858567874,79195.33730009232,0.07504052442801055,0.07696063137179629,1.0791183185887487,1.0932898567591895,0.9579164114591352,1.099729296038029
p000572,0.4458043085032094,-0.44642535369511577,0.05243024741711453,0.019847066022013644,93.60636498269194,127.74878601216405,77890.68180874898,85003.64759412374,0.08785988766634967,0.08635231024388715,0.9249922241491736,0.9435518163834485,0.9358863071201216,0.9069077115227017
p000573,0.45995473460958,-0.47296532784595113,0.053654965084681386,0.019160935552932395,103.54830318686125,114.7604868909627,87853.81095547628,73372.19192514908,0.08161506730827892,0.08101961486154129,0.9259092540816171,1.0161317474640132,1.0561919555825692,1.0835982746687014
p000574,0.464544575387001,-0.4617907509192265,0.04596616555664143,0.01966278681919403,99.53795484891687,113.89889765527546,82507.81614105674,85246.2834014821,0.08332188688026032,0.08152381480139248,1.0697343903772358,0.9642002582594689,0.9109990735453319,0.9380804522147479
p000575,0.45863230066443933,-0.44721651801866424,0.05313279144987308,0.02135903896161314,95.26392526174064,123.18769296612854,79635.187498796,80223.45257620458,0.08530915483637098,0.08542451583371034,1.021114926774122,0.9712776352537578,1.0303915858345256,1.0117570782316927
p000576,0.47310031104280487,-0.45232119897784395,0.049589952487356134,0.01949179688940393,98.93519558255788,130.60895420017735,84957.84655655906,77486.13028453042,0.07632917421584695,0.07280494611660782,0.9477415684038678,1.0203494716592787,0.989144288958514,0.9885070006062003
p000577,0.4602670047265583,-0.4434922661983736,0.054185587381539176,0.02128113679024994,106.4621768783783,110.52166312256874,82689.78271447381,78713.07838525952,0.073628365529417,0.07270676901585704,0.9793185516651862,0.9639266109331595,1.0457508160635038,0.9547463010339762
p000578,0.460175714907523,-0.4670153819865254,0.045828976676446406,0.02010120297335125,93.17131543863844,110.77497008292119,77064.84256136409,72237.08354496193,0.07464141575301718,0.0773647965634796,1.03832853463731,1.0662782375223228,1.0423974923753567,1.0169274595880373
p000579,0.44701005046715103,-0.47664599858315587,0.05325275221458172,0.02001160945985106,98.02532504961235,113.878204349773,86132.67755288004,72426.08539484823,0.08456310560240562,0.0777299934211097,1.04092420427842,0.916554973355811,0.9387259376841417,0.9755316568278615
p000580,0.44708524440029296,-0.4420218408755611,0.04773322807787942,0.02170600282890999,95.80971427407891,127.05058221665506,80934.45642191327,72907.20593608162,0.07311588431185516,0.0759825559007974,1.0549366271553695,0.9263733612759506,1.0353648211163733,1.0073093514065081
p000581,0.4496492729707982,-0.4401625302778208,0.05311548815906069,0.020884349080114186,109.23583030821628,122.15764368507764,83749.9721761671,85129.5649036521,0.07302933061489363,0.08083255825545932,1.0255466753890872,1.055713484494693,1.0921077192251083,1.0565588068215266
p000582,0.4222275036339951,-0.4265182531558053,0.04586560523836422,0.019899825966743785,99.63417875282744,128.0882116581741,85814.5751961619,73781.38797994045,0.08422504370725098,0.07699738587238451,0.9155677994402355,0.952425949026414,1.0227573567769483,1.0038325597614792
p000583,0.43849710017390464,-0.4627896121639844,0.04560414982652664,0.018529710919562414,96.33334238103241,115.0145392314856,87928.77427379301,74591.49993117596,0.07785778628472587,0.07248890130813432,0.9606851670404205,0.9794424423401009,1.0713726018400787,0.9301420552258951
p000584,0.4690512424635478,-0.4590990685169184,0.050270113658495985,0.020764533190838017,92.55989452544223,112.65561736760674,86196.79196021354,79224.58027174926,0.08375346482128737,0.08461100483645634,1.020615675862498,1.0317144809283072,0.9003950430826021,1.00530477709508
p000585,0.44750345594945967,-0.46879131603572866,0.052487082151240996,0.01867240812308442,90.41713215479577,111.00099128246552,81312.00183954347,80138.95582645736,0.07520202751071865,0.07617053166741722,1.0326116642202259,1.02010370739562,0.920824848240129,1.0604045455423738
p000586,0.45901809667969784,-0.43081019209082105,0.04719290463613462,0.02065000514750664,97.28216006522851,117.99896431827067,76958.29143735855,73546.95974680141,0.08008644241449306,0.07628876723284532,1.056938107930302,0.9714245285953679,0.9056895117792179,1.0629960473762672
p000587,0.4555053082893984,-0.46041832584356834,0.04895765425884245,0.0187557877849844,109.97052930749861,129.49977813509508,76381.70080861248,77824.60423326633,0.08760670610628382,0.07742496482383744,0.9105838593723286,1.0588205827134933,0.931889978701292,0.9775917569005504
p000588,0.43186813514474925,-0.4799946530795135,0.05239871810251245,0.019622185307109855,94.41329641740396,111.56343333978015,76162.36915100629,83269.38711404962,0.07434845611805943,0.08304472983134556,1.096900716461502,1.0449627440984972,1.008879303432926,0.9726998503902582
p000589,0.46575237921807044,-0.43744992888537176,0.052665249696796756,0.018767702829607793,101.48282650814514,119.96534809470549,80825.03795877153,80601.343968022,0.07599519618750337,0.07314241911810257,1.085850232769572,1.045135565422739,0.9421152022787779,0.9520070907868945
p000590,0.45456327708019073,-0.4689985161129147,0.05434147926292877,0.019438243257722844,98.31356878411454,127.10021217798422,78852.36182585856,77057.00510190077,0.07528746770221477,0.0864795664402165,0.9510705616993259,0.9870541030955865,1.0392475602579074,1.0779564892236217
p000591,0.43109774158588415,-0.4505794423747901,0.05010176321470286,0.020254186052364072,97.41568407627214,131.73083387526333,77052.92024869008,75137.78251148821,0.07634985792631387,0.07738033660007225,1.0022643402520062,1.0132175941572086,0.9081012804077564,0.9924571920236098
p000592,0.4553491783431483,-0.4613508664577739,0.05196019970506607,0.018795318739656643,93.77029678834812,123.12932680750394,74631.51212328361,81210.06477016825,0.07946562060323309,0.0777995032287821,1.021421770027125,1.010715426752307,0.9465091328445026,0.9180472743613007
p000593,0.4401019591368773,-0.43757150401466327,0.05384557797854489,0.0186867425048172,104.85982393535903,109.76573111496016,84190.98393427016,76887.47632354578,0.07227019792496343,0.08582857985361418,0.9816563468294777,1.0769029603715592,1.0449786694964351,0.9360268492488835
p000594,0.47079083780266623,-0.4718084959718296,0.048663187489067866,0.01819258070646798,107.58593642490173,126.10660594220332,77672.26881427078,76865.58440429816,0.07413325805648074,0.0871441343505608,1.0681854931768753,0.9597088658635187,1.0783918614174377,1.0131463984728717
p000595,0.45197171068135217,-0.4478623988983775,0.04637972974314915,0.01856412692992544,106.66344196042908,120.11303065036668,77457.80312896865,86691.39746820698,0.07423685038883543,0.07571963276063977,0.9940492889519228,0.9534964700999302,0.9783169421300378,1.0836864733133422
p000596,0.4698538470139053,-0.4667769694673424,0.05080498724217246,0.020478706840435176,91.74979470135935,126.82230952781232,72376.96861253014,78997.41531493391,0.07386362908914473,0.08474988749185765,1.0856208774480522,0.9627378260893547,1.024201945244339,0.9811921278653511
p000597,0.4392146567593508,-0.4589506171507376,0.04774992397766169,0.020647722431486652,105.00017200995991,125.22756049692549,78186.20153116247,72787.62624978581,0.07921554383806526,0.0731322038318245,1.0820737679573944,0.9410932789804644,0.9079229635050011,1.068932253022524
p000598,0.4577103065665431,-0.4462454138945386,0.05156823611109726,0.019842588624245316,106.36834191941429,129.0687727778341,73138.50071879821,82793.24899248916,0.08235557870890786,0.0726972467301056,0.9880597480348168,0.9879824568682705,0.9619976714735988,1.085756114654627
p000599,0.4451376156095899,-0.42274028786784434,0.04569391115381735,0.019128191630140713,103.65351790740307,115.75899929261637,74023.83570418152,75590.38881704205,0.082694931698002,0.08661711458820413,1.0885583478423242,1.0722669742604591,1.0692269860423917,0.9054014308006646
p000600,0.4651763100967451,-0.462253213416805,0.04565954365226057,0.020997751969041044,93.66662916825116,108.81735602989043,72309.08346487781,79570.97254020703,0.07458851538854978,0.08498496795512415,1.0367759200827598,1.0125637832464158,0.9611653909042477,1.055140282643246
p000601,0.4244416302785544,-0.44159527456841013,0.05094962205174871,0.021773590885530873,92.40310515336391,131.2262248830337,84328.57345005413,87336.25816015944,0.07637522866389625,0.07273150036922033,0.9011281446004803,1.0471400749453164,1.0261762273083013,0.9929411472390839
p000602,0.4404153739020277,-0.4271744893135463,0.04932307344525272,0.019544938406906538,100.60308308250573,123.26810714228066,81684.80247438894,87456.9686566059,0.07511805750072151,0.08285190119631239,1.0466143932185896,1.0175564331884412,0.9839102949417218,1.0401616228036814
p000603,0.46611367554595984,-0.4496498480669424,0.04845216256131594,0.01831636568034593,106.98975373022172,117.23619575528309,81625.86170761273,74867.48030092179,0.07592388381399094,0.08435717115788491,1.0080173505047625,1.0154502638629683,1.050007848968717,0.9433821401538918
p000604,0.45596901689102753,-0.4221905003542109,0.047590955329460526,0.01998237972651307,106.5799371891321,131.98373712015638,80947.161512518,75687.2203037072,0.08508204371396381,0.07581132245143697,1.0251930657150252,1.038695216114025,1.0882650289995244,0.94568029774279
p000605,0.4268337577530168,-0.4713742264648819,0.046514402357278,0.02107657114303989,104.54428323469922,128.29041790353963,80244.23147958913,78868.41672039368,0.07323743132790543,0.07766242764526565,1.0236204528140576,1.0538224773715492,0.9131978996924609,0.9897340420189731
p000606,0.4554523096960005,-0.4366130240677398,0.05405219641065358,0.020050027958198394,99.40409992996902,117.71425671741022,76593.4585091467,72998.05907796657,0.08455308904735367,0.0865124952096523,1.0625827972898558,1.0223539264958637,0.9671424106384527,1.0042506577814143
p000607,0.4246205992885801,-0.477761024920342,0.05443107907806919,0.02115373113105569,108.97914534506575,116.29211926609523,84440.21195403562,83176.9451847862,0.08376315631559185,0.08537939382382316,1.033042037620954,1.0362731954169473,1.0901924785159216,0.9522381705662295
p000608,0.46776849661935876,-0.4753892388964665,0.053290466917598374,0.018179273794928986,107.65943575308418,114.17648029168919,85951.55838737237,82952.39279915071,0.07778539284371706,0.08385339760907765,0.9460056807184586,0.947759816870512,0.9336051314433143,0.9840287460206107
p000609,0.4290978340291065,-0.42337055716732874,0.050094001946780944,0.01992727517739719,103.6799207683139,119.70597044787038,75461.96969728619,87278.61111033802,0.07655047544382315,0.07565006488335456,1.0983435404205473,1.0066073362778938,0.9721744778676811,1.0483107262391913
p000610,0.4661520423413336,-0.4533330425782064,0.04824961965906449,0.01886004634612048,98.75895454555037,118.61179630115807,78323.46113082606,79200.2918608135,0.08266129226807803,0.07873119125332484,0.9668303571237401,0.9844582963966102,1.0838046409055517,1.0294628544491677
p000611,0.4714114837943473,-0.46124215885397507,0.04997615350086642,0.01952470343264516,105.44483038751613,116.53275331656243,87219.62873073487,83589.90790230643,0.07988067720526516,0.08381001715014563,0.9484079475299304,1.03127213003571,1.0304273026809563,0.9188964613363776
p000612,0.4746414971566383,-0.43269209995201385,0.0548378319386585,0.018278771410465453,97.07875366115533,122.7782761138946,81374.21691327907,72624.36947179331,0.08122685401384822,0.08739329962281109,1.0199893097582642,1.0443828739897876,0.9343159963626709,1.0360063459939697
p000613,0.4386794147848885,-0.4765278382650358,0.05430023409693073,0.02093760730045626,96.54134672476451,109.19453819238909,81817.65079244455,81064.28082127831,0.07559333745029875,0.08316881290358302,0.921711881851283,0.9570737659947635,1.0172161907419917,1.080423219860239
p000614,0.4354977679595149,-0.44482776345031827,0.05258213729659743,0.01935603937285215,98.10257768543303,110.10532970441211,80576.44476116104,78916.70593990745,0.0826766943580653,0.07385023384507881,1.0009661129740663,0.9353134358278857,1.0247884525947721,1.0627415125513588
p000615,0.4366045989112869,-0.42392278594731797,0.04900488437867128,0.020526433713625312,94.68910809608849,124.21585923059381,85572.20661593528,78214.99043005201,0.07822172521477501,0.0732033595052091,1.093269299606794,1.0099068167313776,1.0527976397452572,0.9834624462847036
p000616,0.43902627802612393,-0.4262655349727807,0.05096221634942903,0.02009388623937245,96.66648133185434,130.2710178653544,78830.40665143513,81257.28331527062,0.07672691152562014,0.07279122530495175,0.9746761390708398,1.0089404680400589,1.0150278779294404,0.9489702496890162
p000617,0.4247756558433787,-0.4692022680783259,0.05323113278961024,0.0199969241515017,109.52014083438709,129.34143605702508,80504.8259711197,72498.37765753,0.07248221053960534,0.07771932706038251,0.923392875622212,1.0463055717474188,1.0060091156374187,0.9037563430397133
p000618,0.4637288734782597,-0.42826005698873404,0.04810920469847725,0.01930542365716246,95.68445962052472,129.2589089205326,76475.42628256709,72402.51546113633,0.0821131203999866,0.07659855139051379,1.06328838954538,0.9684325709538824,1.0130982972916942,1.0724109135140039
p000619,0.43254385072668916,-0.4719977440993365,0.05310954556279031,0.018145704345202636,108.09708182766454,131.1998440750047,83070.66853693535,81175.94273243149,0.0779985753893602,0.08331104640096572,1.0787342173169114,0.9290661655515682,1.0571367464454098,1.0817910797497392
p000620,0.4276465242228287,-0.447117320142152,0.05042486907583084,0.018061027824164275,100.93843266797256,113.74738358635612,75562.33320306217,86448.82401181562,0.07868511237311925,0.07705787258188873,0.9720361193308454,0.9687377968584059,1.0927742074504474,0.9025460313507518
p000621,0.4736112849512913,-0.4390352292725602,0.04600049994058473,0.018695679752542452,101.53025960978745,126.31318245945144,78847.7373851172,72802.05626922901,0.08586520260307597,0.07788008726216285,1.0000046655796957,1.0350800848114254,0.9230958475954524,0.9997234300517654
p000622,0.46365067216858613,-0.4352037679149006,0.05396876685967577,0.020758665870469505,104.06559936220077,115.72622183409308,81352.09768193391,75470.98215093419,0.08426462791183609,0.08151529701005161,1.015325984973245,1.0374094536704872,0.9947898650692064,1.0638102012426964
p000623,0.47326125688535225,-0.4752543584025121,0.04777549870553895,0.019072901524196214,105.68261812471103,128.9948382349324,78678.04411830998,80996.15406959984,0.07692640984591834,0.08592086513946393,0.9965962608415684,0.9640044319626185,1.0806909908697846,1.0281504940004107
p000624,0.44828536914300626,-0.4582696114790309,0.049219425968789005,0.018159655902210383,109.10450151951872,131.23391360915326,82189.37057660488,74965.25388674639,0.087986463272617,0.07230759319822128,0.9948488470148157,0.9467758867668243,1.091348210016357,0.9790629306499333
p000625,0.4546519139497641,-0.4737108040716199,0.052541278873534894,0.02092540486174238,100.33154070166457,121.22982147851467,82089.47255342391,77287.19631488297,0.08150342232783911,0.07452534676808556,0.927674470066819,1.0657946538678749,0.9412571820527651,0.9090123304033616
p000626,0.4460635917637097,-0.4550653739107813,0.054028132588278155,0.019848187847700646,100.7423181466715,110.4678055007697,84010.41378834905,75973.49197484643,0.08617162160351359,0.07710446766406016,0.9559253053573145,0.9995983925713874,0.9784362608189044,1.078824326377218
p000627,0.4704687408505466,-0.43163001159564984,0.04552368949502518,0.021064056597531664,108.86231636771059,124.00651377326328,84601.81636823539,80669.04547819453,0.08765063167703069,0.08223239841753632,1.0325006192376316,1.0939693384096558,0.9419313551703157,0.9787534925223522
p000628,0.46087409425822534,-0.4653071224954685,0.05309183390212921,0.021174386514476597,100.18430889614741,116.83077425208195,87580.65897125704,87766.00735233816,0.08362943825686181,0.0721437720142602,1.0035635093484914,1.0127819636260766,1.052518851113351,0.9518045751330444
p000629,0.4244375863595407,-0.460711763269655,0.0452511732339182,0.02037906424345321,99.34405678493323,114.62278709463615,87410.47992856507,73030.29916900971,0.08474507995058647,0.08596258813724177,0.9186100920095464,0.9735100823562142,1.0051312670662864,0.9717814095571755
p000630,0.4513089788289202,-0.4765941549617032,0.04827230835282052,0.018584927530046962,103.68114150168427,114.06413262285912,81520.34626265324,73805.03423177107,0.08191931840007276,0.07758922408978335,1.0512834555278037,1.0848660842442746,0.987464674474531,0.9532479026779725
p000631,0.42799092157704793,-0.4289237796620848,0.05041643479103761,0.021182639215716996,98.56887572805594,129.3251481855562,78071.1182851593,78907.96170880069,0.08293957111087248,0.08031201446225301,1.0737163932959946,1.0987044651870492,0.959601315871975,0.9949480107135046
p000632,0.47467636131233304,-0.43167764956049653,0.04713338238207741,0.0209701548473741,107.8923784125121,109.11401643711238,86509.48821638005,83715.05848606072,0.07994054009116881,0.07652553371452718,0.9836411834558436,0.9617277306908554,0.9096691577773734,1.0894898506296817
p000633,0.43567033652522014,-0.4666787473088512,0.046984625587302965,0.020821222180153295,97.26256305659149,129.91863993029983,84677.41924727969,86036.99270283293,0.08396725019749914,0.07432939252037211,0.9975706363732968,0.9095049760742377,0.9524143964804989,1.0764448632640904
p000634,0.43324297142773616,-0.42002535869907903,0.053066797159012455,0.018506410660659427,100.45564985535728,130.7757945882494,74846.00615028276,86886.71042411223,0.08549236000297505,0.07792343621019066,1.0510339695108397,1.0593810263563084,0.9907977524063822,1.0792748895573985
p000635,0.4673661865316091,-0.4798421587855515,0.04769272879577888,0.0215425181951377,101.26118700121894,120.54199825516818,83044.51989341597,79561.56597903388,0.07316419737528708,0.08136811458454149,0.9072327922673766,0.9287993802892971,0.9226620570533863,0.9481055201992696
p000636,0.4755612986043153,-0.43378966280728654,0.049649852323720475,0.020808496005611212,97.13756527469336,126.38240350374247,78125.85147507869,82674.12339513251,0.07376110231649338,0.08426655784074705,0.9676848462475313,1.067655309839298,1.0793861790550463,1.0537702567978346
p000637,0.46427634408462415,-0.4201750623812849,0.04504972028876759,0.018434759205074466,102.0268201918889,111.58480255777597,77830.63217319657,86221.76410110205,0.07555322605877238,0.0855472198431695,0.9832626425478058,0.9857890192470664,1.0240367703408517,1.0988048719463153
p000638,0.4221796240036864,-0.4452462958245913,0.05288851007514699,0.019370361307102717,105.5387842009656,116.76580049516024,86004.17855682033,78057.9391529516,0.07273543736045356,0.07687842257500523,1.0861772834342478,0.999323242630981,1.0111645985085218,1.0410014647111105
p000639,0.46727765416657047,-0.4789831860442174,0.04915558850129109,0.018001091576732596,95.42303720176886,127.29127856528311,86253.39102048108,72119.24341997008,0.07407541802475799,0.07336932047574025,0.9608006417980939,0.9573331630090018,0.9408030071167405,0.9035015499384782
p000640,0.4618348911999022,-0.45167961316130584,0.04973648987661129,0.018718438146286927,104.97651419178946,113.28823833626608,79392.71885761726,82640.66895566972,0.0731487124331799,0.08524530973856471,1.089629276743807,1.0923031349098127,0.9103719745337574,0.97021163972203
p000641,0.4779992323230897,-0.476363428195914,0.04869405405391397,0.02033594528227199,100.2895449754066,113.6802195806408,76257.11246860656,86387.52770272491,0.0831105094293987,0.07265461412598737,1.047864481273502,0.9268661272900184,0.9124834111842957,1.0250836475486127
p000642,0.4224479673239865,-0.4503104434241711,0.051902169348604976,0.021582179461992847,101.78873824143031,110.60103781315792,79421.77766640158,80064.3619292203,0.08104494940077368,0.08512488955794897,0.9825363127980709,1.0226834547702557,0.9074602668282996,0.9942364689055792
p000643,0.46636921054619723,-0.4494372928420295,0.04533581831633199,0.019269227717354346,107.00257320538847,124.73183970879711,87904.21077906995,83604.59935704297,0.07371961431095202,0.07692775302835396,0.9748072801934471,1.0337032122387984,0.9703189078200218,1.0443506076168365
p000644,0.44431929136010023,-0.46299283730301555,0.05076485000639166,0.020981361427362965,93.06773135188764,123.93668904310206,85979.50934732056,73188.31410833479,0.08336238129914122,0.07637352167926101,1.0903201207746436,0.9883508333981501,0.998619130376277,0.9137991498700436
p000645,0.4598772655819052,-0.4381700940819246,0.05462262361460749,0.020716166126729364,104.37026559403614,109.41512214866235,76816.89496766086,84744.0256829669,0.08703096007288655,0.07545089546401305,0.9294098119018676,1.04101981516163,0.9470889922329068,1.004663956150367
p000646,0.46828706481667265,-0.45455904778624534,0.050545664062958406,0.021053315167006988,106.09399875012356,121.49272652980467,72655.5031088942,74246.45543681743,0.08388758586815723,0.07338769703025655,0.9211526621978223,1.0040366732934571,1.070394659875462,0.9630832597401336
p000647,0.42636713544606725,-0.43011556545820306,0.05437514052037522,0.01889468253685799,93.64996876643352,120.79969478913301,76038.41763709972,87367.32291363366,0.08205646620339513,0.0825644803766557,1.073836431041602,1.050200433796666,0.9427521438026097,0.9205131222268028
p000648,0.43010933141046476,-0.43203172452519034,0.04885242087877095,0.019784563643217762,107.05292979904691,115.96358116474552,78512.58875362157,87232.08437234488,0.08249286039730153,0.07440330862848354,1.0116763433493123,0.9039496069517922,0.9580313305307191,1.0419111018497396
p000649,0.4488251346158339,-0.45569928624107847,0.04831667778762516,0.019089610748736746,108.74901324032032,110.81395060038815,75538.43254844431,80574.02253946695,0.08762758800157772,0.08086759527361839,0.9556536363541639,1.0744074288653167,1.0124355445582252,0.9145879218699368
p000650,0.44302358103966283,-0.4483367617721929,0.05486284354259181,0.01974075604203143,105.8990873038819,125.16796150435394,80225.61038731644,73349.96483864797,0.07331312763284624,0.08040572581766334,1.0599421600991308,0.984610345260271,0.9225794831759171,0.9123874840363603
p000651,0.4794198962813191,-0.43301785190361686,0.053722312294424104,0.019188973411572646,103.42638035877816,116.48473009044761,75402.12080774234,81300.27102754886,0.07863401607650977,0.0844049047576491,1.0772645621351398,1.0421743888268478,1.0460678858048966,0.9700379492933645
p000652,0.4522352027183187,-0.46748024416507705,0.0506129107093581,0.018661681554614375,105.25771858870061,117.90432863236815,76548.69375621356,78003.4905080778,0.08063691262409463,0.07468614505074263,1.0640399299368997,1.0805852846611546,0.9975718379609451,0.9100466598415392
p000653,0.4362999771279996,-0.47345803460025226,0.04950000194683313,0.018418382209431736,107.86524576049125,109.58657748901712,86776.13115309038,74080.15212628552,0.08459130452271042,0.08335379263097228,1.072988578029877,1.0301503018243012,0.9716304945754289,0.9832679158733878
p000654,0.45040959671781816,-0.4354310635052436,0.04805534705943187,0.02046372647341739,109.04521182621329,109.05785621405639,74050.63298843677,72083.20614872982,0.08526691907732296,0.07533969656111159,0.9316303884851136,1.0966497861567825,0.9690064710269636,1.0918460131830114
p000655,0.46945550438296724,-0.4785983270136466,0.05406103341945525,0.021439325706429306,100.46824818750957,125.02861398175217,75893.210534469,75786.31004872116,0.07566666114469495,0.08345914818319179,0.9389325663804651,1.0654766736650514,1.0520150912215134,0.9697813779278651
p000656,0.4327767293013385,-0.4326090492985458,0.05359592674992404,0.019320243008490008,98.17029742698985,112.01824635263468,76922.06216339904,76905.71802299672,0.07919265360261644,0.08343675976974661,1.03744396547805,1.0206803586042401,1.0086305528693866,0.9707659642373985
p000657,0.4493605829208992,-0.4519362123384818,0.04740517228823032,0.020467458693801385,106.50619287578898,120.14728374736613,81416.5664934245,83469.70582050936,0.08326827453917171,0.08450537118577234,1.0482423429083785,0.9893355845056451,1.0914787547363483,0.9121758915040502
p000658,0.4472997182304322,-0.4280126349048932,0.054585417108169734,0.021333251725757535,98.84143889245945,130.41661893541635,83696.9263360682,83258.71180163066,0.08163428749708924,0.07763906452137145,0.9534586519043453,0.9727547267534887,1.0788369531385869,0.987966103635508
p000659,0.47203274359483854,-0.42618863349202274,0.04854921333674428,0.019104289508158026,105.92926025270002,110.14341853323369,84202.5851428332,72176.27739814861,0.08428769480921983,0.08138154438151494,0.938758552866733,1.073599815632625,0.9098289179287536,1.0032693637727097
p000660,0.4620214526050683,-0.4573753789371562,0.04729780295635543,0.01844629056944617,109.77272848954718,119.04209769700184,79309.5497113848,87056.56211108233,0.07431478739655899,0.08666408242062398,1.0799651282248004,1.0238208459041267,0.9854909836121687,1.0546828439652765
p000661,0.47991138668995265,-0.4364231856366884,0.046425002709689085,0.018480222076551225,96.3873696337372,121.90751288681336,82666.04869442397,74024.93030785299,0.0768208844869217,0.08779903953759989,0.9961493705883211,1.0424609148477488,0.936750083277559,1.0387398370582537
p000662,0.44056544325660774,-0.4529309770357797,0.047855689923209994,0.020597329402861197,101.97207187230583,115.7283191443691,85844.67072506875,78483.68013153072,0.07615212581880706,0.0878195296315232,1.0056772947306258,1.092159637791926,1.0343437963400448,1.0494625337041477
p000663,0.46641882969530635,-0.47228547867344545,0.05169767170477932,0.01908637938520269,94.21506139821841,112.85393715331153,77485.78947710888,72240.08389839868,0.07247266083836805,0.08479708419868907,0.9297328207644271,1.052282046077862,0.9357627010091489,1.0676311018177984
p000664,0.45811057928428073,-0.4231222049971292,0.054176173654409854,0.02069459743260351,106.72700192902678,114.21991660363815,87784.46318290189,86537.82374317209,0.07229195717204046,0.0785646991101832,0.9840172393749042,1.0259645150572065,0.9196272120385984,0.9876703568374412
p000665,0.46887424963730634,-0.425771313830675,0.05446089068891315,0.020627930616702723,93.75864640066698,129.19448978495024,76203.15525333723,85678.56129935855,0.08256959482213323,0.07324220914340902,1.0176370233117713,0.9449852181788768,1.0591869588429441,1.0934511406088996
p000666,0.4415443042376304,-0.44518116688276027,0.045275433884341895,0.019557108445229936,101.67926502057068,128.65560885658707,74382.34284608426,87327.38955750548,0.0819009453300171,0.08196379384109943,1.0329128440059048,0.9424377747323969,0.962070327289102,0.916805304427834
p000667,0.43618886994511585,-0.43833602842894603,0.05374007671169972,0.020303835750919173,108.85557304601538,122.63796789428135,84487.32842283387,73958.21530021892,0.08109449003088284,0.08610529301483184,0.9939523949356323,1.057606832932247,1.0084160236817474,0.9500055037398921
p000668,0.4613970341245476,-0.422369237637513,0.046314413416041596,0.02096487830897215,96.05132696201642,121.345968202244,74863.6476061973,85820.12541446509,0.0781338995352511,0.08495628910152897,0.9733395342585658,0.9842277489232883,1.0002111097591988,0.9282630689352273
p000669,0.42887629901006896,-0.4336746181867574,0.051266810913489794,0.018412990093218274,109.67475666312498,123.7904520231049,82845.55013342395,76995.7947552354,0.0863508289172144,0.07721282307424,1.0768728073884368,0.9210278118179555,1.0762806978565946,0.9645171196351329
p000670,0.4228856551543143,-0.47872594355288683,0.04611286755987493,0.018053459873062234,91.57454927259279,118.46688728970548,83152.38989854422,81891.28697448692,0.07452660267210705,0.08209423152533228,1.0851907273185626,0.9220441617550243,0.9826488015756724,1.0403749908077724
p000671,0.4764833306765485,-0.461419246060009,0.04531072948043497,0.020995922739965006,108.64197213065128,120.20222279364778,82038.84431142712,72829.66588281975,0.07345466924192122,0.07955423712400914,0.9103930477351326,1.0422039391284326,0.9811617870493283,0.9008966691963672
p000672,0.43084801565821657,-0.4294973191039563,0.053768507612317905,0.01847541082653657,96.18333815643838,119.30960743092155,77869.2360624219,80677.6467984803,0.08060642519526265,0.08569575628597777,1.0006451772162706,0.9836692601616116,0.9194473498206955,1.0190908236086254
p000673,0.42865543225603797,-0.43648384827705755,0.049783278910214994,0.0215139100908832,102.68124982007441,109.96467632982596,85314.91427704511,87543.27765082267,0.07954251120310878,0.07806550356280934,0.9818567646380217,1.0043409877801213,0.9692800248060862,1.0843794689632378
p000674,0.45331765516573486,-0.44998292053596733,0.045081744905240854,0.02045753810346953,101.71755045587183,113.38108168612476,75209.58109627837,87978.9329481697,0.08183654468973213,0.08150240116469229,1.0049764356368303,0.9503291031283895,1.0349713727817995,0.928830388650474
p000675,0.4201661950003776,-0.4730927491066152,0.05071247631104741,0.019272743080571517,102.38095706265116,110.90567682784322,83862.47262026097,74074.6204237513,0.07205514648133701,0.0841207065657548,1.0233851310575273,1.0347835855376906,1.0339462851670536,0.9919158197419445
p000676,0.4275427814515142,-0.4269134894829967,0.049445869037279315,0.02158835940815464,97.46227849139825,129.65816178120434,74319.21482378036,87957.47924937177,0.07737339449757072,0.08439872552483557,0.9678141277405243,0.9086175457281028,1.0824689461934698,0.9399306464884221
p000677,0.4714267526562552,-0.4349711295865629,0.05223504357336793,0.021762037561203068,98.19997930016791,112.3842423783938,74353.90996394813,81763.12200450202,0.07651923771126243,0.08202916288763146,0.9898406654340256,1.01101985100286,0.9015126539466417,0.9453839088930751
p000678,0.4567667502267928,-0.46074731643594613,0.04602380304907104,0.021049933652368964,98.05191708762945,120.64139954263305,83664.99302703766,83213.25037078309,0.07837886069415093,0.07416146110597116,0.9198247100733496,0.9360203120852395,1.0148215551843254,0.9477545729795517
p000679,0.4563783304085025,-0.4764555213871198,0.04832780711284576,0.021923876885798593,90.91208510522691,118.04624598419329,75947.74208685105,75950.87142945449,0.08461619986357659,0.08408901216917472,1.0180915785660907,1.0108965694589407,0.9574975125272546,0.9422706096599412
p000680,0.4317998839117645,-0.42364935329712333,0.048447626685156876,0.02172556275262153,106.18876465163282,119.7939189518465,77123.19586577344,84603.50483089716,0.07340165066216693,0.076179572520702,0.9592584422878876,1.0234218907877282,1.0076570833804321,1.0667998246849575
p000681,0.4581755029083309,-0.43461057245980184,0.04640426450602384,0.0199141107456679,106.04308198525628,118.16436383939721,76839.83850953297,78828.87799635003,0.08011290312950009,0.08066827094488636,1.09398454480964,1.0601243993590828,0.9965234249444334,1.0200047562645806
p000682,0.46990937227390495,-0.44439322501280537,0.05031719710113509,0.021169071686791507,107.23346432223812,111.43890322411136,83898.74918390342,74122.61158605311,0.07950810577163077,0.07799980264130237,1.0653290572589897,1.013557174537395,0.9817204367953142,0.9646668486965467
p000683,0.44500689144142663,-0.4267968012945931,0.047350202087487255,0.01990933709685609,106.74079369966282,130.735459169521,81469.42777207677,82966.8769323503,0.07848314551577226,0.0743377226021427,0.9868839495212532,0.9670939532239486,0.981235904303214,0.988855642987956
p000684,0.43847761197091356,-0.4589360890812622,0.04743938384614572,0.020133964915752908,101.5666774129959,129.83492528451742,82360.93544851264,82719.33013022236,0.08057136493611562,0.08397889900720493,1.0075627536235097,1.0290060803692331,1.0951670320380447,1.0234979785955005
p000685,0.4228098022685981,-0.4302214491949805,0.05116837421804615,0.021549870110125997,98.86727498952662,126.21828525688429,85646.59622449643,77492.94601039137,0.08138529591568425,0.0867236339527035,1.0422600636636548,0.9493647769096488,0.9134659453531131,1.0811722223064721
p000686,0.4605299672368157,-0.465982644879935,0.05424329322489926,0.018245211496489177,107.69646897868246,110.05748468842332,83776.40605431572,87794.84929231557,0.07433289486754747,0.07924966500185392,0.9882918700555812,0.9171038352614945,0.9571107673872132,0.9426529372101291
p000687,0.44653914673279893,-0.4681160389041495,0.05350894922913551,0.020211669760506458,94.57121051853039,130.32102508364994,82477.78170627472,82264.1814669786,0.08781049460818417,0.08351482730026973,0.916630577832493,0.9840326505116893,1.0687998132587344,0.9022021443447465
p000688,0.4510149392174015,-0.4555457348862743,0.04591461551190765,0.020083373234093656,101.41068625416227,125.96478320253598,84303.52351247953,85354.58457196612,0.07709283718284737,0.07755113113919443,0.9119955490335839,1.035706225404609,1.0037208672687226,1.089972578978115
p000689,0.4536279186678409,-0.4541169497845103,0.045555388488437605,0.020737132687546775,102.94586695931493,109.48269324535005,73325.40931765559,78289.25102654824,0.07321541262133459,0.0845273141369686,1.0792344536816505,0.9169534034342012,0.9214883090153831,1.0653000788166072
p000690,0.42457113078940545,-0.42590295711944615,0.05006651014215337,0.021380796012643154,95.53838334391037,111.45947433823278,79985.84813068542,84624.1184978962,0.0849000046628038,0.07849541948163016,0.9486218958464875,0.989049027460316,1.0658927058481173,1.0265300467249607
p000691,0.4771959246025711,-0.42724144605285125,0.05107949541679059,0.018057527445545722,96.25343100049469,116.14564284885321,77262.20222238083,72698.62539398267,0.08137021668539712,0.08679135328425665,1.0996756988790455,1.000722365187098,1.0403647471296722,0.9603051182572757
p000692,0.43544751257546366,-0.45464879621014503,0.0482507204510168,0.021936923066552146,102.17758167018229,123.50148072312055,73622.60110524175,72370.69819509458,0.08434013070068498,0.08013937605043563,0.9861494670909041,0.9084522626263795,1.0165067834876078,1.065434969034381
p000693,0.47177067756857305,-0.43792861829269397,0.05121389478727423,0.020425015388173706,103.6337154165332,130.80196367766794,84264.6727090717,85060.06719187381,0.08310392674475882,0.08193810998815844,0.9096806204706719,1.0057819035989102,1.0100335520984047,0.9415200206554869
p000694,0.42668188511348226,-0.4473269130134429,0.053516194637052664,0.021853197048074133,90.38577016489309,118.56934012459288,86554.43950211402,80885.45128658095,0.0850480622798957,0.08290977564214376,1.0096123735030946,1.075692473019241,0.9848068244044471,0.9873155587754927
p000695,0.42870172867485146,-0.4460021641425603,0.050484964576808546,0.020168774808828525,109.29349125295603,130.45995733521409,74597.20229618059,79143.02565426516,0.0771359179565016,0.07963630487768816,0.9390415153742885,1.0446678716017919,0.9031312128644639,0.9930066064141206
p000696,0.4304651838601532,-0.44766027052825436,0.05431026297049439,0.01987673641232103,104.09141452044707,129.17156167644663,86673.54646191327,83816.92553449114,0.08516876335207113,0.07994344833502184,1.0257810938851857,1.075299045423704,0.9518924852082572,1.0206133361276206
p000697,0.42413289008168253,-0.44664514877039474,0.05030915042060686,0.01848497662456831,91.19020472427839,130.09219872197798,72484.12125275115,81239.3087931697,0.08419704660732291,0.08085804092257448,0.9987929953417747,0.993867253548998,0.9095990478077532,0.9805590874170326
p000698,0.44845434400478656,-0.4600820949534776,0.051481519519895505,0.021746990930073835,104.64662677976574,116.62963213162003,75795.75866142627,80986.06130529707,0.08602847436456736,0.07650375104046678,0.9410368865331511,0.9068593682674342,0.9516823444548305,1.0332138060045133
p000699,0.43970044895837707,-0.42279926986645255,0.04583747050432712,0.019515701024601043,101.58306256156364,119.57987897953412,79599.84238312386,72582.56875686582,0.08422135888552955,0.08674783127296781,0.9531798899252062,0.9276879917012738,1.0644667791457791,0.9366301568536832
p000700,0.4223996002681964,-0.42515705754756133,0.05340727721585684,0.018074163265321692,94.90348927018064,126.71258474933815,86692.10316705522,81951.34470299874,0.0756900951907897,0.0877385353475319,1.0675747210712463,0.9850166593855276,1.0873552440273233,0.9020162360381667
p000701,0.45758456508487666,-0.4677686497940729,0.046356268391395804,0.01860200298247669,92.74364890939982,125.75541086177367,79738.8758203438,74635.39971699982,0.07266806520344317,0.07698977340194343,1.0179001142619835,1.0694408894485492,0.9311578714880387,0.9761712517181864
p000702,0.44149157532838534,-0.46055738802096363,0.05132743213852332,0.021121806818151023,93.63617809702382,116.84364225600588,75264.39315295748,79432.50426870924,0.08090399746270228,0.07823647707069539,1.060541940248905,0.9496914042953676,0.9459387627308905,1.0424123890211554
p000703,0.46783939833620625,-0.4724245697381209,0.0539049140296876,0.020876537734850657,90.55025514020653,131.0036276979743,74497.89080029984,78242.57675863654,0.07285562486617589,0.07938778339779327,1.0589333027498404,0.9780525655352642,0.9041102746738708,1.0208359814606742
p000704,0.44488072587764654,-0.4568750400213866,0.046244548833705414,0.020578301974437302,105.71713476104499,123.29212365466383,81425.37540673546,87304.20588402844,0.07517443372619337,0.0875193087181802,1.03588917652037,1.0141268778201538,0.9641207264731976,0.9393233507631825
p000705,0.44112151302285674,-0.44180678271853335,0.047446752743942874,0.018354233078164344,96.15541699986731,128.55851095775012,84762.30595677119,80900.39429862583,0.07888331695804925,0.07817270032571902,0.9149830524508636,1.0997647597183078,1.0718102570024666,1.038194127656495
p000706,0.4268766299698241,-0.45189004819790607,0.04587802678028064,0.021954000891651535,109.90091342143128,119.35930071894497,84052.9218416958,81510.70159361957,0.08657598734197279,0.0859021988981897,0.9172945509959637,1.0970369617950464,0.923936227690251,1.0222180034254116
p000707,0.4744800258782591,-0.4557372444534299,0.04961906145620087,0.01964574198839456,107.78823489153855,120.09107249192812,86022.37711732661,81364.81414418828,0.07711804506229598,0.08735698781053262,1.0197958171196975,1.0607867388230283,1.0310260242515688,0.9550107192186051
p000708,0.42185490372983137,-0.4236622774370594,0.04909392097342596,0.021343702449438978,94.8834018658648,116.51509113334507,76934.80509867494,86299.41872655043,0.07725573823337269,0.08459937200173083,1.0398268099884695,0.979746304180489,0.9042022619495332,0.9222402767445065
p000709,0.43632308581584967,-0.46854700018042783,0.04620114315195127,0.021473079775400562,94.48414138539383,124.4783616978387,77099.7362758686,79063.58863654753,0.07811546367101223,0.08200747186483241,1.0146699807233046,0.9037537056626692,1.0628785981872175,0.9627293644912192
p000710,0.4662664803721896,-0.42300243749714495,0.05291113440417235,0.02033113066814262,96.49522798130084,126.84004489065671,86866.14987210617,78234.43263774751,0.08005303647467965,0.08585754765326169,1.040525377316545,0.9079151202968652,1.0175594272869812,1.0374452722834642
p000711,0.47756190434461737,-0.4403549516856295,0.05157423201166885,0.01856099225178009,93.70387180307202,122.74546890394174,79312.27306115623,79664.41771081503,0.08431264943997269,0.0833151246017608,1.0882700757226063,0.9652450957733527,1.0366754799796436,0.9490921496020974
p000712,0.4617697979063919,-0.45108960676487186,0.05003373568569577,0.01948112265901712,101.69499847106057,129.73596634070827,84582.2947146873,83142.58300646128,0.07706975935005435,0.08677466771904635,0.9237961495357395,0.9547081038299642,0.9423498258983866,1.0600327634594278
p000713,0.45255751519229265,-0.44120518011351295,0.05448923615883579,0.021499287659715816,106.48277360573317,112.76453935927941,81636.73431888557,83109.52982275358,0.07843555111905193,0.0772819747059379,1.09481530047907,1.0678401034438592,1.0803083471213186,0.9098280923392524
p000714,0.44441357245790564,-0.43109289375844995,0.05364031432647919,0.018467958652494856,94.54659716800764,125.76341479255156,78589.75738347239,84523.33478294524,0.08221502241068379,0.08768523669601412,0.9988216317753106,0.9047802933229268,0.945640386013711,1.0366575739083492
p000715,0.4348057669939534,-0.43306878281828365,0.04647792362755176,0.01847930371977449,90.48782560001494,122.33379638780035,76570.34213166629,74153.28223176673,0.08720765764845846,0.08286676247120295,1.0900366142942386,1.0535089863564107,1.0748803279226564,1.074203300037632
p000716,0.43664671644601677,-0.43182266993618856,0.052307020720614696,0.021352430471935944,97.70874201315247,118.90751639694052,82130.77605670677,86879.51445502517,0.07751308413333832,0.0847779922444937,0.9271384025537439,1.0585752883757482,1.0908012549603476,1.0439500508514306
p000717,0.42001428973123933,-0.42153237199674176,0.04908075713311678,0.0208308047699786,107.28743236858793,128.51748225212884,73965.09564360722,85834.0596803735,0.08746983651971289,0.07768686488601917,0.9507481444605684,1.0054253877637807,0.9696908229705471,0.9988094002479359
p000718,0.445329996293871,-0.4530322703102766,0.04654896823703818,0.021977999850561293,102.81276656911226,111.4088806887538,86666.81570117026,74320.5267421986,0.08303915164155354,0.08680789014354791,0.9894380975508961,1.0193335759465225,1.0865603566777022,1.0146214205164672
p000719,0.4750966391005167,-0.4238189423002047,0.0509908876614122,0.018629270393783915,98.47385342114057,119.94601314007399,84374.42931077075,77412.31013176563,0.0740000308286442,0.07724867184880593,0.9145721233417439,0.9520131039485646,1.0522693917313992,0.9475891754019544
p000720,0.44189383560637013,-0.44046321682245654,0.04718231020148645,0.02027872965413218,108.3821662176408,125.14850905057781,86565.73156531804,79870.56678219215,0.08289329360608536,0.08526220539012959,0.9660224289799307,1.07627042412481,0.9805452018538323,0.9048469344966169
p000721,0.4374498120446414,-0.4688414704364392,0.05176870354844085,0.019936052713405785,103.03970272275956,109.6155859846429,81336.29751364992,84140.26835540021,0.08174471145528725,0.08096592180306636,0.9426811266807017,1.062747263150488,0.98775308103633,0.9311040748777389
p000722,0.47976962135136986,-0.4376913400946961,0.047176793346295945,0.021750349365977306,104.19248128660544,118.82988487856795,78433.68842493516,86765.2821515275,0.07650241552954742,0.07989006200148495,1.0108798948089115,1.04169316458183,0.9514674413533838,0.995597171959922
p000723,0.47336431829750136,-0.4377700373429877,0.05193669090791526,0.019790035350766164,104.31214912039465,130.23589376846496,82978.34017941092,86166.00988448523,0.08578068323456148,0.07632940788794079,1.0253116534702373,1.0550744930268465,1.0294166280633197,1.0603580508559198
p000724,0.44190664513364164,-0.4339870107665581,0.04561140560661972,0.020761256461005143,96.70966751831888,108.07778465676321,77796.49276499396,79986.47441150661,0.08425466470996655,0.08576485220442699,0.9051398755505854,0.9146344214837715,0.9992477851941681,1.0539618217584368
p000725,0.4551549160060103,-0.4542448139535451,0.0534551961977405,0.019154991082610633,91.79440358434118,130.40504044318564,83263.0691060903,85933.78639319885,0.07237086682195663,0.08146039067546465,1.0587325818869757,1.0860896708358787,0.9587643980375072,1.00783696191913
p000726,0.43529604476197054,-0.4472754722935559,0.048658063281318935,0.020568762324474563,101.1333517357888,111.76082018638652,74803.6407364669,72335.94841787187,0.08641208598674352,0.08764540694935065,0.910141600793039,0.9438531286785146,1.0778388766892397,1.0548077878242974
p000727,0.44691334350675405,-0.4747552200086173,0.05436495041684729,0.018387287987467082,98.38471324715663,116.99963839912512,77855.6046625908,78703.30377957458,0.0822729703870259,0.0731551493045569,0.932622200430311,1.058037074284671,0.9323894928186732,1.0748635183521529
p000728,0.42729122501521616,-0.4214442565583567,0.0455680764733105,0.020818556110557503,103.96693936560811,111.48222017732718,87636.0600232338,82762.1727512775,0.07281493993908941,0.08402782947009066,0.9298388728802176,1.0253814231514062,1.0910768548572847,0.9674408980305909
p000729,0.43461451316473104,-0.42111311685818453,0.05070603011822296,0.0208816185062314,109.71602790000311,131.67034874501434,75075.65768483412,75965.2049939415,0.08101374385273356,0.07377221246190563,1.0725115657289659,0.9613450693157265,0.9881813958914482,0.9595253536544445
p000730,0.45352828148121793,-0.4405332266835499,0.048214959905947805,0.019215047002204534,94.51777897749781,130.6014512044946,83680.11809022499,77259.84401441652,0.08416156825042041,0.07718186019048921,0.9465830043931335,0.9745395850285598,0.9476925582422807,0.9096746188975997
p000731,0.46705079380870296,-0.42306894465156364,0.04542199570691377,0.02178918293654033,105.47129876844035,121.27988108671998,75127.47078517191,87584.48953930012,0.08767112230899277,0.08323844788465304,0.962481979976704,1.0521791505176454,1.024545493894055,1.0156190985305753
p000732,0.4508808551221676,-0.4624900423359163,0.053184546870231914,0.0185469977671607,94.52742387573767,122.60461809688903,87559.52420059864,76918.06941242095,0.08446243331062364,0.07852552471260504,0.9585700751359755,1.0713659201304602,1.0827820385249207,0.9152798170916999
p000733,0.45341320757003095,-0.46240831567069324,0.051087855960536714,0.020217766639830173,99.3308055980394,109.02976253745929,85932.81256521185,80971.846394552,0.07459410287894262,0.0755053451047139,0.9350612549629007,0.9470538129977455,0.9535336384924303,1.0824354140441457
p000734,0.45653577800660694,-0.4725104774496103,0.04671704298480059,0.01962999784532964,92.14053496691218,118.96666906047277,81131.09410561359,76256.97221066899,0.08509351953602518,0.08385962641208518,1.0476852271534844,0.9752140818750078,0.928825614421398,1.0249598541133051
p000735,0.4529500069477467,-0.4759922295017921,0.04818637825202311,0.01947035303458256,109.80377631149165,124.0503079496471,75378.68268975464,73593.91967591926,0.081578282512447,0.0793609410702844,1.0870200907687475,0.9954071440696931,0.9152142556742446,1.0586744384871187
p000736,0.4356324152554802,-0.47718025525093694,0.05492398902785849,0.020115822363502754,94.98665021953987,116.23946263971166,81905.36449911687,86662.11223355685,0.07200472995931495,0.07291584349882282,0.9729577935401099,1.0513948657491154,0.9931694465051867,1.0195382103520276
p000737,0.45749528214779833,-0.4463157859341581,0.05038244952202667,0.020362107492745946,99.22892414680508,116.00368935616125,74640.54512054681,81119.95151004141,0.07645482924298398,0.0738571668550912,1.0703044032062712,1.0210522597541174,0.9836701563638006,0.9597140832067427
p000738,0.46077884075831416,-0.4581757478367955,0.0459731932896313,0.02154702330949565,109.25993007612037,114.71018272735651,85776.16546943918,85274.8631437886,0.07297242487917147,0.07524158737474802,0.9737461829625486,0.9666866572675393,0.9283117589163346,1.0358347675404673
p000739,0.4777971096623499,-0.4443043424862995,0.05092765742149669,0.02068578859507143,91.85226726304262,115.50152594367289,76026.30601150931,83884.77062099159,0.08440110867110673,0.07247954507633537,1.0796118347227193,0.9929910055354191,1.0646367710386224,1.0579104502144645
p000740,0.457794528985765,-0.4666018812993798,0.0549345674384882,0.01931858020453037,98.6040471910154,108.603051391226,78386.67864856617,86159.84294119535,0.07618999284091799,0.08216153682044733,1.0847553012410702,0.9589305550000069,1.0757773591413933,1.0155590005541038
p000741,0.43702222168775345,-0.4233520769313068,0.04590628600410901,0.021405011427737746,95.23572091393186,117.77891022220646,73520.72954222634,86374.55438712507,0.08355158539490061,0.0772180510109883,0.9437544803725648,0.9237025002279879,0.9478689777366489,0.923051725161299
p000742,0.45398300796283025,-0.43071969487279665,0.045434512788144255,0.019696534544930124,91.98488328916353,111.8093675416971,79754.96407836299,87222.06494595663,0.07249844123027127,0.07511781813044828,0.9653839271714371,1.0444128386168612,1.0220747928270217,1.0303210062917838
p000743,0.43576439970073094,-0.47895552134577785,0.05236385745673237,0.01816228684893962,95.13559369060354,126.6448229749193,83099.94840167538,73040.62516667644,0.08028720521201782,0.0839868433888946,1.0114136063782952,0.9523262408676395,0.9683940736493379,0.955656740776769
p000744,0.4351342750948023,-0.4626499354330212,0.050363991179013655,0.020609138330141788,90.98134487081367,109.94283165994855,78430.76193183055,82414.42927536971,0.08751586817845498,0.0834832591676731,1.0004799330539567,1.0544517132221611,1.02886956511125,1.002763645030825
p000745,0.43428814508790825,-0.42022235529530055,0.05063323204963509,0.021309574410335555,91.50224571289736,125.85102049857369,73556.76745688835,82316.92581235885,0.07717563619478936,0.0752081963625978,1.0485776303429932,0.9716397696104067,1.0771853868442598,1.056276940235235
p000746,0.4238378250939638,-0.4340468811752331,0.04795836693449969,0.019472871170591967,101.7583577478263,125.83147454547307,84287.83703850875,77929.8108457672,0.08045338658644352,0.0842225570923607,1.063925229295158,1.0433606985292208,1.0698377981552025,1.052256080852648
p000747,0.46118527727605163,-0.4348069897945948,0.049286566840452184,0.020841179278497657,107.80308760861291,131.49315149308956,75415.88546435355,80624.87453606978,0.08544555947701456,0.07644590912554096,1.0173409989589213,1.0367636062658567,1.0322550450894326,0.9272395043264388
p000748,0.4434583350470434,-0.4298421900705258,0.04817567005309691,0.019674120562850624,107.70152976910715,128.27734781147421,79800.13144488481,84677.36736336151,0.0736645693020019,0.08580834924480343,1.0160895624902804,1.0946370019568843,0.998322038489758,1.0883241086709812
p000749,0.442237228387323,-0.4365510210823087,0.05040797241871534,0.01852058911646303,93.93292450939306,109.88195468876319,83475.09147920903,83559.7941266063,0.07251716835429316,0.07426626819659164,0.9758131951343125,0.9953392097859926,0.9034475639135435,0.9800559494422205
p000750,0.4732908803591158,-0.45446665677495296,0.04506959241008839,0.019413487316218173,94.59705340873894,118.3602242986529,84928.01079801592,84641.58917776808,0.07316915710938042,0.07431803606003237,1.0553413814945236,1.0213732216250915,0.9977422906273432,0.9417461977309858
p000751,0.43405676585364583,-0.4528482323774616,0.0478125540714222,0.018078764272124376,91.37593072920967,115.8685648132204,83319.79919202876,77089.95241650907,0.08452110276824693,0.0821414094101194,1.0124431658661877,0.9986742457115263,1.095421725973273,1.0903868320392902
p000752,0.441819067536424,-0.44126523221232683,0.05342412974225393,0.02116092734749085,108.22758971344949,128.70346747824414,75431.01549571828,86359.1162414758,0.07408817103146162,0.07360909938196808,1.0350571540275146,1.0709931988137618,0.9561668948002248,0.9662120078354376
p000753,0.4235403379482616,-0.47551772427289263,0.054142178353357495,0.01872573479026712,106.60518268464791,114.97722300031329,79669.18214326995,75332.3846693585,0.08573438524947977,0.08697156558270105,1.0509053733952909,0.9224434298953761,0.9761856277058757,1.0664996261989916
p000754,0.4344042829853,-0.46170399322195244,0.05265907485733747,0.019707650349197383,108.89368098104131,109.2721527546825,83349.0078514609,75181.1053416661,0.08068727204800567,0.08108302634994533,0.9814009053118589,1.0167288354528854,0.9590574529963605,1.0430288096580762
p000755,0.4461447279793371,-0.4229967565003447,0.05410594186760083,0.02063451700582244,92.61039500430178,124.41990364700496,73470.68476112404,85333.3853977563,0.07298457202642089,0.0773158484017994,0.9915440175921282,1.0573426346869415,1.0893828884351437,0.9895446324550479
p000756,0.4510469934104656,-0.4483066352580279,0.046883519281334544,0.021555541185115948,100.8012418812671,125.99297226017882,78238.98330875655,78332.61755635867,0.07308461187655046,0.08637028437643318,1.0335351342529437,0.9756545056810823,0.925331237402278,0.9138812500915208
p000757,0.4494034538038541,-0.4598567995098897,0.05353150085850417,0.02133987059219002,100.89101955868321,110.71659614187422,75715.465755592,72938.56431420914,0.07230582594529894,0.07287822907720262,1.0706420684488325,1.0941102329367092,0.9943200307970624,1.0794528738529947
p000758,0.4488980352463097,-0.42490762070026616,0.05485191169715103,0.021401859622502916,92.04298895199373,131.94109477218146,73246.1188656411,76520.20156271025,0.08462921119047252,0.0742289363459186,0.9802256628656514,0.9897740760253904,1.0209094414849105,0.9785773728439979
p000759,0.460439664567863,-0.4499180870148119,0.04749471459772161,0.01840717805691205,99.45493286650692,120.86016679437036,86904.86870181342,76930.2259855675,0.07883405271690039,0.08100394108005646,1.09751558770002,1.011944501395845,0.9018019254744118,1.0684305449555371
p000760,0.4771227609261326,-0.43961099270539394,0.04544846976685639,0.01885488487973916,99.54187996238747,123.15450393400637,80923.65333156433,80937.13930555608,0.07262699444336515,0.07786919944122045,0.9680078472249595,1.0225329010113557,1.0989682412710735,1.0990428313857297
p000761,0.4563559444050268,-0.4652054561624582,0.0528163961514667,0.019593532409137825,100.59630256852469,130.17829812534492,76994.2934303278,85019.64029732563,0.08433328370312264,0.07654910265470369,0.9046885952123473,0.941872284852948,0.9922459323670108,1.084543687432103
p000762,0.47154882495052464,-0.4696824606946434,0.0452926409432919,0.01955205479189102,104.80892674060252,111.7854981400947,87267.36289366508,84463.55842839059,0.08207517389274177,0.07406069979110369,1.087262608875554,1.060811945982057,1.0623733328461669,1.0370862831548975
p000763,0.46711514315030506,-0.43180047064567784,0.04505388920635805,0.019929655558783756,97.1187570789146,115.81381421046677,75528.73732170889,72540.0648211798,0.08095994696346885,0.08580439881785139,1.0208664400833978,1.0716944130974047,0.9507403923830517,1.005490211235771
p000764,0.46233064501046084,-0.461848518929392,0.047278443907395114,0.01967925797775506,100.148285682991,118.55420295334645,75931.84616061128,75574.35289464699,0.07313064440808134,0.07490913208648124,0.9567054084706803,1.0196280443174308,1.0469317099981217,1.0984429773146247
p000765,0.42832852472551336,-0.4424263587009419,0.054004125313100004,0.018411939904352668,106.81529019683133,130.92142757445282,76399.94256498523,81908.23690857599,0.07449715884181088,0.0826307155565095,1.0755889834520043,0.9678962312309127,1.0828734550838444,1.0621382361534617
p000766,0.44672806180924357,-0.4259628193172246,0.0512296501240028,0.02040923894004579,106.91565424319074,127.6537699034888,79842.24247029731,72777.0454297644,0.0774854077369263,0.08372232616270978,1.0937417740941633,1.0660715984914675,0.9835576505767805,0.971268995266697
p000767,0.4263126260908666,-0.474213815797758,0.0541630505340514,0.020657895164368754,108.02218714874714,126.53814416944962,80842.3132025702,77665.25108810404,0.08779406261757272,0.07220110840034767,0.9878977375304336,1.032945470649354,0.9725544752789017,1.0185631574783751
p000768,0.4364773283081553,-0.4584905772233826,0.04987938701959071,0.020380371283518287,108.27928503321984,110.92944206015787,85652.73490620578,82295.94147812201,0.0805491019574962,0.07683479410671097,1.0029283455267708,0.9556998354596695,1.0614664193830206,0.9938267117894428
p000769,0.43640209683372855,-0.4596546092198136,0.05331790495349205,0.020594875599712535,105.86274093213358,117.88742914723281,72583.44930108821,79720.75705986586,0.07979292989076411,0.07304207677520366,1.0012844553196973,0.9406835285145402,1.0166313284403068,0.9639108012554789
p000770,0.43818670068560167,-0.4277629284114578,0.047070857070588175,0.020698200792086487,107.60974875535182,122.39682905314305,73182.62290867309,83923.56536127371,0.08618902885612763,0.07859045846133278,1.0089394622268717,0.9765647042597128,1.085338632173436,0.9715846091056586
p000771,0.4328689049110624,-0.47046296017912803,0.04837240342177528,0.01988599711542901,97.66599172392809,120.76487560226394,76101.38006759937,75296.64146005786,0.0876363672276334,0.08738281507465405,1.065103974059309,0.943395299704023,1.0117223685737033,0.9492706639805586
p000772,0.4283535259501682,-0.4615784509843634,0.05395639190284338,0.01952206902374719,91.03426363739074,109.31124383495614,83622.79464742329,74919.1012685086,0.07629711032886072,0.08395236913492111,1.0581610887091992,0.9733609242203413,1.0414581371093181,0.9864607759140173
p000773,0.43446233788050304,-0.4302939823904539,0.04762928515296622,0.020375110060691027,103.53006801280165,129.1195116332907,77930.09928890533,82627.5363888163,0.07472575048445056,0.08668495389290032,0.9791046714426632,1.091512071255976,1.0400164949332678,1.0718019465734738
p000774,0.4591786529669048,-0.43350615470976206,0.047328643833903054,0.020781982396447154,98.07853508107311,110.74898882035309,84710.79740571897,80450.20727010217,0.0871271303765105,0.08288123703695117,0.9408244895062415,1.064131427404143,0.9272898719249555,1.0126644449423106
p000775,0.4271635157950433,-0.4732256021660543,0.045122308886322494,0.021115194332049093,90.66627921380363,111.34116361348799,81704.57038827406,86520.24556310734,0.08533794624415064,0.0834513089068163,1.0995768921011446,0.9644818626483569,1.0728386318386882,0.956045018362884
p000776,0.47288421230266514,-0.44369195710810755,0.04770270127362613,0.021089549082620365,102.34130732323082,119.54125848129938,78254.96594201324,84075.15262135645,0.08073304735413053,0.07383187952725455,0.9543134724332908,1.0806427813580224,1.0012934293425668,0.9195413524274355
p000777,0.4291674984218684,-0.4696471313080238,0.048884476765065826,0.01976007764202148,98.28105770483157,125.31188304842624,72547.7766328724,87859.61744962937,0.0879276046367829,0.0764310876512406,1.0149908685771378,1.0875483516551467,0.9569135872939636,1.0395596395143993
p000778,0.44550267001235855,-0.42387076993416317,0.05399769375809963,0.01956763274640904,92.7877051607009,113.5888220235965,87961.50614570276,72708.35193050008,0.0827302374849571,0.07630920023698885,0.9060810247806618,0.963565779790322,1.0690405115631199,1.0109828555485854
p000779,0.440626121516254,-0.45099169429321034,0.04650273420549519,0.020688820567793285,106.92257474321049,128.80496772480262,82376.17383006084,86787.0606968963,0.07902391374511632,0.0827182674886453,0.9864808193203272,0.9564792901563286,0.9381332703177092,0.9251256348947352
p000780,0.4553168758631246,-0.4242491883748513,0.05053096128180327,0.019758994842889753,94.27467648769172,109.05221253456926,80031.85943515055,72054.30107085267,0.0813385231147554,0.07599725576895497,0.9238697429392115,1.0026554749915997,1.049145028633177,1.0298628467460984
p000781,0.4369568981334778,-0.4444534582162065,0.048112874886903155,0.021361256972694836,108.45735003721319,114.37096327025706,76690.42758721576,85793.16707111827,0.07532617970733635,0.08422809671263684,1.006877360197168,0.9772563039144572,0.9899176277996123,0.9425750009514837
p000782,0.4393221107611679,-0.45324888882092257,0.0493424077753904,0.019507981659841973,94.34136814861957,117.57782622504368,76176.12608572033,76304.99422530824,0.07551987980549146,0.08532374552877489,1.0767486626662062,1.0263364172382865,1.016962861632866,1.0923286924076168
p000783,0.4509030013574252,-0.4376318552520005,0.048351040074114435,0.0218273297806885,104.32030329138519,118.97867279325942,85140.88605759748,85447.98651627642,0.07772411742198047,0.08173575066887648,1.0919987893534775,0.9586582450813611,0.9944559110794051,1.0179856898450976
p000784,0.43253296625295806,-0.43722679641790496,0.052404143152122704,0.021579872861230476,103.58975943968366,108.47196532664633,74758.64870153728,75111.07520718474,0.07299646734432341,0.07535622109435446,0.9071860939241191,1.0917952366491661,0.910100401018139,1.082752829902706
p000785,0.47640014474228093,-0.45435386475428474,0.04981645502674926,0.01963875989500983,109.85934188251382,126.41072426616626,75983.24452226932,77814.84201381673,0.07572290133482885,0.07640268936851603,0.9917415310796983,1.0354788902294052,1.022217339206143,1.0961809535760083
p000786,0.4398873499728986,-0.474709975129985,0.04986599372981206,0.021731544387119783,95.4154254175456,112.14279771112956,77708.50834108949,73265.00480910494,0.08091608124381157,0.0871957706738431,0.959825063044524,1.0634714743505316,1.0286797428029406,1.0567224751131905
p000787,0.44103358910320617,-0.4770069426747599,0.04756127914580181,0.020191733414734205,93.7833667503269,121.82004602218078,83469.9496011209,86470.17051517486,0.0779593119281703,0.07229777375718228,0.9695877054912043,1.007236557296697,0.9401174462922784,0.9534212635769038
p000788,0.43996936992517843,-0.4656812982704639,0.04652472870548479,0.01836640739503672,90.83885379159415,128.33758089489436,79334.2193246477,75653.70402432002,0.0748622250377348,0.08510987005009352,1.0054189162211546,0.9631077448889557,0.9274366276757638,0.9494040288750343
p000789,0.47689071106533465,-0.4551958404120836,0.047905812309320166,0.02026056394160576,92.43437110987081,121.75935890839642,73673.71200713291,79260.38370838822,0.08655909567521206,0.07647959642327587,1.0695357569805946,1.0899739293876316,0.9091083595630275,1.046111260886166
p000790,0.4511743984022052,-0.4512563153954436,0.051123373954097176,0.018151095263728136,96.78686312991324,118.44685494091459,83214.92178023056,85729.41869243782,0.07369585935298313,0.08506310883474498,0.9532361580987173,0.9400242859665667,1.0574076720133845,1.0576923145937627
p000791,0.4576780311716216,-0.4720323682623743,0.04601328194538569,0.019794087963628373,109.32854029256185,111.39900830960306,73551.0197922358,82819.2611179935,0.07917689075664142,0.07954909385908618,0.9018054384518571,0.9673219848748896,1.0965970376081091,1.0710930599997897
p000792,0.43728608917787576,-0.43147694082519755,0.05298486333373231,0.018777643790643728,97.68246823648278,117.12489645902045,80863.26515905405,87679.71434097327,0.08150619867475332,0.07412364375995403,0.9658942337455726,1.0384890574646701,0.9033718098744185,0.9505421900175571
p000793,0.4638935355890562,-0.46627533064575793,0.04930097183717736,0.021277343430460647,92.11735688994533,114.94621119172032,73230.0002009037,73996.51134316347,0.07732112082180329,0.08778300382093782,0.9621779445539108,0.9365967207711949,1.0737135002952465,0.9244857959477506
p000794,0.4502873183949094,-0.4442611595236247,0.05153974170512271,0.01920299290805195,93.4867719535085,112.50433668320616,79004.40465056256,72674.46729894518,0.0803035365712861,0.08626553672305039,0.9999443647215308,0.9567670362236501,0.9028164900897644,0.9851254745150031
p000795,0.47838425990228745,-0.4750847632512376,0.04692638605973124,0.021861727164425852,107.827759768645,127.16874200336963,87836.60706333068,74562.89887984465,0.08246607122649029,0.08733738977473603,0.9529107306031304,1.0750889308212064,1.00337826731682,0.9796168752545754
p000796,0.46314031605540407,-0.42817342005121894,0.05125770991537164,0.018210959868187895,104.11489532224111,113.17704346223249,85265.86316280374,78986.22763374707,0.0791559404106788,0.08326419013780684,1.0612069936221298,0.9853667349195231,1.0178678644143657,1.0632258858902572
p000797,0.43385091345809207,-0.432535856708877,0.05046865128424397,0.0181310306151626,106.12562779093396,116.86125426208245,73689.1822051611,87811.17704434958,0.0869211031394049,0.07911835156332274,1.0085648977300632,0.9136158125077628,1.0102139733143303,1.0051752612397642
p000798,0.44378824303025177,-0.4213949366420385,0.04653292021791933,0.019331141194918595,96.99071097294191,123.6160948258969,76636.4442457559,73467.37211483021,0.08358301683607691,0.08427411152604006,0.9469162193443353,1.0825439779337849,0.9557473763716994,1.0362487762160202
p000799,0.4206939038834401,-0.46355385178462466,0.04697964497895385,0.021026829183012016,97.35299279002514,119.22998312738497,74701.22417146599,82365.11428637113,0.077419832745766,0.07449261008095932,1.0577365958968323,1.0059561766637888,0.9649302164968848,0.9640543776514441
p000800,0.45877225540460354,-0.44362056018239443,0.04503638544898759,0.02051110171298309,93.94816399660311,121.71118135593936,77106.38893250594,80124.90796179074,0.0840166674500887,0.08388343330916304,0.9562078055413503,1.0114690050364343,0.9403822298610873,1.074115872501046
p000801,0.4558706803779825,-0.43392648567267694,0.05029751860935677,0.018872121844358065,108.07378434840402,120.49405458619253,84468.07067399133,87724.28894244597,0.07640720949428215,0.08306408625323419,0.9844376659829118,0.9510525967537283,1.0641642196051713,0.9536378352289792
p000802,0.47532275713536837,-0.43917924386655594,0.050914476210142535,0.019805857581329765,91.31313208766129,123.44683147601172,82432.80387288428,74495.27406793191,0.07417814135797812,0.07576449248042642,1.0020936641681022,1.083085805424875,1.0438409044152737,1.0252238855867557
p000803,0.4422862546419989,-0.4321695786823544,0.04948512389532824,0.018107832713642923,101.25375830725179,121.1682162983397,86986.49012526734,72482.77891603377,0.07500483099314322,0.07908618944283964,0.9810657609521197,1.0814250577556406,1.0734683765624349,1.0505378383279482
p000804,0.42031488114285304,-0.4205090480215449,0.04764085287735961,0.01907104923928543,98.81746444146387,113.33772503390288,76655.94080383833,87177.6789593686,0.08373928128078707,0.07455749807740666,1.0877403556371348,1.0684527858835469,0.9659374401059317,1.0259353732245822
p000805,0.46501637506635585,-0.44843759277569817,0.0460910070023206,0.019445546427538728,96.69137963527935,124.68879133984944,77654.61725801848,74135.38010935792,0.07960482956466446,0.08549763451861664,1.0893333175106688,1.0599756772883495,0.9201145936178247,0.9236674541706951
p000806,0.4208824674777711,-0.42585305360723597,0.05497933290760023,0.018593630996243404,106.65913830737875,115.12709169537077,73515.97759565957,75382.7134088982,0.0757394563778771,0.08612400015695328,1.0461326728666465,1.023136621226102,0.9758291988060479,0.9207657094204804
p000807,0.4752118373887575,-0.4406483360890613,0.0486793990474087,0.021272049062317968,92.59179044633312,120.66322391292144,72238.76757471934,75911.8239448478,0.07354247834938081,0.08278839928112793,0.9421502432504706,0.9248000046975546,1.0411947154881591,1.0135993412010527
p000808,0.47353409517828976,-0.4784708907285066,0.04511658074829084,0.01861018898646792,90.24082874408661,119.1550428317042,72707.31170452143,80704.11475931993,0.08619929922642616,0.07480150258921074,0.9788759200956602,0.9378046479041383,1.0528018485428112,1.0671901534994044
p000809,0.4396602645398335,-0.4285543853271757,0.049184289049304226,0.021571087979240997,109.31103475959232,111.1459377865184,87249.48096509387,84305.96387466618,0.08516416006780193,0.08383483659906894,0.9445564020616352,0.9019360960702016,1.0705385957834321,0.9093256772916493
p000810,0.42956580709403297,-0.42470952787434196,0.051506842912419734,0.021440394451712152,108.57836198278298,114.01623458254228,79980.2845121499,79632.98406041943,0.08576052000957989,0.07257529582652948,0.9040408555066048,1.0023216640403454,0.9304444369453715,1.0661770485334745
p000811,0.42391468097574375,-0.47009076275926276,0.04730339003475199,0.01858204566991303,97.18213128314189,129.08187719073868,81163.79444119448,75022.82907424585,0.0789505352598407,0.0736849581611604,0.9688649140090111,1.0688586345694442,1.0775404173607848,1.0920922749604505
p000812,0.4665316284823246,-0.4212024300754306,0.053797819119395754,0.01981553757636409,106.39520413198777,114.55753989939117,78608.78804957689,81693.73147778693,0.08647134767619352,0.080574991538031,0.9890337145911259,0.960636643083618,1.0550635107977429,1.0048384850520287
p000813,0.4333416442976508,-0.45845335813013577,0.049607777310660496,0.02008546961197067,106.85974215680312,123.03739208851835,82160.06269924623,76182.92174394567,0.07321894053094342,0.08523039286664526,1.0880159973377264,1.0171989248819653,1.0019024389569209,1.0768116364641196
p000814,0.4761426858152013,-0.422651444231563,0.052148157748680854,0.01958933284286732,105.98986988773578,121.20901336339318,85086.91968746622,74413.04043533992,0.07588911896083166,0.0794651772556621,0.9767986024161588,0.9967429264483377,0.9203856000758746,0.9778856880576445
p000815,0.4592382399053961,-0.47916181130234586,0.04683668351118653,0.021134849530230735,93.9046358857327,118.13841812384516,74469.9045024012,84324.75336730463,0.08442064438102634,0.08375439544146045,0.9719072890749072,1.038074595876974,1.010894324461967,0.9306353417717128
p000816,0.4580008870376767,-0.42414374320782955,0.05369143020693242,0.020951884874327347,99.11851730588764,124.7933223627037,72876.37170130204,72021.99666846619,0.08023965416974702,0.08160911218844155,0.9474139023867769,0.9895585271167193,0.9407286951134489,0.9279935119904097
p000817,0.4407645641787629,-0.43230385094910734,0.04622186290095207,0.018902566487984693,95.99335052141402,115.3087709188247,73254.99864364156,75052.6794353052,0.07861235372062439,0.07217970747994118,1.025841917541038,1.022019909054692,0.9334053414193881,1.0093478325134049
p000818,0.4270742926600254,-0.47339615861847195,0.04856406356963142,0.021732368611387477,108.5377235421476,113.76502518753038,76708.2070190919,80338.71624760418,0.08364665701703777,0.07808769276244293,1.0386052244839268,1.0085588145655804,0.9140304015809504,0.9212649829740195
p000819,0.4582314108657536,-0.45072528082201696,0.045920753772542566,0.020613683011636626,106.71349964903568,119.16679479373684,74554.06962975132,82844.69248237436,0.08532332069179564,0.07930535284742142,0.9345204923684851,1.0289907552057591,0.9025537336819978,0.9029879604759213
p000820,0.46586422796769156,-0.46356754011663115,0.05204755440523654,0.01944109034753786,92.30523328434244,117.19916690780136,80390.33497770803,87841.49633488481,0.08628058236164965,0.07317571397393859,0.9724778120400727,1.0013148314521838,0.9863987887402321,0.9582644641889435
p000821,0.47280647938195014,-0.46757100628720666,0.05499300870877555,0.01935507839755656,91.55647580057543,120.90280208487286,84229.04087337272,74390.37034887851,0.08314375861492156,0.07346466387212261,0.9177028700985816,0.9654878121451591,0.9675878581836331,0.9725477309792703
p000822,0.4209258270236704,-0.4567358288437751,0.04860747120919972,0.0182903848536605,90.7054246965896,109.32538724432972,87140.69811404943,80655.34118055782,0.08501918721824989,0.0806065795842037,0.9892100211835063,0.9999591484286462,1.0880046924226807,0.9975346839725362
p000823,0.47617199430792534,-0.4619497423335777,0.053898003478798945,0.020267607936931768,104.44298983275347,114.52381361852517,74937.41716662042,75517.12199388392,0.07627436901501952,0.08559558291877431,0.9363536576243704,0.9194561808773533,1.065719920368436,1.0648389466868058
p000824,0.43190745912808215,-0.46819566639588456,0.04891920037390062,0.019337527808227353,104.39768353543107,119.68151938249487,82247.81376182829,73576.10375670729,0.07606083227183996,0.07203395539735291,0.922475672809458,0.9122165692940709,1.0496417031268783,0.9665269375854512
p000825,0.42201366689030473,-0.44958925930678256,0.0547755347780558,0.020673417988291913,99.19119133298742,112.79843025964476,83127.52766305882,75432.42570680757,0.07753496631544464,0.0874308399994829,0.9107405510083082,0.9911373799392373,1.0455197709442674,1.0159309504394831
p000826,0.4559319857726663,-0.4205724525943584,0.049520024455935625,0.019610810924118777,103.21998628485733,121.18912637895988,79291.64286403211,82037.00241447653,0.07242985141064454,0.08006346073602169,0.9549777436398782,1.02452980516829,0.9316163967086106,0.9338143714286106
p000827,0.47367471503744757,-0.4411374732345227,0.046829728865206616,0.018376294523558215,90.74111558485919,118.82293662460935,79206.82944711283,85848.45225317068,0.08733735600111947,0.0865418174378182,1.0802081178673015,1.0603379897886447,0.9347039613889433,0.9748725479603796
p000828,0.45572419645322243,-0.4728261817870294,0.0543944978673749,0.02022939149994833,105.3286349729012,119.2579979693592,84555.21133518868,79116.3128372706,0.08361182005203992,0.08535718081085707,1.0985882478665245,1.0583666894972714,0.9737997683513504,0.9406255026235978
p000829,0.4782739147065522,-0.4778733965005435,0.04925095115289747,0.020664380628773,90.59319419681039,108.78961144834952,85448.2988793827,83662.99931031361,0.07397291367771677,0.08687024679493055,0.9554007056866898,1.0335447449991086,0.9734746095043147,0.940015795766695
p000830,0.4597120080201034,-0.4782850432058557,0.046333397104165626,0.021164716072564174,100.20304696933192,113.59542783175824,77563.70979808496,78650.67759298449,0.07474921758521107,0.07458509730883593,0.9473242250677089,0.9741604021184962,0.9741429016692806,0.9013522441176248
p000831,0.4721065452855303,-0.42544552345126285,0.047763225409844054,0.018308759230323345,101.04978345734145,125.32944317392759,79913.79336468386,82696.00694681154,0.08343009835181331,0.08090074579902841,1.0443576386562305,1.028028262490711,0.9199884720059532,0.9060865131307747
p000832,0.45964758511433135,-0.44851249448336744,0.051157710904491775,0.020839186768047618,94.19242037309859,130.15216447188718,75063.30155628042,74837.60661389385,0.08307643827201353,0.0767015197249435,1.0602149084962411,0.918970067745397,0.9695635984566856,0.91907698149867
p000833,0.4644763774239954,-0.43843572815060605,0.04800505899287431,0.018324138190590387,99.96772310811534,121.63084251901714,86421.95697260248,87951.67520488468,0.07526145163815254,0.08704883035811894,1.0537124288891961,1.0303492433326968,1.0283762330790602,0.9693129435540047
p000834,0.45000251920793866,-0.432949770542722,0.04857660067944024,0.020562243388494824,94.07217529933145,114.25934022277363,84391.55054032017,73696.02241019595,0.07708292616025748,0.08497446159623476,1.0418514181051548,1.064319690140569,1.019513661829605,0.9970370944119218
p000835,0.4790057871324827,-0.4569273672104169,0.047977985969983095,0.02077754417761505,101.42651803438257,124.94774132900065,82280.59698240749,74982.50822448777,0.08429808899148124,0.07833071978640112,0.9020502876377496,1.009134217859669,0.9462663704193177,0.9235657094951222
p000836,0.44740128278768615,-0.4565846455727327,0.04834093666441146,0.02036998180408487,108.20780400203901,116.33134812282596,77314.57226454689,85382.54534125257,0.0741226142211945,0.08616678233662226,0.9867476416878398,1.0103597980263699,1.0370585125863592,1.0404844188248616
p000837,0.4381289077619538,-0.46681451900394444,0.051605682841109266,0.01998993924771639,108.46295860588997,112.58747985376013,77737.07307872403,74658.33649306429,0.08691098082352978,0.0795046969752859,1.0223622073973857,0.931768811793096,0.9547330872962689,0.907899878141198
p000838,0.44601521582645504,-0.4507996936157774,0.04839348501296631,0.018501098473076148,93.20805618110744,121.37705774536406,77999.52606849524,79778.75902481882,0.07365652246581657,0.07394730210443046,1.045522174359563,0.9569952449533842,0.9054793321211491,1.0489753108119062
p000839,0.4463294859286453,-0.45245671169570856,0.054228180027953994,0.020165355131909545,97.55544198728566,124.23202053502382,82401.42099309812,87989.57671631937,0.08171920983801233,0.08067334137243322,1.053977735256061,1.0803712261529341,0.9851978836815906,1.0030220909826153
p000840,0.4259604175667628,-0.44455521546237575,0.04576602224009365,0.019529319659500922,107.08004943445339,109.21360989268987,79241.16934634982,75793.49940695177,0.08202866197145182,0.08061363237642766,0.9125203502552784,1.0243619506519155,0.9353156665083816,0.9187749237831376
p000841,0.477427958923311,-0.450099444043325,0.0543840785262967,0.018683367266597507,100.05069555997062,108.06067042166302,73157.13517965454,80821.7961002548,0.08737544048360658,0.0808801902614726,0.9769570022860025,0.9422918466426579,1.0669619597345732,0.9985743793555936
p000842,0.4587503272173137,-0.44697957621969925,0.053837466120791495,0.021609482278922943,105.80488285049813,123.66796124504611,77365.22058598252,77643.79306953876,0.07689251938428716,0.08456597165814109,1.046308027394061,0.9949968203097107,0.9513081981128017,1.0390191747031379
p000843,0.4420512780711827,-0.4767902215184791,0.05356747558863615,0.01870887758900512,100.50070781171289,111.71145115399226,73497.62527664639,87639.5253832045,0.08194525050310622,0.08316351733436068,1.0317614650132412,0.921979726352597,0.9886942065266722,1.026290181331358
p000844,0.429263750642731,-0.4314433694522165,0.05459226230030398,0.019241880295011796,97.31272135560569,112.67554164391831,79683.74862163047,74780.96372945156,0.07760272528454419,0.08544008687497057,1.0381840230430759,1.0510967017892776,0.9764727807946743,1.0464104775343916
p000845,0.45060088793181324,-0.4323692711077948,0.053858903384219926,0.02113921902675477,100.03163276656663,112.22526855226775,72269.78594717287,74303.14223114193,0.07216431333364869,0.08080740760411478,0.9140500215251461,1.0918068471866815,1.0462911682189366,0.9856272524030473
p000846,0.45982611882881946,-0.44109285439278645,0.050006317355610404,0.018496403835873233,93.09164256960565,109.86252889054937,72700.05959578302,80482.31596672813,0.08795517019444876,0.08790426278724817,0.9934087972902698,1.0633866317015035,1.0949279550741327,1.0880398855696418
p000847,0.427239783920089,-0.4371182350335793,0.05020237959156279,0.02014766105842467,105.03739597979228,122.26194198141282,82782.27969296055,76280.20836557454,0.08168508061181362,0.07708221838900489,1.0682904467086343,0.9816199537814421,0.9566856940870876,0.9584748774302896
p000848,0.456009147848638,-0.44307634110704675,0.05109740818035537,0.019883978265706804,97.93311647100386,117.35795363620814,74445.20052536411,81989.76394124953,0.07674466252275779,0.08221392687686599,0.9835757921111248,0.9550031659884117,1.076706370713729,0.9848569452978897
p000849,0.47484520076377046,-0.43851899354519747,0.05014644590459569,0.018205398971532866,96.89114077889046,110.1622013722745,77690.07321991351,81437.05237293622,0.07974995554997605,0.07456303153696027,1.001607644513074,1.0853202449740669,0.976342277667295,1.0618737544086612
p000850,0.45932955720060475,-0.4574590658537578,0.05357088523539842,0.020712159676957193,107.7477998686615,111.22143866676466,87592.58784792645,77404.93611363567,0.07453437107509603,0.07987987247255574,0.9857545606761587,0.9526568636373897,1.0784363230326275,0.9586824904620577
p000851,0.4655460410965198,-0.43340072733553703,0.04509452443429837,0.021564116040126955,97.74291337505262,124.00854134654443,75887.9285788325,74416.63218258327,0.07348678247718661,0.07916764578307328,0.9213404631600002,0.9877893707599695,1.0062386702505468,0.9569148900409475
p000852,0.44819676145802156,-0.47377542546624796,0.04971392301088125,0.021372238814505742,106.28935538785976,108.55008677038343,74350.97699045493,81458.84325813793,0.0818535204392321,0.08296246039747587,1.0376281742616191,0.9792144519291475,1.068542053573086,1.0707365608418107
p000853,0.4254333863734613,-0.46960652590596297,0.05173907678047948,0.01977452643967169,92.21320016799777,128.97474068221015,87882.8080268083,78081.84027737584,0.07755382319186459,0.07874495936413117,0.9428456729029593,0.9149457005129878,1.0427193733429003,0.9650903976347155
p000854,0.432242074949079,-0.45998197796430057,0.051816139730557986,0.018453130494204804,90.08570337801108,109.64379089333809,78755.07199415527,72436.29558261497,0.08657974901417301,0.08111660897777281,0.9447039486092702,1.0256517172891724,1.0812247835028541,0.9496310014971917
p000855,0.4378029256786564,-0.4356955633687207,0.05106547765486338,0.01873984727322952,104.86090381249673,124.30526339763536,77442.48158694203,82241.08431217313,0.083913975332081,0.07536963153703025,1.0128149683478764,0.9216588368658022,0.9766127307667105,0.9305123047167168
p000856,0.425242761690574,-0.43708499784846405,0.05142003490913229,0.021933962932731723,93.31174138687676,108.7238484585825,81964.34331560155,85895.81161636149,0.08739220223870744,0.08501415059410643,1.0242837307837527,1.024728587864792,1.0292338326824133,1.0730579374443918
p000857,0.46744124712216717,-0.42403396924647335,0.05327808802027727,0.019054967593680687,101.35667939878755,123.96066654214269,76612.62479060088,83378.77637570615,0.07873800006855024,0.07750252182532412,0.9256341677409087,1.0409736456868197,1.0205277479567727,0.9080666431356439
p000858,0.44067023122768784,-0.4429454271454671,0.05090934244071859,0.02070102455140205,102.99550436959771,117.07852130137542,76132.35231250954,78942.92504464329,0.0868690094021048,0.07295895765691095,0.982624591626908,0.9173038979153785,1.0505301687327928,0.9274131202198043
p000859,0.4530411639313331,-0.42524773757478057,0.045844158785467236,0.021258493704028256,101.82502186771687,111.84083229701334,83498.14186326269,81867.16746553422,0.07439117297673736,0.08259888956156439,1.0277981855952856,1.0147978508873625,1.0928512046229455,0.9580756354517281
p000860,0.4296175286958884,-0.42909364929771,0.04567236680338137,0.01855433965601355,93.41255333697967,110.25125370812502,87435.4449079095,85872.45702174967,0.07978367932946065,0.07813652680231159,0.9190403607655149,0.9975620749343935,0.911438095748409,1.0067115728443852
p000861,0.425294897741494,-0.47217271234375324,0.05155420383669117,0.018253657737419503,93.97743838590796,130.2870235301048,79658.65157082297,81043.87736565233,0.0753536714265233,0.08789493669094574,1.0521683515569917,1.071957312933516,0.970198014260287,0.9094299227931287
p000862,0.4526582974636489,-0.439871317912403,0.053617706217288084,0.01957423977830935,97.15110973641882,109.26977441055853,73716.25945099795,79500.83571855538,0.07442474584928686,0.08258089860290674,1.0030706469798696,1.077426330994081,0.9314607435495782,0.9368136628374312
p000863,0.4490839691436246,-0.4531184915591674,0.04595603149323309,0.0180883572073732,105.39385036305782,110.31093233679572,80331.48964835441,79134.05459076824,0.07549214601630339,0.08750204659003395,1.0927230117006612,1.001531679913961,1.086359421114333,0.903945857371356
p000864,0.47544493977109065,-0.4255388412536306,0.05279802337854323,0.01814222813116425,99.83258798110887,113.2538261536743,82602.26750559974,84974.54773045226,0.07225102944950275,0.08232734790801603,0.9048584628656935,1.02488634931486,1.0515173382335496,0.9683038339697341
p000865,0.47851076684760124,-0.4748093719135079,0.04746177832433564,0.02133019273341215,101.37676185044955,111.3175308621211,74912.9339620674,74451.09030846375,0.08547229325929125,0.07611808759706855,0.9082977960454872,1.0728685569645373,1.042932459732994,0.9132293236952091
p000866,0.42377497992187485,-0.44268260449733465,0.0516722711245012,0.01913271291901718,108.77520594458048,114.40689332899055,78022.39097343391,83771.54781658594,0.07877266176177318,0.08364655905888922,1.0424138212760514,0.9889073083088379,0.9979659713313059,0.9767314994621463
p000867,0.4653889455211182,-0.45012135289736344,0.051231409683190246,0.01939549833560044,100.79063481110572,116.59916949840841,82538.66099996265,87021.18751530365,0.0828396548733592,0.08168613688782687,0.9655247377176716,1.0869861130363148,1.098266031397307,0.9463231831038571
p000868,0.4685816668992295,-0.42630450193651376,0.054251142273865634,0.018882539722150957,90.69043082521479,117.56084957468745,87112.71449884871,73504.22230748243,0.08058698497226958,0.08476329689180265,1.0302560452123453,0.9767238380518357,1.0191929680061378,1.0752115025672582
p000869,0.4497984129769767,-0.43440156491983073,0.047489518213487875,0.021711840698892503,96.83585066312432,123.70801138546918,72449.42203177568,78597.06457253225,0.08553576737161099,0.07364186592868606,0.9671864366423287,1.0297470768387074,0.9104565694645415,1.0814328862513327
p000870,0.43329474994075956,-0.4783632044853568,0.048049406328397444,0.020355227991490456,98.08499323500685,121.58603922226371,82614.31205852795,77148.78093370357,0.08355612696313947,0.07549708761501418,1.0762903629054277,1.019965153206776,1.0731392374083577,1.0230387392269054
p000871,0.4614048615395556,-0.4591527205751463,0.04514968791823689,0.019614105046306094,102.09958010013855,116.03720799556466,72660.12204651715,82591.45226814334,0.07240659531521008,0.08710090220780731,0.9550080759631007,0.9126523292650863,0.9705721496533806,1.0686932631932324
p000872,0.42284236302802425,-0.43288028104369075,0.051298631447660815,0.021005027907541773,99.91571497726848,125.35695475833361,81863.62417670022,86305.6968536201,0.08257788896106578,0.07715233123118266,1.0806699979232395,1.0526946110326305,0.9045977417488504,0.9229111456013189
p000873,0.4622738782744574,-0.42073827498147587,0.052781913529205624,0.020287803340384627,97.60100569307625,125.62702463586862,83246.04950244157,74754.75166707992,0.08738951648578189,0.0741331489835563,0.9929417852054546,1.0251850670258698,1.0144418950660483,1.0112625547521876
p000874,0.47768181611244687,-0.4629461242509792,0.04588426542395042,0.019904949058311076,100.31990251873948,117.81876949681836,87458.81887929955,76428.07594748652,0.07341417178648463,0.08629736671990203,1.035741074124426,0.901755326825594,1.0080027566273388,0.9150304273300887
p000875,0.43266373905104555,-0.4309743744876914,0.046798347978379506,0.02052287909931707,96.01429289952921,118.53324670709245,78410.6653501818,72984.36734815719,0.08153487373570256,0.07543176750003205,0.9990777963303616,1.071495284929512,0.9653915773406654,1.005767781524725
p000876,0.4729308070524409,-0.4578873893508684,0.04724775167398412,0.018314421414102958,99.87048824871673,122.877549034634,80134.27566953337,83217.02534592067,0.08587574800409715,0.0746640414726343,0.97819626965919,0.9542387994554135,1.0536330076172606,0.9607373914129151
p000877,0.4544735390534306,-0.47692956033867384,0.045783890437822834,0.019065969476499356,100.62337795033206,119.89655643469712,72603.99186296652,81935.12506961079,0.07429458347167486,0.08467110398227023,0.9717306547741495,0.9693649397591702,1.0885132521732026,0.9678865446398027
p000878,0.44282105116941395,-0.4794492411127551,0.04571119793991954,0.020619723901236363,98.42751246593522,110.66835741873626,86541.75738835764,87659.86906710736,0.07471209366277078,0.0781907275335993,1.0046846821349606,0.961921564004624,1.0980882850517137,0.9875309251056198
p000879,0.43290173161159845,-0.45246900428664655,0.05026677866728413,0.020630067619622456,98.76242878784637,111.65384557851071,80555.86563922436,85185.3099268793,0.08040811514200064,0.08434316755254934,0.9455235646511514,0.9141380599732912,0.9685255904577381,0.9246520982823306
p000880,0.4703750634645737,-0.4572400307393044,0.048077431999151876,0.02039283180642859,106.34882613180316,126.91087844936473,86270.40515433557,84727.03575441905,0.07448038972184194,0.0752945687975306,0.9130268177911329,0.9787522877648238,1.066215724038266,0.9825051267522896
p000881,0.4731944786258103,-0.47615111364679674,0.050850180503395424,0.01877029852211169,108.6054134101334,122.249135700057,73637.14867537009,73448.95982935633,0.08238367539647996,0.0782079615037327,0.9927000387475152,0.9304008595992073,1.099635888616308,0.927778303405017
p000882,0.43379325529544366,-0.4439175654812669,0.053978787360856456,0.021985337592849732,103.25409061843555,125.89206016770633,85798.65111405414,79739.46886664843,0.08568881694464409,0.07267417849398607,0.9080559664132989,0.982939433727902,1.0569538523271382,1.050353396886491
p000883,0.43220301293796504,-0.45337191203820826,0.05480474741873081,0.019211619979125478,100.23700737603076,108.35747107382642,81226.95135013253,83825.14990060418,0.08661990617729,0.07546247611782769,0.9255099090401878,1.098513072490002,0.9256948168805791,0.9268099999701661
p000884,0.4589899720790034,-0.44582938268430483,0.05289923051865938,0.019487539536627463,91.4606330893312,125.43416807879805,77194.47181760632,73769.37893952333,0.08037748218885563,0.0830050175991772,0.9368970944167117,1.0698781195789395,1.0625989091149912,1.0368040399690486
p000885,0.42483845141530113,-0.4489019085155033,0.047586123910403025,0.020506650975666955,95.05439033252699,119.86353466539133,81380.09834034281,75553.70771208356,0.07722973273979371,0.08493696958486543,1.072265484257344,1.093641746507677,0.999974766006815,0.9623838158889819
p000886,0.4692640346239025,-0.46203247313638435,0.05205041955025264,0.018758140244337758,95.72143661770272,127.25531963166176,83551.67200807197,72971.71705526403,0.08299744995380812,0.07201072320278895,0.9301682644873852,1.0116366376418147,0.9897630047277405,1.0613111006790332
p000887,0.44128014755986367,-0.43312518373193354,0.04916599625868873,0.020575565749588628,96.30470190079456,128.6784835132382,72738.54675566238,78276.0098897047,0.07602372207264255,0.07853898180328478,1.017434963117016,0.9592397795463417,1.0518540872557518,1.0373266993034944
p000888,0.4274313506499552,-0.469366811017795,0.05104460945435776,0.019430704187320402,90.33511654878357,113.70119421606036,84688.07477048907,72307.98460582264,0.0819616935612614,0.07283694255367286,1.0618862526678108,1.0399012782189099,1.0795454698539533,0.9285326945814286
p000889,0.45248027324387907,-0.4555926023471079,0.04942573329050634,0.01998401207211871,95.607242250755,113.0041237705722,87670.12581508957,74313.81206034475,0.08392575454809184,0.0762711924022762,1.0098430575628259,0.9725200062606678,0.9870685878380634,0.93244547560899
p000890,0.45047396256983463,-0.4673080600886626,0.051548509708231424,0.01868956985235704,94.42178326998614,120.46748996738815,83591.02716943306,75641.63903839808,0.0864412610666712,0.07282939396947251,0.9139631892847556,0.9143775474335755,0.9830379820176769,0.9608317994533861
p000891,0.4288015789488984,-0.46796114604048283,0.04881571281071603,0.019126459684951143,103.75529148984661,124.51194694569332,81068.9675261323,74440.30424105862,0.07733662657954776,0.07634194211200097,1.0649355978952917,0.9875464844260271,1.030977925973723,0.9686973429296456
p000892,0.42712604375858365,-0.4209050687063837,0.05137096569685515,0.018092852085643783,94.31304325205598,129.95834677614974,83447.39311299595,81020.76307980996,0.08719399157034942,0.08391526466611418,1.0231276001187046,1.0758338987183778,1.0768919583686567,0.930941315154066
p000893,0.4409256263852021,-0.4317203182058282,0.05494194802935972,0.02122374449379084,101.64337134716234,129.78877804934183,87601.45348374017,85636.6638262346,0.07349168115281356,0.08098722248140618,0.9942862211903845,1.076780005006239,1.0995512425285014,1.076299070248523
p000894,0.4787254377404042,-0.4734871511474611,0.05366214458712367,0.021770670539023304,106.54818486646715,122.82134637861554,76982.52989008394,72103.55298349421,0.08598900947570848,0.07371148404842794,0.959685929321278,1.0701080285471858,0.9968199022185891,1.0138561886156876
p000895,0.4485262567382982,-0.4676441124060231,0.05019661536126399,0.021084329614719472,98.91171711683077,115.66720556273482,85396.78275241778,79589.3029432665,0.08559184698740671,0.08747875747245976,0.9289476048479216,0.9075400997329613,1.0444820138134352,0.9868343559683969
p000896,0.45713561512373124,-0.4658713049328498,0.0516148849111483,0.01977702415646283,107.37538510231539,120.28020776046074,85293.84950511128,77569.9867500423,0.07679828598755657,0.07797938649128008,0.9264238594496091,1.0778590754602346,0.9799300269038602,0.9731538347862477
p000897,0.47161477862529927,-0.44973615014078633,0.04772371720770941,0.02189343039733705,95.75067972743531,129.03179562815407,76721.12323615274,87535.02857894967,0.07358643065379798,0.079318955282848,1.0218523588858885,0.9107532753480744,1.063701515230802,1.0325630281837939
p000898,0.4585654074444489,-0.4739514070634555,0.04712681359542588,0.021673937874647994,105.08880450433406,125.20463428892313,85033.48849658782,81715.56579759362,0.08566747847346176,0.08042659114612163,0.9377014356010903,1.0505346513818532,0.9600512657132447,1.064756041815634
p000899,0.47791686455584803,-0.45864344144294683,0.046174887549913814,0.020404720525522255,99.2865162479377,117.6860529224808,75869.57925808713,84495.65250404611,0.07893789190539384,0.08333661183258421,1.0156852069927014,1.0080543321948192,1.020224329778048,1.0583154890313426
p000900,0.46703798360290427,-0.46287044177154657,0.04696024446168501,0.018071768698012122,102.33494747985658,127.88828621120983,84255.16046238711,77545.7866536214,0.08020388673054829,0.07690706109878152,0.922853885043574,0.9313412978591828,1.020076600169197,0.904125064460698
p000901,0.47956493694296864,-0.46419372431246075,0.05423473344812514,0.02164216075686301,96.87228090626141,117.3679630918251,85329.62647145284,77862.26113743485,0.08277084007230463,0.0819001997387073,1.0309828430666126,0.9532227994453137,0.9678990169916165,1.064122211502925
p000902,0.43303053369961386,-0.45400948095976956,0.049057534569910174,0.021605304913584908,90.6085670566804,126.16716090911622,76068.49456236593,84804.46338758501,0.08595300494371608,0.0825134048032765,0.9004388424857723,0.9284139993674146,0.9072559608312207,1.0585105828820045
p000903,0.45609122183217093,-0.460612468133604,0.05274934605020049,0.020502912299265284,96.13459481950397,128.11264630182495,82721.74338127003,87377.46581263252,0.07271182173555057,0.07277596740655952,0.9703574760153295,0.986957585398028,1.0017307305822218,1.061661808246173
p000904,0.4565939767736177,-0.422559138889086,0.04649832907083063,0.020137151320212314,95.90141427063652,121.94388132452397,78267.6631047944,87828.1562605637,0.07716094712626569,0.07222980652018862,1.0499628022930492,0.9961532617428575,1.0694551281606968,0.9937962733806546
p000905,0.42396076842118147,-0.47574778529243655,0.04788512534806195,0.02139739971853362,94.10234005834135,124.44889319026943,85134.12409046649,79745.34912338575,0.07776060853567385,0.07239054291730063,1.0486484382779127,1.0839974513839112,1.0335228885740697,1.0982730448148512
p000906,0.4302971931136666,-0.44751243294922466,0.04528020218000357,0.020683930821455077,109.65640727551332,116.58652882602873,82216.2317314022,83316.69581595008,0.08748029422661986,0.08093164738408375,0.9519425195853678,0.9214776192700418,1.0583400371906813,1.0140681497067894
p000907,0.43624634892427877,-0.42482314382453823,0.052174890541275575,0.018181369136330745,98.153660254038,124.55720346963089,82074.09376732765,81089.70746509316,0.0800161483251889,0.08181922087166184,1.0025153140274665,1.0499793499193062,0.9164392018350379,0.910791626763201
p000908,0.45867033742503827,-0.4785569835547623,0.04945446132120338,0.0183472565355356,104.23521066605554,120.59050382097608,81784.70150904458,78558.54949700425,0.08744566864369793,0.07834017994308744,1.0392221466756906,1.0464820425345658,0.9584881310946154,0.9116452312146399
p000909,0.44046550547996993,-0.4348475045670216,0.05337342539457058,0.02178564019538516,92.36645826432125,115.93734868645078,77569.83185046117,86445.69363334238,0.07941231873939397,0.08560429356344412,0.9356360365759326,0.9997172828871754,1.0841966884798695,0.9005830398131384
p000910,0.4653234811969187,-0.4475619735919094,0.048263753313958276,0.018395173492304497,100.5589900909126,127.9914377547762,87685.50520804661,75402.2466409005,0.08645235044168562,0.07605668595103501,1.0140815081932288,1.0693892836641354,1.0153835878982225,1.012243738368792
p000911,0.45411297329098627,-0.4708954728609546,0.04898663541281536,0.01960178929706203,98.9700388939614,121.89469170774552,74077.74986099254,80365.81714460265,0.07395346001118214,0.07881629042366609,0.932309601235774,1.0018728978166442,0.9709108563229347,0.9658505045722663
p000912,0.43391630306688034,-0.433836412457583,0.04745179031627323,0.021224201986044154,108.51804191992024,127.48878440579661,83662.99332982756,81378.86711442997,0.07754775923850102,0.08046534910570444,1.0944805601204037,0.9045271493174075,0.9894441955286571,1.0236058428502384
p000913,0.4695568259065325,-0.43040848177790114,0.04933071906152608,0.019149408642762027,105.37706716130657,112.9519256560063,86314.97338875153,83702.78252779027,0.07885145762756675,0.07855542894738511,1.034874912688237,0.9310463504955964,0.9553709340840595,1.0153820630195787
p000914,0.46348357313485977,-0.4575928250152069,0.05408889118881681,0.01836886217295295,101.73169111631766,131.92479339671237,75728.29089076568,81272.27554986849,0.07734890954677567,0.08720689200936245,0.9093912794242989,0.9442641372534294,0.9455311004580726,1.009862690580685
p000915,0.44733417682348975,-0.46705297357188896,0.053670240829218445,0.01851606869863602,104.82294440361576,128.53052604431358,73131.18865034198,82548.95279694004,0.07375850279016638,0.07681490299238806,1.0183643169839318,1.0286887997628222,0.9268540932213204,1.0426053400347008
p000916,0.42153277772606845,-0.4347108598970019,0.045496203031262276,0.01954359437275123,108.48264909009042,123.229180953437,72246.7400329014,86643.29118802414,0.07492081428952281,0.07366880182691134,0.991858077732418,1.039397543632474,1.0896450142550198,1.0557483571465447
p000917,0.4491858192070518,-0.45475344826673,0.05021944008619519,0.021943633468668945,96.6554600035371,120.06120326140831,74419.5150508837,80150.56640814092,0.08776103958482898,0.07997128290734776,1.0808475905337414,1.0306097201399842,1.0677848621116288,1.0224747787163404
p000918,0.4434776094027284,-0.47123200908691804,0.0513373887972273,0.019082220652857477,105.78658892544085,130.63705424751063,72761.74141788196,85492.8928228782,0.08315621114202204,0.07596645703400345,1.087575140143518,1.0960122503013503,0.9237888517290708,1.043269149037948
p000919,0.4421394923619423,-0.43825313556406964,0.04953600202904618,0.0209150461498835,104.13382911049682,124.35444580463471,87201.98096886443,77977.74078088882,0.07899470151143123,0.08431697150047729,0.9170788039545198,1.0064786286434306,1.0633874593384354,0.9108028012093126
p000920,0.4759764279902846,-0.4357876356915089,0.045890510884327856,0.021593246537351528,99.76077335108711,124.97694855356326,87972.31543680899,80617.32558216047,0.08159030722179979,0.07525195899734088,1.04915214591117,0.9917053963017682,1.0207153874811696,1.0698334562329475
p000921,0.4355913606773148,-0.46302124499205294,0.054795284054756366,0.020583914474657728,107.93127875087339,117.17494371130708,79013.99819248421,77014.34016825371,0.08537585540552459,0.0834885966901209,0.9962904298809248,0.9456047049365147,0.9297946164408486,0.997386673972229
p000922,0.47230627481742626,-0.46902583209330684,0.052332473311945245,0.02189601028304502,108.01329663485596,118.07033331173945,76354.86614710976,76633.16251257069,0.08710708498849185,0.07975597647154056,0.9493599941092399,0.9458299949176175,1.0432747384843202,1.0452754621553746
p000923,0.46323429815827694,-0.44262315681668063,0.04723737959207301,0.0180454481791631,109.45193297279641,115.45443845681808,72794.81964115205,85091.9669463933,0.07562208416598912,0.08147808149934846,0.944161539716301,1.0888016814310058,0.939055099086852,0.9384373095311817
p000924,0.4673116485676921,-0.42118735202942176,0.05146645804193763,0.02001390041053411,103.78418772487473,119.82041742209547,77354.83385969875,83443.45182004137,0.08759762699589325,0.0826186284748475,1.0165280875195373,0.9399951240254428,1.013645492623798,0.9575356102076767
p000925,0.4285809438356118,-0.4728612771204483,0.0456321714503097,0.020668469237835312,99.2484469556271,111.256700839205,81144.7344591725,79379.13816190315,0.08106638228284324,0.08701078084711145,0.9509274139944538,1.047557668040512,1.0798249259308526,0.9199512085164758
p000926,0.45626023142095007,-0.4392629459480074,0.05135389107466809,0.01951854676450235,90.0321396488651,127.5900014140224,86825.13103577011,83035.8211746364,0.07631559819965202,0.07973457542624691,1.076019405369714,1.079849646920798,0.9263045572514236,0.960187477660774
p000927,0.4251337708264637,-0.4418799773929254,0.053338224977549406,0.021559622018852222,100.360285393656,129.2331806076577,72934.45150801152,76045.9094809246,0.07469372726950407,0.08234636955947142,0.9700580176660522,0.9696746240991159,0.9048529520343924,0.9448896016710591
p000928,0.42935988050150814,-0.45596866285441023,0.04711290190034496,0.02098775736182041,108.35290943720497,122.46292520917056,87944.43019658733,73071.50357339223,0.07301935092892234,0.07574859593978236,1.0342558190209366,1.0652864723127946,0.9221407461493494,0.9898602020341052
p000929,0.4548883909222694,-0.4515620093816843,0.049925667081533565,0.01898022511242245,102.73780486001927,121.78697752580585,74251.07578726749,86131.74726946982,0.08098917830276031,0.0771002918012917,1.0421787787616172,1.0651975514535257,0.9370441234863056,1.0729505349472468
p000930,0.42984358296678277,-0.4627115899982694,0.05370291160980804,0.020606610161857313,106.03263233261197,129.36089779715346,79112.8004124132,87427.18536907673,0.0806117013085972,0.08432835764428959,1.0445403016271193,0.9731704310421998,1.050240344711845,0.9378224102527911
p000931,0.46594451169912127,-0.4771661704415249,0.04644378230838926,0.021972260908717182,106.00926333900937,118.99895502219425,83643.086179326,85534.46597660842,0.0861048632225464,0.07967158759729549,0.9030162389529888,0.9387399420716123,1.068954357578206,1.0823514770115656
p000932,0.47598786562328366,-0.43676573374072936,0.05244198722118884,0.019169339865449633,109.19858902897373,114.14945866049585,87903.52925033425,84052.8977765812,0.07897674454012227,0.0788867582738711,0.9565284963509958,1.0835728651438377,0.9800254091811665,0.9260319233507537
p000933,0.4310006984957507,-0.45415804735685317,0.05429315342794594,0.020946434307454298,103.98755624945544,113.09951905953218,84081.71302125475,76690.37975428448,0.07779228220539101,0.07244881397687765,0.9242108830477909,0.9919825966452813,1.0665813981889845,1.0875978983646715
p000934,0.4403397984300235,-0.47126682227942274,0.05218534236087407,0.02067680592226575,91.97488142115876,124.08081353357852,74189.92900080822,85154.42804335504,0.08223194535782796,0.07558733697773212,0.9466724715588268,1.078983378988232,1.0395087337686881,1.0187074062081132
p000935,0.42585660981940804,-0.46723597129637146,0.047949498054887664,0.01886636855112567,101.84903666942618,131.37698634514774,75107.39713981752,85281.89886710986,0.07932559192401907,0.07527837881580973,0.9873982881713843,0.9515755472247108,1.068299333935593,1.006816461449048
p000936,0.47897821272579855,-0.47695486404094717,0.051927983315172545,0.01904730992577036,93.26536155814335,122.6790904430023,77291.98476222758,73827.82479857751,0.07723873578746686,0.08301436094674593,0.9337061779636632,1.0283702506538004,1.0612775640649716,0.9455904805132478
p000937,0.4402122499154818,-0.43320834277181614,0.0463409379495629,0.02048137695287453,99.20886104624775,109.4511351186071,78535.04833818658,75878.66520702551,0.07405329641628282,0.07657457536011976,1.0061613316600595,0.9113454826439122,1.083017344870366,1.0342091011871497
p000938,0.45017775480978217,-0.46843742376647085,0.053419637385836674,0.01974466705940676,109.83526026995514,125.37602575109759,81450.90067002809,86189.94000976677,0.0757541863362658,0.07985008932244651,0.9244195433299172,1.039076847142549,1.0511609614972093,1.0301225279448512
p000939,0.4241527512585111,-0.4301600983148215,0.05296683099615143,0.02075480705770883,95.1162880178887,123.85400674206247,85528.78523740046,85856.41533408206,0.07624950584239176,0.08048038248010388,0.9900479948670853,0.9909198923955861,1.0290369119916012,1.0129888725119724
p000940,0.4689733300534374,-0.4686645071763895,0.0508390940666432,0.02130418181749706,108.71449885793244,118.42468101944581,79955.27973874485,80924.5715857298,0.08144344715239883,0.08169606589597171,0.9142228121171481,0.9963467297249599,1.062757704521073,0.9001803220102722
p000941,0.4389217000972633,-0.4564812846918639,0.04893374670819045,0.01812303431122522,96.23437193315638,114.11829798842103,81593.29788946106,79298.82933068402,0.08366660300845655,0.07359814424460658,1.0321518601493418,1.042877941970977,1.0562790458695377,1.0210370196017737
p000942,0.47389819550155227,-0.4616508467450691,0.04787360905633629,0.018024919971260128,93.69063528624338,122.70257602825407,85718.10814431876,79654.36593083043,0.08079320973215709,0.07420013410073367,0.9650015970523654,1.0389073893646685,0.9240309222281993,0.9538802143398932
p000943,0.46403110313803225,-0.4270641687942251,0.04995442772389774,0.019619266720324696,102.91645402916726,125.29637841048601,87309.81138415578,78195.87069988465,0.07962575191382812,0.07371478656037338,0.9016992685556577,0.949047431939085,0.9624088505019182,1.0675087588166576
p000944,0.4486591283807918,-0.4408307431203763,0.054982549615749526,0.020891088290636323,95.70322579051943,120.02426547935303,76680.67419971843,78270.29536542519,0.07279638910528774,0.07815051748225588,0.9183579894907602,1.0267431774643239,1.0484539116732705,0.9510901453580075
p000945,0.4227266185057963,-0.4611866397726278,0.05141543999146872,0.021796828321672967,93.2520048610037,115.04370221741294,83906.31359757167,76378.72367159759,0.08385957660939748,0.08572886351786964,1.0042547089268659,1.092735784728636,0.947398061331531,1.0630466148976134
p000946,0.43158337219036613,-0.45276523867926954,0.054199899804196705,0.01924788605172899,103.32931872542267,121.8375743018884,82546.73086949099,77613.19357698158,0.07670848609843367,0.08777571566732255,0.9950481058868117,1.0431201236126375,1.0361457429175844,0.9164587558119723
p000947,0.464652423249421,-0.4738234647711654,0.05139925361871,0.01872082067771838,92.01042490216535,129.85316305060388,74410.86800943583,78365.68670536179,0.08050685025721735,0.08063197329448676,0.9494349564479276,1.098042876684889,1.0482039159044305,1.0692187911439972
p000948,0.44320644392540903,-0.472375643130092,0.05415945041903046,0.021739530352554763,109.93105089847026,111.52356085343071,83198.92690140857,76062.17694016857,0.07560804462575794,0.08490732991880712,1.0535632187280173,1.0128252072523407,1.0417268526627739,1.0781723391701963
p000949,0.47973097640599355,-0.4727266773155748,0.04530718816316456,0.01859157215864819,93.81791698329428,110.27039976678643,81514.89162216292,79264.6950424439,0.08574503494451086,0.07300088595121003,0.9581722130227199,0.9677086809735299,0.9950049258611862,0.9058662031753008
p000950,0.44271892660589035,-0.440079942566679,0.04836014830187729,0.021484396109229385,104.42871572801488,110.11212581556086,87095.9770917726,74729.12236510211,0.08668371990109333,0.07328874138823714,1.051513167803744,0.9580522572096648,0.9332719313179877,1.0422688465294383
p000951,0.45725230436384257,-0.4461734706940605,0.054723437997013236,0.020350087542701976,105.49058630688461,112.55520497877258,75287.88593941373,75920.31625680564,0.08026140055200988,0.07421338670728937,1.0065231008595514,0.983435045106392,0.9136958618598225,0.9670774563792228
p000952,0.45188795459238507,-0.4460672653965323,0.046996416061592015,0.020196602660799017,107.7671694334976,112.74992686961866,87018.41883574752,82030.13702683843,0.08542559270584345,0.07723484629397318,1.0144615062638525,1.0771826545240346,0.9374328382444812,0.9208609311723621
p000953,0.42019370788110283,-0.4784102678234246,0.04859040318937749,0.019335387675408548,97.78746194431177,131.5625407468127,82706.79667670373,76254.05705670586,0.08032260174471553,0.07686267697458533,1.0093658813601116,1.0726154867627384,0.9857263962930848,0.9328943864582396
p000954,0.45703637287385257,-0.4224222995998466,0.05225260317937947,0.019276514962997593,94.45700079013264,114.46877762102375,77379.11499888216,78151.90105596653,0.07913229158717502,0.08729291071785884,1.0711064528785073,1.076463713449709,1.0176197697100817,0.9592978997620801
p000955,0.43595214151611694,-0.43700934267960145,0.04985122017161566,0.018335648119168255,95.5520530569932,123.4585539387223,78060.93937953994,74209.57736206902,0.07642030012263429,0.07992487947778218,1.0438242097932775,1.052543270218667,0.9106527199850013,0.9887380949913858
p000956,0.46162044070627317,-0.44983954024409056,0.04841754337578189,0.020358568599247825,107.44119458609595,108.55575746190466,83178.72082964228,84354.50094106197,0.07702741949496564,0.0826803893940105,1.0658869247914966,0.9499274986946769,1.0479778537507864,1.0308200269241292
p000957,0.4203610555956941,-0.47435679690787186,0.054137863749868245,0.02115702385487013,98.71023472648292,122.43935150454567,72953.6837360371,76065.25998203554,0.0808670812209826,0.0733166153350839,1.0560417900043557,0.9622045600835731,0.9954112310334976,1.0703821549930528
p000958,0.4281416932547655,-0.4678932676035183,0.050683761656409886,0.01892200125371809,98.12518620840424,117.45193450040593,85050.42887225332,84854.24510903445,0.08418873304992687,0.07840094340352177,0.9402942244134458,1.025467225784153,0.9093146264414218,1.0784870075439774
p000959,0.44146511612889416,-0.460066978309692,0.050771436188809985,0.01977081730205122,106.06820342810056,114.92164556571039,85703.27676461525,80306.62470400051,0.07421616990208786,0.08107117147504612,1.039455737844008,0.9504075017168885,1.006722537951822,0.9056711019237746
p000960,0.4741788128931097,-0.43909825605616354,0.04982956719376619,0.018799581458949124,92.67244458487758,130.1511361811449,75773.0309180971,73420.99636929361,0.08449709359091201,0.07465578578313554,0.906902090962066,0.9132493506260798,1.095819104625023,0.9844894209749335
p000961,0.46958731464818804,-0.44221823975650704,0.04573376617217621,0.02043972802756841,102.57351743430459,111.9798665972069,72781.23837413758,82477.89605791995,0.07973685178694892,0.0742940339776245,0.9413971394404341,1.0053023034740938,0.9005032961750374,1.0610158279798667
p000962,0.4252062999690039,-0.4525517146316664,0.04939441440032696,0.019668198666490715,104.46602433461372,117.75410636881823,81825.26910830362,79681.03777654612,0.07284406678403692,0.07306855009624381,1.0714639460935063,0.9833018461707413,1.0772315203257143,1.0181143884966541
p000963,0.42327853642002816,-0.43501666374685855,0.048632701649837365,0.021779439354084378,96.1792089035034,127.99554050729057,79814.05994260526,78027.63669393846,0.07782407199379279,0.0834118650355217,1.0497006625293772,1.0158007183570192,1.0325519968788361,0.9846895934277287
p000964,0.47116110003261424,-0.4506132882468606,0.04849157603225892,0.021924233289976957,96.61287710015067,108.59919088655032,83956.079009689,79477.57778397156,0.07223755361312022,0.0871746763669972,1.0887213622579506,0.9937330357441531,1.0680092957790368,0.9141615380575762
p000965,0.4450513900330693,-0.4244650491530294,0.0537832973005961,0.018375096698840226,95.77136478468341,125.12092433169276,83392.75864189345,75441.16612311151,0.08756728277689144,0.08046168540704289,0.9076783071702627,1.0976695532942489,0.9660337745480447,0.9598908407746851
p000966,0.436778028289846,-0.4631338336200914,0.05358509171716153,0.018944500356636498,98.01769661984474,120.40932858386157,87401.58747402279,87918.84917717922,0.08695396203559116,0.07922916411929054,0.9794267785543611,0.9718798578749152,1.000927503146636,1.0496009898773704
p000967,0.4619047791712896,-0.4245813447132244,0.05326628207007124,0.02075188627407943,90.27244306953409,123.38905398260589,72837.16248649711,87144.76002996328,0.07639084074474589,0.08294953512411517,0.983066202136649,0.9674089513529236,1.0850872186913196,0.9210323622350195
p000968,0.4403591043270254,-0.4385412458655387,0.052501946369202857,0.020490625747725404,104.17921787541083,117.11234514054841,87616.48295937934,79095.80903124966,0.08678153369456428,0.08313917310691647,1.0489746817126908,1.022946806873544,0.9468018136899368,1.0511099745624006
p000969,0.4205606361614052,-0.45535182003958946,0.04793340739607118,0.01968369495039613,101.15949651089181,127.5640992116115,86367.67113740499,85313.9992072894,0.0725721457449853,0.0798207000902298,0.9657483485458347,0.9825739594429974,0.9988868957125492,1.0543016792974012
p000970,0.4291960106322073,-0.44418446435468484,0.047525316387209984,0.018007169890020266,104.56853183224764,124.52419646195753,84661.66794747033,76732.66740275337,0.0817604819084509,0.08712104412403417,0.9774770782197684,1.0333011664777287,1.0452691494499997,0.9756059637975993
p000971,0.44789608951680504,-0.4439969459487825,0.04803207787827004,0.020720023098079778,108.32932380211207,111.61589753786774,80880.84194850874,86106.92844301298,0.08213009565549946,0.07285914456451277,0.9318088630132517,0.9905694625755062,0.9429045913787576,0.9179544328713432
p000972,0.4487950974373884,-0.4590262475313369,0.05466682932910187,0.01912097658804704,101.47904429022938,115.88996611525937,76144.49399892407,72399.57387889091,0.07324843135169383,0.08163740802438904,1.071908448006768,1.0412896471504645,0.9425671899391967,0.9171935322518316
p000973,0.44796100159974583,-0.4480312636753252,0.047982263433877695,0.02131366505301064,103.15445896052972,131.57731570430246,79174.7686780742,76836.52235844586,0.08117940040907587,0.07494366906083429,1.0346141586808013,1.0180817354060197,1.0369315867292723,1.0796742456250017
p000974,0.4774140756995227,-0.4787439881658542,0.0501575711955779,0.019346645481749445,102.82769215545589,124.80313292967979,87040.8986446526,77727.02946214966,0.08743853329337373,0.08787111198736539,1.0988490645514462,1.0377518907611876,1.0126463942103752,0.9576164382354084
p000975,0.4610080228032158,-0.44812244508408594,0.05201159776565368,0.020416585572631287,108.5869728281693,114.72329282599495,82680.58459999987,81447.50245717299,0.07417248733171862,0.07580324576633345,0.9401721746882944,0.9002721731880073,0.9845399952097034,1.001078175580514
p000976,0.47628090585538363,-0.4488465321740825,0.052213971114660196,0.020273330856607655,91.53249023115059,131.86969657416756,79511.98295354295,85720.70745822044,0.08798031202002704,0.07635730302637109,0.9710385395870458,1.0358215763461698,0.9112451937982715,0.9348070412150646
p000977,0.4341925963680824,-0.45807704267157157,0.05297763334362428,0.018931568215189678,98.34966590241604,122.07849277322968,85181.77610437271,80730.27632978183,0.08722899359657076,0.08471296681452091,1.0646498021875133,0.9327898187052446,0.9264719610167361,1.0575581367707065
p000978,0.4697375219481543,-0.44058714759013284,0.05290817028895178,0.01857017948526575,102.51699859299302,108.93301263292808,81105.32116054282,84083.05790461956,0.0779303037661778,0.08321777757342401,0.9354831400047688,0.9405154395744154,0.9728306585760103,1.0569770394543532
p000979,0.4729839127209915,-0.44487506400568755,0.05293410880527004,0.021910262383805133,90.04340271778639,129.9999846067563,80109.95109584318,86973.97329749288,0.07533560656763612,0.08703173419279192,1.0547791645389866,1.0105727962780837,1.0046913999789648,0.9926329627642252
p000980,0.46599622765923443,-0.4538912285467352,0.053463650895547415,0.019387968425566414,104.48056965080059,109.14640422939794,83990.21183306223,72473.39977035942,0.08626010963478731,0.0791394965105971,0.9537955714646214,0.941609914459485,1.054741150128418,1.033177212288976
p000981,0.4681127753556888,-0.44149928789608994,0.04616072073323399,0.019309931796606745,106.30669015036405,118.67547633275508,85762.53708699586,86431.1790512924,0.0734266640583286,0.0840375042996412,0.932573401415596,0.9881441628742942,0.9300261689629947,0.9763330414054557
p000982,0.43468396949421506,-0.42609336849906204,0.04541172929670301,0.021294538413822978,92.7153775105084,116.31346325400374,84638.8832460224,73390.95980693097,0.08562314739488558,0.0795792032992317,1.010404497919423,1.0561864281397715,1.075567899385327,1.027616441952797
p000983,0.43350332184228524,-0.4775495672745914,0.05187901679067659,0.02092942137530817,91.40734074526918,120.29466105326021,75020.70124532876,87790.5649032062,0.08649076815565393,0.08125104785822475,1.0318038132366185,0.9153661489589199,1.0384385611145748,1.0004284220829982
p000984,0.4694189498915879,-0.46989364928414745,0.05285213141024496,0.01855962984332178,91.2938262570994,129.27241197489687,86057.78563784278,72832.93920154226,0.08382983130990856,0.08591358203848773,1.0225309240136022,0.908285342823092,1.0390725583743108,0.9817513675561917
p000985,0.4599724454233011,-0.4567942582344806,0.049655582221063574,0.01994014986396349,91.60411090112724,109.71547893478616,84875.80358879322,75893.19156799291,0.08231956139327537,0.08298411048626306,1.0201294261149148,0.9395279893528373,1.025626324042708,1.0642701947659252
p000986,0.46310770958637515,-0.47559958875269803,0.05388360683893032,0.0200549112457327,96.37052659658039,128.31364256669158,73095.6680375433,79315.88859588174,0.07759292973805995,0.07678170463762096,1.0853141892198643,1.0703139433721143,0.9929473909459011,0.9540667034481751
p000987,0.4556638811230834,-0.43198368064925474,0.05084747433696732,0.018666310187972816,108.80833315174208,119.54432802771456,83342.86727531037,76479.65842985087,0.07212525099991632,0.08281972007607191,0.9153686411056567,1.0548772411575573,1.0337986188235548,0.9967060940173824
p000988,0.42534706263573685,-0.47503564707257145,0.049356072292188795,0.01830103792288194,90.77455098252666,122.90570260354093,73736.51928496225,82067.60093475302,0.07287687684818457,0.08273785489460297,1.0193398704869585,1.0096352197454763,0.9936199543207465,1.053542362233976
p000989,0.4444491288553424,-0.46158609013463625,0.05110637438921308,0.018356333624913134,90.57012244578631,121.05903076587042,75040.9281255843,74711.89657775455,0.08534504837920846,0.08121076407457214,0.9128951011238543,0.9253700747531064,0.9608024340390233,0.9813185529528125
p000990,0.4474476399683253,-0.4445016808828453,0.05202169429211401,0.018576710994115925,92.86065622176832,130.51591144374584,73804.16226905241,84127.37031183677,0.07841049833796497,0.08782987179061708,0.9268681060053419,0.9529617870012471,0.9487135670274517,0.9733556049026002
p000991,0.4550850713241974,-0.42537261988247826,0.05440902590074641,0.020861206280805542,103.4431781622925,129.55122175842698,86154.16658917579,85625.05781868873,0.07971570213568809,0.08755876668216593,1.0801282140194957,0.9839214871277894,0.9204979811353791,0.9026620845960717
p000992,0.46058172569196637,-0.47262374748796754,0.05468317395399789,0.019550012808053383,94.95696310868561,119.488503019734,74172.12609927655,80419.23658881334,0.0819289813445196,0.07487549999791952,1.078977255640479,1.0369433026389556,0.96342859354264,0.9553681020040268
p000993,0.4458838118733773,-0.45091066056495327,0.046894034140352384,0.020540025118130266,92.28687267020467,117.04348633338867,87292.15803319299,74363.37772232208,0.08487642962318931,0.0723784395961627,1.021245992299519,1.0912864351749927,0.9973745562781906,1.021718513913226
p000994,0.42335311198376113,-0.43772245345339234,0.046309592688864754,0.021149094422004223,103.60219309135584,117.39786959032753,79445.0928275495,77125.8727747158,0.07794808448259799,0.07446069424972916,0.99789006965899,1.0646035235166806,1.0266961569083484,1.0132293241391435
p000995,0.44355076942360894,-0.4284684064487504,0.0517744768114007,0.021251544897284976,94.46210108896463,114.6540300500048,77937.18253170046,86339.49788176076,0.08723256056194725,0.08467852267165187,0.9500925498251214,0.9885915782339557,0.9938431927849285,0.9655039077181071
p000996,0.42944386708584426,-0.4425057026621396,0.05386351115533429,0.018617477464307895,104.94383182711573,114.79759516860598,87541.96854668042,75808.40224776612,0.08540998715953282,0.0863876750328667,1.0169469746137676,1.0025366455928344,1.0993821587543928,0.9694719342511476
p000997,0.4545358906451746,-0.4363142638457797,0.05059783645402625,0.019720857783572205,107.50910718699755,122.64406347486309,87357.16809714373,87355.91766047975,0.08082869934323456,0.07302101681757073,0.9634782550497651,1.0519156453200686,0.9284128542796685,0.9478880642429479
p000998,0.43878459418401616,-0.4738879719290005,0.04911110010336722,0.021671039756002465,90.45829220854456,122.53017714866877,75373.47038474983,79542.39646237183,0.07278022567875311,0.08487330508241517,0.9605292743590927,1.0186568813885124,1.0643919679784515,1.0329131924739001
p000999,0.4388867406934891,-0.4710256357343119,0.04938034120245598,0.02158445770097959,100.01981393914977,118.89287587656068,77980.3465337791,85255.45702777669,0.07870089292581765,0.08303622606957131,1.004195368186749,0.9648237075403981,0.9481839785768971,1.0274832592231253
